country,code,year,mcv1_pct,measles_cases,population,incidence_per_million
Afghanistan,AFG,1980,11.0,32455.0,13169313.0,2464.44
Afghanistan,AFG,1981,,31107.0,11937586.0,2605.8
Afghanistan,AFG,1982,8.0,20320.0,10991380.0,1848.72
Afghanistan,AFG,1983,9.0,18808.0,10917985.0,1722.66
Afghanistan,AFG,1984,14.0,16199.0,11190222.0,1447.6
Afghanistan,AFG,1985,14.0,14457.0,11426855.0,1265.18
Afghanistan,AFG,1986,14.0,8107.0,11420074.0,709.89
Afghanistan,AFG,1987,31.0,10357.0,11387822.0,909.48
Afghanistan,AFG,1988,34.0,4561.0,11523299.0,395.81
Afghanistan,AFG,1989,22.0,1170.0,11874089.0,98.53
Afghanistan,AFG,1990,20.0,1609.0,12045664.0,133.58
Afghanistan,AFG,1991,19.0,792.0,12238879.0,64.71
Afghanistan,AFG,1992,22.0,,13278983.0,
Afghanistan,AFG,1993,25.0,,14943175.0,
Afghanistan,AFG,1994,40.0,,16250800.0,
Afghanistan,AFG,1995,41.0,,17065837.0,
Afghanistan,AFG,1996,42.0,,17763266.0,
Afghanistan,AFG,1997,38.0,,18452100.0,
Afghanistan,AFG,1998,31.0,2205.0,19159996.0,115.08
Afghanistan,AFG,1999,31.0,3609.0,19887792.0,181.47
Afghanistan,AFG,2000,27.0,6532.0,20130334.0,324.49
Afghanistan,AFG,2001,37.0,8762.0,20284303.0,431.96
Afghanistan,AFG,2002,35.0,2486.0,21378123.0,116.29
Afghanistan,AFG,2003,39.0,798.0,22733053.0,35.1
Afghanistan,AFG,2004,48.0,466.0,23560656.0,19.78
Afghanistan,AFG,2005,50.0,1296.0,24404575.0,53.1
Afghanistan,AFG,2006,53.0,1990.0,25424100.0,78.27
Afghanistan,AFG,2007,55.0,1141.0,25909852.0,44.04
Afghanistan,AFG,2008,59.0,1599.0,26482631.0,60.38
Afghanistan,AFG,2009,60.0,2861.0,27466102.0,104.16
Afghanistan,AFG,2010,62.0,1989.0,28284088.0,70.32
Afghanistan,AFG,2011,64.0,3013.0,29347708.0,102.67
Afghanistan,AFG,2012,59.0,2787.0,30560036.0,91.2
Afghanistan,AFG,2013,57.0,430.0,31622709.0,13.6
Afghanistan,AFG,2014,60.0,492.0,32792528.0,15.0
Afghanistan,AFG,2015,62.0,1154.0,33831767.0,34.11
Afghanistan,AFG,2016,64.0,638.0,34700613.0,18.39
Afghanistan,AFG,2017,64.0,1511.0,35688941.0,42.34
Afghanistan,AFG,2018,66.0,2012.0,36743040.0,54.76
Afghanistan,AFG,2019,57.0,353.0,37856125.0,9.32
Afghanistan,AFG,2020,57.0,640.0,39068977.0,16.38
Afghanistan,AFG,2021,51.0,2900.0,40000410.0,72.5
Afghanistan,AFG,2022,56.0,5166.0,40578847.0,127.31
Afghanistan,AFG,2023,55.0,2792.0,41454762.0,67.35
Afghanistan,AFG,2024,55.0,9769.0,41454762.0,235.65
Africa,OWID_AFR,1980,8.788675,,482922202.0,
Africa,OWID_AFR,1981,13.584435,,497487390.0,
Africa,OWID_AFR,1982,16.1695,,512805436.0,
Africa,OWID_AFR,1983,22.506445,,528042881.0,
Africa,OWID_AFR,1984,27.358686,,543411002.0,
Africa,OWID_AFR,1985,37.62574,,559417482.0,
Africa,OWID_AFR,1986,43.977665,,575715653.0,
Africa,OWID_AFR,1987,48.090973,,592341398.0,
Africa,OWID_AFR,1988,53.309116,,609119477.0,
Africa,OWID_AFR,1989,58.952354,,626082685.0,
Africa,OWID_AFR,1990,60.099186,,643490587.0,
Africa,OWID_AFR,1991,57.623325,,660810865.0,
Africa,OWID_AFR,1992,54.89886,,678257033.0,
Africa,OWID_AFR,1993,55.636944,,696302246.0,
Africa,OWID_AFR,1994,58.456398,,714183914.0,
Africa,OWID_AFR,1995,58.0215,,732395090.0,
Africa,OWID_AFR,1996,58.00786,,751187001.0,
Africa,OWID_AFR,1997,57.545433,,770098458.0,
Africa,OWID_AFR,1998,55.333866,,789672411.0,
Africa,OWID_AFR,1999,53.57708,,809745318.0,
Africa,OWID_AFR,2000,54.72067,,830226481.0,
Africa,OWID_AFR,2001,56.288155,,851317075.0,
Africa,OWID_AFR,2002,57.418213,,873025213.0,
Africa,OWID_AFR,2003,59.886723,,895336412.0,
Africa,OWID_AFR,2004,62.025993,,918363272.0,
Africa,OWID_AFR,2005,63.863575,,942115143.0,
Africa,OWID_AFR,2006,66.37255,,966491337.0,
Africa,OWID_AFR,2007,67.29736,,991615906.0,
Africa,OWID_AFR,2008,69.403336,,1017632831.0,
Africa,OWID_AFR,2009,73.46289,,1044356804.0,
Africa,OWID_AFR,2010,73.391235,,1071809929.0,
Africa,OWID_AFR,2011,73.64224,,1099732995.0,
Africa,OWID_AFR,2012,72.30815,,1128396676.0,
Africa,OWID_AFR,2013,71.619995,,1158293959.0,
Africa,OWID_AFR,2014,71.328094,,1188685762.0,
Africa,OWID_AFR,2015,70.985695,,1219484027.0,
Africa,OWID_AFR,2016,71.4517,,1250551239.0,
Africa,OWID_AFR,2017,72.509415,,1282169538.0,
Africa,OWID_AFR,2018,72.629005,,1314609397.0,
Africa,OWID_AFR,2019,73.30112,,1347162538.0,
Africa,OWID_AFR,2020,71.99081,,1379939686.0,
Africa,OWID_AFR,2021,70.49194,,1412811077.0,
Africa,OWID_AFR,2022,69.95921,,1445862695.0,
Africa,OWID_AFR,2023,70.96246,,1479690254.0,
Africa (WHO),WHO_AFR,1980,6.0,1240993.0,,
Africa (WHO),WHO_AFR,1981,12.0,1413184.0,,
Africa (WHO),WHO_AFR,1982,14.0,1342685.0,,
Africa (WHO),WHO_AFR,1983,21.0,1346883.0,,
Africa (WHO),WHO_AFR,1984,26.0,1076106.0,,
Africa (WHO),WHO_AFR,1985,35.0,1142002.0,,
Africa (WHO),WHO_AFR,1986,42.0,676757.0,,
Africa (WHO),WHO_AFR,1987,45.0,641057.0,,
Africa (WHO),WHO_AFR,1988,50.0,604244.0,,
Africa (WHO),WHO_AFR,1989,56.0,561896.0,,
Africa (WHO),WHO_AFR,1990,57.0,481204.0,,
Africa (WHO),WHO_AFR,1991,54.0,446517.0,,
Africa (WHO),WHO_AFR,1992,51.0,581125.0,,
Africa (WHO),WHO_AFR,1993,52.0,395025.0,,
Africa (WHO),WHO_AFR,1994,56.0,420193.0,,
Africa (WHO),WHO_AFR,1995,55.0,362925.0,,
Africa (WHO),WHO_AFR,1996,54.0,484914.0,,
Africa (WHO),WHO_AFR,1997,54.0,299623.0,,
Africa (WHO),WHO_AFR,1998,51.0,373149.0,,
Africa (WHO),WHO_AFR,1999,49.0,486660.0,,
Africa (WHO),WHO_AFR,2000,50.0,520102.0,,
Africa (WHO),WHO_AFR,2001,53.0,491989.0,,
Africa (WHO),WHO_AFR,2002,54.0,288340.0,,
Africa (WHO),WHO_AFR,2003,57.0,403016.0,,
Africa (WHO),WHO_AFR,2004,59.0,220180.0,,
Africa (WHO),WHO_AFR,2005,61.0,316219.0,,
Africa (WHO),WHO_AFR,2006,64.0,99420.0,,
Africa (WHO),WHO_AFR,2007,65.0,76410.0,,
Africa (WHO),WHO_AFR,2008,68.0,37012.0,,
Africa (WHO),WHO_AFR,2009,72.0,83479.0,,
Africa (WHO),WHO_AFR,2010,71.0,199174.0,,
Africa (WHO),WHO_AFR,2011,71.0,195620.0,,
Africa (WHO),WHO_AFR,2012,70.0,108004.0,,
Africa (WHO),WHO_AFR,2013,69.0,171178.0,,
Africa (WHO),WHO_AFR,2014,69.0,73914.0,,
Africa (WHO),WHO_AFR,2015,68.0,52758.0,,
Africa (WHO),WHO_AFR,2016,68.0,36269.0,,
Africa (WHO),WHO_AFR,2017,70.0,72603.0,,
Africa (WHO),WHO_AFR,2018,70.0,125426.0,,
Africa (WHO),WHO_AFR,2019,71.0,618595.0,,
Africa (WHO),WHO_AFR,2020,70.0,115368.0,,
Africa (WHO),WHO_AFR,2021,68.0,88760.0,,
Africa (WHO),WHO_AFR,2022,67.0,97230.0,,
Africa (WHO),WHO_AFR,2023,70.0,424433.0,,
Africa (WHO),WHO_AFR,2024,71.0,396226.0,,
Albania,ALB,1980,90.0,,2735424.0,
Albania,ALB,1981,90.0,,2790413.0,
Albania,ALB,1982,93.0,3.0,2846910.0,1.05
Albania,ALB,1983,96.0,17.0,2905128.0,5.85
Albania,ALB,1984,96.0,0.0,2964961.0,0.0
Albania,ALB,1985,96.0,0.0,3026245.0,0.0
Albania,ALB,1986,96.0,0.0,3087658.0,0.0
Albania,ALB,1987,96.0,0.0,3148843.0,0.0
Albania,ALB,1988,96.0,0.0,3212924.0,0.0
Albania,ALB,1989,96.0,136034.0,3260369.0,41723.5
Albania,ALB,1990,88.0,,3277965.0,
Albania,ALB,1991,80.0,0.0,3282608.0,0.0
Albania,ALB,1992,87.0,0.0,3282506.0,0.0
Albania,ALB,1993,76.0,7.0,3277831.0,2.14
Albania,ALB,1994,90.0,29.0,3269417.0,8.87
Albania,ALB,1995,91.0,15.0,3258573.0,4.6
Albania,ALB,1996,92.0,1204.0,3245680.0,370.95
Albania,ALB,1997,95.0,2386.0,3229665.0,738.78
Albania,ALB,1998,89.0,1901.0,3210134.0,592.19
Albania,ALB,1999,85.0,797.0,3188598.0,249.95
Albania,ALB,2000,95.0,662.0,3166147.0,209.09
Albania,ALB,2001,95.0,18.0,3147943.0,5.72
Albania,ALB,2002,96.0,16.0,3134095.0,5.11
Albania,ALB,2003,93.0,8.0,3118093.0,2.57
Albania,ALB,2004,96.0,7.0,3098662.0,2.26
Albania,ALB,2005,97.0,6.0,3076156.0,1.95
Albania,ALB,2006,95.0,68.0,3050805.0,22.29
Albania,ALB,2007,97.0,22.0,3022887.0,7.28
Albania,ALB,2008,98.0,,2992933.0,
Albania,ALB,2009,97.0,0.0,2961487.0,0.0
Albania,ALB,2010,99.0,10.0,2928731.0,3.41
Albania,ALB,2011,99.0,28.0,2911499.0,9.62
Albania,ALB,2012,98.0,9.0,2910003.0,3.09
Albania,ALB,2013,99.0,0.0,2907571.0,0.0
Albania,ALB,2014,98.0,,2903748.0,
Albania,ALB,2015,97.0,,2898634.0,
Albania,ALB,2016,96.0,17.0,2897868.0,5.87
Albania,ALB,2017,96.0,12.0,2898245.0,4.14
Albania,ALB,2018,94.0,1469.0,2894229.0,507.56
Albania,ALB,2019,95.0,488.0,2885011.0,169.15
Albania,ALB,2020,91.0,4.0,2871950.0,1.39
Albania,ALB,2021,87.0,,2849641.0,
Albania,ALB,2022,86.0,1.0,2827614.0,0.35
Albania,ALB,2023,83.0,13.0,2811660.0,4.62
Albania,ALB,2024,81.0,212.0,2811660.0,75.4
Algeria,DZA,1980,,15527.0,18607175.0,834.46
Algeria,DZA,1981,,20849.0,19220708.0,1084.72
Algeria,DZA,1982,,29584.0,19872353.0,1488.7
Algeria,DZA,1983,,22126.0,20558120.0,1076.27
Algeria,DZA,1984,,22553.0,21271969.0,1060.22
Algeria,DZA,1985,68.0,20114.0,22008542.0,913.92
Algeria,DZA,1986,67.0,3975.0,22745501.0,174.76
Algeria,DZA,1987,73.0,2500.0,23443627.0,106.64
Algeria,DZA,1988,81.0,2634.0,24109538.0,109.25
Algeria,DZA,1989,82.0,4169.0,24754488.0,168.41
Algeria,DZA,1990,83.0,1796.0,25375815.0,70.78
Algeria,DZA,1991,85.0,5969.0,25987937.0,229.68
Algeria,DZA,1992,86.0,8823.0,26628570.0,331.34
Algeria,DZA,1993,87.0,3141.0,27277042.0,115.15
Algeria,DZA,1994,88.0,5913.0,27887277.0,212.03
Algeria,DZA,1995,89.0,8204.0,28470194.0,288.16
Algeria,DZA,1996,90.0,21003.0,29033045.0,723.42
Algeria,DZA,1997,92.0,19573.0,29579299.0,661.71
Algeria,DZA,1998,84.0,3301.0,30054135.0,109.84
Algeria,DZA,1999,83.0,2503.0,30474360.0,82.13
Algeria,DZA,2000,80.0,,30903894.0,
Algeria,DZA,2001,83.0,2686.0,31331226.0,85.73
Algeria,DZA,2002,81.0,5862.0,31750832.0,184.63
Algeria,DZA,2003,84.0,15374.0,32175813.0,477.81
Algeria,DZA,2004,81.0,3289.0,32628286.0,100.8
Algeria,DZA,2005,83.0,2302.0,33109258.0,69.53
Algeria,DZA,2006,91.0,944.0,33623505.0,28.08
Algeria,DZA,2007,92.0,0.0,34189420.0,0.0
Algeria,DZA,2008,88.0,217.0,34816963.0,6.23
Algeria,DZA,2009,92.0,107.0,35490442.0,3.01
Algeria,DZA,2010,95.0,103.0,36188237.0,2.85
Algeria,DZA,2011,95.0,112.0,36903374.0,3.03
Algeria,DZA,2012,95.0,18.0,37646165.0,0.48
Algeria,DZA,2013,95.0,25.0,38414176.0,0.65
Algeria,DZA,2014,95.0,0.0,39205035.0,0.0
Algeria,DZA,2015,95.0,63.0,40019528.0,1.57
Algeria,DZA,2016,94.0,41.0,40850719.0,1.0
Algeria,DZA,2017,88.0,112.0,41689302.0,2.69
Algeria,DZA,2018,80.0,3356.0,42505033.0,78.96
Algeria,DZA,2019,80.0,2585.0,43294551.0,59.71
Algeria,DZA,2020,80.0,,44042094.0,
Algeria,DZA,2021,79.0,,44761099.0,
Algeria,DZA,2022,79.0,47.0,45477391.0,1.03
Algeria,DZA,2023,99.0,203.0,46164222.0,4.4
Algeria,DZA,2024,94.0,488.0,46164222.0,10.57
American Samoa,ASM,1980,,16.0,32427.0,493.42
American Samoa,ASM,1981,,3.0,33606.0,89.27
American Samoa,ASM,1982,,2.0,34937.0,57.25
American Samoa,ASM,1983,,0.0,36291.0,0.0
American Samoa,ASM,1984,,0.0,37690.0,0.0
American Samoa,ASM,1985,,28.0,39128.0,715.6
American Samoa,ASM,1986,,2.0,40588.0,49.28
American Samoa,ASM,1987,,1.0,42095.0,23.76
American Samoa,ASM,1988,,3.0,43634.0,68.75
American Samoa,ASM,1989,,2.0,45207.0,44.24
American Samoa,ASM,1990,,498.0,46659.0,10673.18
American Samoa,ASM,1991,,19.0,47903.0,396.63
American Samoa,ASM,1992,,0.0,49054.0,0.0
American Samoa,ASM,1993,,0.0,50178.0,0.0
American Samoa,ASM,1994,,0.0,51273.0,0.0
American Samoa,ASM,1995,,0.0,52339.0,0.0
American Samoa,ASM,1996,,0.0,53378.0,0.0
American Samoa,ASM,1997,,12.0,54385.0,220.65
American Samoa,ASM,1998,,2.0,55354.0,36.13
American Samoa,ASM,1999,,0.0,56267.0,0.0
American Samoa,ASM,2000,,1.0,56877.0,17.58
American Samoa,ASM,2001,,0.0,57072.0,0.0
American Samoa,ASM,2004,,0.0,56841.0,0.0
American Samoa,ASM,2005,,0.0,56638.0,0.0
American Samoa,ASM,2007,,0.0,56134.0,0.0
American Samoa,ASM,2008,,0.0,55848.0,0.0
American Samoa,ASM,2011,,0.0,54917.0,0.0
Americas (WHO),WHO_AMR,1980,52.0,257790.0,,
Americas (WHO),WHO_AMR,1981,59.0,252378.0,,
Americas (WHO),WHO_AMR,1982,59.0,153746.0,,
Americas (WHO),WHO_AMR,1983,59.0,137410.0,,
Americas (WHO),WHO_AMR,1984,62.0,202758.0,,
Americas (WHO),WHO_AMR,1985,68.0,199744.0,,
Americas (WHO),WHO_AMR,1986,68.0,227452.0,,
Americas (WHO),WHO_AMR,1987,66.0,151396.0,,
Americas (WHO),WHO_AMR,1988,74.0,133244.0,,
Americas (WHO),WHO_AMR,1989,76.0,137417.0,,
Americas (WHO),WHO_AMR,1990,80.0,218579.0,,
Americas (WHO),WHO_AMR,1991,82.0,157602.0,,
Americas (WHO),WHO_AMR,1992,83.0,100741.0,,
Americas (WHO),WHO_AMR,1993,83.0,57400.0,,
Americas (WHO),WHO_AMR,1994,84.0,23784.0,,
Americas (WHO),WHO_AMR,1995,87.0,6478.0,,
Americas (WHO),WHO_AMR,1996,86.0,1910.0,,
Americas (WHO),WHO_AMR,1997,89.0,53567.0,,
Americas (WHO),WHO_AMR,1998,91.0,14330.0,,
Americas (WHO),WHO_AMR,1999,92.0,3209.0,,
Americas (WHO),WHO_AMR,2000,93.0,1754.0,,
Americas (WHO),WHO_AMR,2001,94.0,548.0,,
Americas (WHO),WHO_AMR,2002,93.0,2579.0,,
Americas (WHO),WHO_AMR,2003,94.0,119.0,,
Americas (WHO),WHO_AMR,2004,93.0,108.0,,
Americas (WHO),WHO_AMR,2005,92.0,85.0,,
Americas (WHO),WHO_AMR,2006,94.0,226.0,,
Americas (WHO),WHO_AMR,2007,93.0,176.0,,
Americas (WHO),WHO_AMR,2008,94.0,206.0,,
Americas (WHO),WHO_AMR,2009,93.0,89.0,,
Americas (WHO),WHO_AMR,2010,93.0,247.0,,
Americas (WHO),WHO_AMR,2011,94.0,1348.0,,
Americas (WHO),WHO_AMR,2012,94.0,143.0,,
Americas (WHO),WHO_AMR,2013,92.0,491.0,,
Americas (WHO),WHO_AMR,2014,93.0,1966.0,,
Americas (WHO),WHO_AMR,2015,93.0,611.0,,
Americas (WHO),WHO_AMR,2016,92.0,97.0,,
Americas (WHO),WHO_AMR,2017,88.0,895.0,,
Americas (WHO),WHO_AMR,2018,91.0,15713.0,,
Americas (WHO),WHO_AMR,2019,87.0,21971.0,,
Americas (WHO),WHO_AMR,2020,86.0,9996.0,,
Americas (WHO),WHO_AMR,2021,85.0,682.0,,
Americas (WHO),WHO_AMR,2022,84.0,47.0,,
Americas (WHO),WHO_AMR,2023,86.0,135.0,,
Americas (WHO),WHO_AMR,2024,88.0,165.0,,
Andorra,AND,1997,90.0,5.0,64722.0,77.25
Andorra,AND,1998,90.0,,65400.0,
Andorra,AND,1999,97.0,2.0,65732.0,30.43
Andorra,AND,2000,97.0,2.0,65703.0,30.44
Andorra,AND,2001,97.0,5.0,65874.0,75.9
Andorra,AND,2002,98.0,1.0,66528.0,15.03
Andorra,AND,2003,96.0,0.0,69507.0,0.0
Andorra,AND,2004,98.0,0.0,74342.0,0.0
Andorra,AND,2005,94.0,0.0,77436.0,0.0
Andorra,AND,2006,91.0,0.0,79609.0,0.0
Andorra,AND,2007,94.0,0.0,81901.0,0.0
Andorra,AND,2008,98.0,0.0,83513.0,0.0
Andorra,AND,2009,98.0,0.0,83907.0,0.0
Andorra,AND,2010,99.0,0.0,80727.0,0.0
Andorra,AND,2011,99.0,0.0,77801.0,0.0
Andorra,AND,2012,98.0,0.0,76858.0,0.0
Andorra,AND,2013,95.0,0.0,75220.0,0.0
Andorra,AND,2014,96.0,0.0,73755.0,0.0
Andorra,AND,2015,96.0,0.0,72195.0,0.0
Andorra,AND,2016,97.0,0.0,72197.0,0.0
Andorra,AND,2017,99.0,0.0,73780.0,0.0
Andorra,AND,2018,99.0,0.0,75181.0,0.0
Andorra,AND,2019,99.0,0.0,76492.0,0.0
Andorra,AND,2020,98.0,0.0,77397.0,0.0
Andorra,AND,2021,99.0,0.0,78379.0,0.0
Andorra,AND,2022,98.0,0.0,79722.0,0.0
Andorra,AND,2023,99.0,0.0,80869.0,0.0
Andorra,AND,2024,98.0,0.0,80869.0,0.0
Angola,AGO,1980,,29656.0,8133867.0,3645.99
Angola,AGO,1981,,19714.0,8435605.0,2337.0
Angola,AGO,1982,,30067.0,8751653.0,3435.58
Angola,AGO,1983,26.0,22589.0,9082985.0,2486.96
Angola,AGO,1984,35.0,22685.0,9425921.0,2406.66
Angola,AGO,1985,44.0,22822.0,9779125.0,2333.75
Angola,AGO,1986,44.0,15580.0,10139459.0,1536.57
Angola,AGO,1987,55.0,13368.0,10497863.0,1273.4
Angola,AGO,1988,56.0,21009.0,10861299.0,1934.3
Angola,AGO,1989,48.0,19820.0,11238562.0,1763.57
Angola,AGO,1990,38.0,29069.0,11626361.0,2500.27
Angola,AGO,1991,39.0,18382.0,12023532.0,1528.84
Angola,AGO,1992,39.0,16772.0,12423717.0,1350.0
Angola,AGO,1993,47.0,9273.0,12827136.0,722.92
Angola,AGO,1994,44.0,5480.0,13249763.0,413.59
Angola,AGO,1995,46.0,635.0,13699780.0,46.35
Angola,AGO,1996,62.0,251.0,14170973.0,17.71
Angola,AGO,1997,78.0,8183.0,14660419.0,558.17
Angola,AGO,1998,62.0,2576.0,15159378.0,169.93
Angola,AGO,1999,46.0,350.0,15667235.0,22.34
Angola,AGO,2000,41.0,2219.0,16194873.0,137.02
Angola,AGO,2001,72.0,9046.0,16747204.0,540.15
Angola,AGO,2002,74.0,11945.0,17327701.0,689.36
Angola,AGO,2003,62.0,1196.0,17943718.0,66.65
Angola,AGO,2004,64.0,29.0,18600426.0,1.56
Angola,AGO,2005,45.0,258.0,19291160.0,13.37
Angola,AGO,2006,48.0,765.0,20015281.0,38.22
Angola,AGO,2007,58.0,1014.0,20778570.0,48.8
Angola,AGO,2008,58.0,265.0,21578656.0,12.28
Angola,AGO,2009,58.0,2807.0,22414775.0,125.23
Angola,AGO,2010,59.0,1190.0,23294822.0,51.08
Angola,AGO,2011,59.0,1449.0,24218358.0,59.83
Angola,AGO,2012,59.0,4458.0,25177398.0,177.06
Angola,AGO,2013,59.0,8523.0,26165616.0,325.73
Angola,AGO,2014,56.0,11699.0,27160767.0,430.73
Angola,AGO,2015,52.0,119.0,28157802.0,4.23
Angola,AGO,2016,49.0,53.0,29183072.0,1.82
Angola,AGO,2017,47.0,29.0,30234836.0,0.96
Angola,AGO,2018,56.0,57.0,31297160.0,1.82
Angola,AGO,2019,59.0,2987.0,32375633.0,92.26
Angola,AGO,2020,54.0,1085.0,33451139.0,32.44
Angola,AGO,2021,48.0,300.0,34532427.0,8.69
Angola,AGO,2022,50.0,3271.0,35635028.0,91.79
Angola,AGO,2023,63.0,3508.0,36749909.0,95.46
Angola,AGO,2024,53.0,619.0,36749909.0,16.84
Anguilla,AIA,1980,,0.0,6612.0,0.0
Anguilla,AIA,1981,,0.0,6628.0,0.0
Anguilla,AIA,1982,,1.0,6653.0,150.31
Anguilla,AIA,1983,,0.0,6672.0,0.0
Anguilla,AIA,1984,,0.0,6764.0,0.0
Anguilla,AIA,1985,,0.0,6978.0,0.0
Anguilla,AIA,1986,,0.0,7245.0,0.0
Anguilla,AIA,1987,,0.0,7519.0,0.0
Anguilla,AIA,1988,,2.0,7807.0,256.18
Anguilla,AIA,1989,,7.0,8116.0,862.49
Anguilla,AIA,1990,,15.0,8422.0,1781.05
Anguilla,AIA,1991,,1.0,8728.0,114.57
Anguilla,AIA,1992,,0.0,9005.0,0.0
Anguilla,AIA,1993,,0.0,9252.0,0.0
Anguilla,AIA,1994,,0.0,9489.0,0.0
Anguilla,AIA,1995,,0.0,9738.0,0.0
Anguilla,AIA,1996,,0.0,10000.0,0.0
Anguilla,AIA,1997,,0.0,10278.0,0.0
Anguilla,AIA,1998,,0.0,10557.0,0.0
Anguilla,AIA,1999,,0.0,10864.0,0.0
Anguilla,AIA,2000,,0.0,11196.0,0.0
Anguilla,AIA,2001,,0.0,11497.0,0.0
Anguilla,AIA,2003,,0.0,11903.0,0.0
Anguilla,AIA,2017,,0.0,14450.0,0.0
Anguilla,AIA,2018,,0.0,14747.0,0.0
Anguilla,AIA,2019,,0.0,14845.0,0.0
Anguilla,AIA,2020,,0.0,14864.0,0.0
Anguilla,AIA,2021,,0.0,14503.0,0.0
Anguilla,AIA,2022,,0.0,14202.0,0.0
Anguilla,AIA,2023,,0.0,14435.0,0.0
Anguilla,AIA,2024,,0.0,14435.0,0.0
Antigua and Barbuda,ATG,1980,,2291.0,64531.0,35502.32
Antigua and Barbuda,ATG,1981,,247.0,64686.0,3818.45
Antigua and Barbuda,ATG,1982,,0.0,64802.0,0.0
Antigua and Barbuda,ATG,1983,48.0,10.0,64952.0,153.96
Antigua and Barbuda,ATG,1984,73.0,1.0,64899.0,15.41
Antigua and Barbuda,ATG,1985,69.0,1.0,64606.0,15.48
Antigua and Barbuda,ATG,1986,80.0,0.0,64292.0,0.0
Antigua and Barbuda,ATG,1987,89.0,0.0,63964.0,0.0
Antigua and Barbuda,ATG,1988,95.0,0.0,63641.0,0.0
Antigua and Barbuda,ATG,1989,95.0,0.0,63346.0,0.0
Antigua and Barbuda,ATG,1990,89.0,0.0,63087.0,0.0
Antigua and Barbuda,ATG,1991,87.0,0.0,63406.0,0.0
Antigua and Barbuda,ATG,1992,99.0,0.0,64422.0,0.0
Antigua and Barbuda,ATG,1993,99.0,0.0,65601.0,0.0
Antigua and Barbuda,ATG,1994,91.0,0.0,66860.0,0.0
Antigua and Barbuda,ATG,1995,93.0,0.0,68210.0,0.0
Antigua and Barbuda,ATG,1996,99.0,0.0,69629.0,0.0
Antigua and Barbuda,ATG,1997,93.0,0.0,71071.0,0.0
Antigua and Barbuda,ATG,1998,99.0,0.0,72430.0,0.0
Antigua and Barbuda,ATG,1999,99.0,0.0,73681.0,0.0
Antigua and Barbuda,ATG,2000,95.0,0.0,74929.0,0.0
Antigua and Barbuda,ATG,2001,97.0,0.0,76082.0,0.0
Antigua and Barbuda,ATG,2002,99.0,0.0,77049.0,0.0
Antigua and Barbuda,ATG,2003,99.0,0.0,77896.0,0.0
Antigua and Barbuda,ATG,2004,97.0,0.0,78734.0,0.0
Antigua and Barbuda,ATG,2005,99.0,0.0,79628.0,0.0
Antigua and Barbuda,ATG,2006,99.0,0.0,80619.0,0.0
Antigua and Barbuda,ATG,2007,99.0,0.0,81716.0,0.0
Antigua and Barbuda,ATG,2008,99.0,0.0,82926.0,0.0
Antigua and Barbuda,ATG,2009,99.0,0.0,84193.0,0.0
Antigua and Barbuda,ATG,2010,98.0,0.0,85337.0,0.0
Antigua and Barbuda,ATG,2011,99.0,0.0,86350.0,0.0
Antigua and Barbuda,ATG,2012,98.0,0.0,87275.0,0.0
Antigua and Barbuda,ATG,2013,96.0,0.0,88074.0,0.0
Antigua and Barbuda,ATG,2014,93.0,0.0,88784.0,0.0
Antigua and Barbuda,ATG,2015,91.0,0.0,89421.0,0.0
Antigua and Barbuda,ATG,2016,88.0,0.0,89980.0,0.0
Antigua and Barbuda,ATG,2017,99.0,0.0,90483.0,0.0
Antigua and Barbuda,ATG,2018,96.0,1.0,90942.0,11.0
Antigua and Barbuda,ATG,2019,97.0,0.0,91377.0,0.0
Antigua and Barbuda,ATG,2020,89.0,0.0,91864.0,0.0
Antigua and Barbuda,ATG,2021,85.0,0.0,92358.0,0.0
Antigua and Barbuda,ATG,2022,99.0,0.0,92850.0,0.0
Antigua and Barbuda,ATG,2023,94.0,0.0,93331.0,0.0
Antigua and Barbuda,ATG,2024,97.0,0.0,93331.0,0.0
Argentina,ARG,1980,61.0,16102.0,28011597.0,574.83
Argentina,ARG,1981,77.0,17582.0,28463956.0,617.69
Argentina,ARG,1982,67.0,4432.0,28924268.0,153.23
Argentina,ARG,1983,67.0,7106.0,29391334.0,241.77
Argentina,ARG,1984,79.0,31751.0,29863090.0,1063.22
Argentina,ARG,1985,54.0,9240.0,30336448.0,304.58
Argentina,ARG,1986,87.0,6448.0,30811982.0,209.27
Argentina,ARG,1987,80.0,8024.0,31291764.0,256.43
Argentina,ARG,1988,87.0,4751.0,31780534.0,149.49
Argentina,ARG,1989,89.0,4009.0,32270958.0,124.23
Argentina,ARG,1990,93.0,1967.0,32755907.0,60.05
Argentina,ARG,1991,99.0,42093.0,33230293.0,1266.71
Argentina,ARG,1992,92.0,20551.0,33693532.0,609.94
Argentina,ARG,1993,95.0,5087.0,34152719.0,148.95
Argentina,ARG,1994,96.0,134.0,34613492.0,3.87
Argentina,ARG,1995,99.0,655.0,35070016.0,18.68
Argentina,ARG,1996,99.0,59.0,35513795.0,1.66
Argentina,ARG,1997,93.0,125.0,35947790.0,3.48
Argentina,ARG,1998,95.0,10229.0,36372862.0,281.23
Argentina,ARG,1999,97.0,313.0,36794687.0,8.51
Argentina,ARG,2000,91.0,6.0,37213986.0,0.16
Argentina,ARG,2001,89.0,0.0,37624817.0,0.0
Argentina,ARG,2002,95.0,0.0,38029345.0,0.0
Argentina,ARG,2003,97.0,0.0,38424283.0,0.0
Argentina,ARG,2004,99.0,0.0,38815915.0,0.0
Argentina,ARG,2005,98.0,0.0,39216786.0,0.0
Argentina,ARG,2006,97.0,0.0,39622113.0,0.0
Argentina,ARG,2007,94.0,0.0,40016767.0,0.0
Argentina,ARG,2008,96.0,0.0,40424151.0,0.0
Argentina,ARG,2009,96.0,3.0,40854832.0,0.07
Argentina,ARG,2010,95.0,17.0,41288694.0,0.41
Argentina,ARG,2011,95.0,3.0,41730655.0,0.07
Argentina,ARG,2012,94.0,2.0,42161718.0,0.05
Argentina,ARG,2013,94.0,0.0,42582453.0,0.0
Argentina,ARG,2014,95.0,1.0,43024071.0,0.02
Argentina,ARG,2015,89.0,0.0,43477011.0,0.0
Argentina,ARG,2016,90.0,0.0,43900312.0,0.0
Argentina,ARG,2017,90.0,3.0,44288898.0,0.07
Argentina,ARG,2018,94.0,14.0,44654876.0,0.31
Argentina,ARG,2019,86.0,130.0,44973469.0,2.89
Argentina,ARG,2020,77.0,69.0,45191960.0,1.53
Argentina,ARG,2021,86.0,0.0,45312282.0,0.0
Argentina,ARG,2022,85.0,2.0,45407904.0,0.04
Argentina,ARG,2023,80.0,0.0,45538402.0,0.0
Argentina,ARG,2024,82.0,,45538402.0,
Armenia,ARM,1990,,879.0,3552130.0,247.46
Armenia,ARM,1991,,192.0,3613978.0,53.13
Armenia,ARM,1992,93.0,46.0,3571870.0,12.88
Armenia,ARM,1993,95.0,338.0,3453339.0,97.88
Armenia,ARM,1994,95.0,149.0,3364620.0,44.28
Armenia,ARM,1995,96.0,187.0,3307586.0,56.54
Armenia,ARM,1996,89.0,2027.0,3278738.0,618.23
Armenia,ARM,1997,92.0,802.0,3246292.0,247.05
Armenia,ARM,1998,94.0,52.0,3208399.0,16.21
Armenia,ARM,1999,92.0,41.0,3167282.0,12.94
Armenia,ARM,2000,92.0,15.0,3125630.0,4.8
Armenia,ARM,2001,93.0,69.0,3084350.0,22.37
Armenia,ARM,2002,91.0,40.0,3055636.0,13.09
Armenia,ARM,2003,94.0,4.0,3038976.0,1.32
Armenia,ARM,2004,92.0,1783.0,3022544.0,589.9
Armenia,ARM,2005,94.0,2281.0,3006360.0,758.72
Armenia,ARM,2006,92.0,137.0,2990371.0,45.81
Armenia,ARM,2007,92.0,1.0,2974825.0,0.34
Armenia,ARM,2008,94.0,0.0,2959996.0,0.0
Armenia,ARM,2009,96.0,0.0,2945518.0,0.0
Armenia,ARM,2010,97.0,2.0,2931083.0,0.68
Armenia,ARM,2011,97.0,0.0,2923269.0,0.0
Armenia,ARM,2012,97.0,0.0,2922529.0,0.0
Armenia,ARM,2013,97.0,10.0,2922526.0,3.42
Armenia,ARM,2014,97.0,13.0,2922433.0,4.45
Armenia,ARM,2015,97.0,33.0,2921179.0,11.3
Armenia,ARM,2016,97.0,2.0,2918796.0,0.69
Armenia,ARM,2017,96.0,1.0,2914966.0,0.34
Armenia,ARM,2018,95.0,19.0,2909971.0,6.53
Armenia,ARM,2019,95.0,7.0,2903975.0,2.41
Armenia,ARM,2020,94.0,0.0,2890893.0,0.0
Armenia,ARM,2021,94.0,0.0,2870339.0,0.0
Armenia,ARM,2022,95.0,0.0,2880880.0,0.0
Armenia,ARM,2023,96.0,554.0,2943398.0,188.22
Armenia,ARM,2024,96.0,561.0,2943398.0,190.6
Aruba,ABW,2017,,0.0,105737.0,0.0
Aruba,ABW,2018,,0.0,106447.0,0.0
Aruba,ABW,2019,,1.0,107089.0,9.34
Aruba,ABW,2021,,0.0,107565.0,0.0
Aruba,ABW,2022,,0.0,107792.0,0.0
Aruba,ABW,2024,,0.0,107792.0,0.0
Asia,OWID_ASI,1980,3.8205335,,2631643580.0,
Asia,OWID_ASI,1981,4.483513,,2683999130.0,
Asia,OWID_ASI,1982,5.3551435,,2738669570.0,
Asia,OWID_ASI,1983,30.324783,,2794057018.0,
Asia,OWID_ASI,1984,34.029938,,2849479886.0,
Asia,OWID_ASI,1985,38.087414,,2906232641.0,
Asia,OWID_ASI,1986,36.875126,,2964898217.0,
Asia,OWID_ASI,1987,47.19247,,3025641753.0,
Asia,OWID_ASI,1988,58.71453,,3086642989.0,
Asia,OWID_ASI,1989,64.98115,,3147693773.0,
Asia,OWID_ASI,1990,71.98526,,3209094423.0,
Asia,OWID_ASI,1991,66.407585,,3268207608.0,
Asia,OWID_ASI,1992,68.91477,,3324812378.0,
Asia,OWID_ASI,1993,69.66521,,3380039932.0,
Asia,OWID_ASI,1994,71.13605,,3433680236.0,
Asia,OWID_ASI,1995,73.70645,,3486817949.0,
Asia,OWID_ASI,1996,73.67052,,3539849816.0,
Asia,OWID_ASI,1997,69.70627,,3592367920.0,
Asia,OWID_ASI,1998,69.295364,,3644341780.0,
Asia,OWID_ASI,1999,70.85432,,3695620583.0,
Asia,OWID_ASI,2000,70.86882,,3746832777.0,
Asia,OWID_ASI,2001,71.857834,,3797954107.0,
Asia,OWID_ASI,2002,70.892525,,3847359674.0,
Asia,OWID_ASI,2003,72.64676,,3895799439.0,
Asia,OWID_ASI,2004,75.37893,,3944378395.0,
Asia,OWID_ASI,2005,77.25862,,3992890580.0,
Asia,OWID_ASI,2006,78.96736,,4041771416.0,
Asia,OWID_ASI,2007,79.39646,,4090564345.0,
Asia,OWID_ASI,2008,81.29346,,4139267468.0,
Asia,OWID_ASI,2009,84.06166,,4188829464.0,
Asia,OWID_ASI,2010,85.56701,,4238694946.0,
Asia,OWID_ASI,2011,86.73629,,4288350005.0,
Asia,OWID_ASI,2012,86.13617,,4338443538.0,
Asia,OWID_ASI,2013,87.10153,,4387757369.0,
Asia,OWID_ASI,2014,87.973175,,4435744576.0,
Asia,OWID_ASI,2015,89.07358,,4482088489.0,
Asia,OWID_ASI,2016,89.80111,,4527178153.0,
Asia,OWID_ASI,2017,90.482544,,4571224645.0,
Asia,OWID_ASI,2018,91.79996,,4612352852.0,
Asia,OWID_ASI,2019,92.1312,,4651098724.0,
Asia,OWID_ASI,2020,89.190605,,4686811214.0,
Asia,OWID_ASI,2021,87.02089,,4716999164.0,
Asia,OWID_ASI,2022,91.1721,,4746329727.0,
Asia,OWID_ASI,2023,89.16954,,4776659631.0,
Australia,AUS,1980,,,14721345.0,
Australia,AUS,1981,,,14949210.0,
Australia,AUS,1982,,,15192484.0,
Australia,AUS,1983,68.0,,15414891.0,
Australia,AUS,1984,68.0,,15620653.0,
Australia,AUS,1985,68.0,,15835743.0,
Australia,AUS,1986,68.0,,16069631.0,
Australia,AUS,1987,68.0,,16322272.0,
Australia,AUS,1988,77.0,248.0,16594104.0,14.95
Australia,AUS,1989,85.0,169.0,16869362.0,10.02
Australia,AUS,1990,86.0,880.0,17126304.0,51.38
Australia,AUS,1991,86.0,1380.0,17353191.0,79.52
Australia,AUS,1992,86.0,1425.0,17549286.0,81.2
Australia,AUS,1993,86.0,4536.0,17722905.0,255.94
Australia,AUS,1994,86.0,4895.0,17897433.0,273.5
Australia,AUS,1995,87.0,1198.0,18095340.0,66.2
Australia,AUS,1996,87.0,498.0,18305305.0,27.21
Australia,AUS,1997,85.0,853.0,18504911.0,46.1
Australia,AUS,1998,82.0,327.0,18701710.0,17.49
Australia,AUS,1999,88.0,235.0,18909980.0,12.43
Australia,AUS,2000,91.0,108.0,19132472.0,5.64
Australia,AUS,2001,92.0,141.0,19365438.0,7.28
Australia,AUS,2002,94.0,32.0,19595356.0,1.63
Australia,AUS,2003,94.0,91.0,19819449.0,4.59
Australia,AUS,2004,94.0,70.0,20046679.0,3.49
Australia,AUS,2005,94.0,10.0,20294490.0,0.49
Australia,AUS,2006,94.0,,20590566.0,
Australia,AUS,2007,94.0,11.0,20954545.0,0.52
Australia,AUS,2008,94.0,65.0,21370595.0,3.04
Australia,AUS,2009,94.0,104.0,21783014.0,4.77
Australia,AUS,2010,94.0,70.0,22141583.0,3.16
Australia,AUS,2011,94.0,190.0,22479779.0,8.45
Australia,AUS,2012,94.0,199.0,22852648.0,8.71
Australia,AUS,2013,94.0,158.0,23236271.0,6.8
Australia,AUS,2014,94.0,340.0,23595599.0,14.41
Australia,AUS,2015,95.0,74.0,23947997.0,3.09
Australia,AUS,2016,95.0,99.0,24329963.0,4.07
Australia,AUS,2017,94.0,81.0,24731044.0,3.28
Australia,AUS,2018,94.0,103.0,25119700.0,4.1
Australia,AUS,2019,94.0,286.0,25482714.0,11.22
Australia,AUS,2020,93.0,25.0,25743787.0,0.97
Australia,AUS,2021,93.0,0.0,25956417.0,0.0
Australia,AUS,2022,96.0,7.0,26200987.0,0.27
Australia,AUS,2023,91.0,26.0,26451126.0,0.98
Australia,AUS,2024,91.0,57.0,26451126.0,2.15
Austria,AUT,1980,,,7548407.0,
Austria,AUT,1981,25.0,,7567550.0,
Austria,AUT,1982,25.0,,7573078.0,
Austria,AUT,1983,25.0,,7561166.0,
Austria,AUT,1984,30.0,,7560715.0,
Austria,AUT,1985,40.0,,7564310.0,
Austria,AUT,1986,60.0,,7569397.0,
Austria,AUT,1987,60.0,,7574314.0,
Austria,AUT,1988,60.0,,7585346.0,
Austria,AUT,1989,60.0,,7620405.0,
Austria,AUT,1990,60.0,,7679627.0,
Austria,AUT,1991,60.0,,7757140.0,
Austria,AUT,1992,60.0,,7842715.0,
Austria,AUT,1993,60.0,60.0,7907492.0,7.59
Austria,AUT,1994,60.0,,7938157.0,
Austria,AUT,1995,60.0,,7950322.0,
Austria,AUT,1996,87.0,,7960917.0,
Austria,AUT,1997,90.0,0.0,7969804.0,0.0
Austria,AUT,1998,78.0,0.0,7978465.0,0.0
Austria,AUT,1999,65.0,1.0,7993894.0,0.13
Austria,AUT,2000,75.0,,8012929.0,
Austria,AUT,2001,79.0,0.0,8042233.0,0.0
Austria,AUT,2002,78.0,,8081640.0,
Austria,AUT,2003,79.0,90.0,8122604.0,11.08
Austria,AUT,2004,74.0,15.0,8173496.0,1.84
Austria,AUT,2005,75.0,9.0,8229204.0,1.09
Austria,AUT,2006,80.0,23.0,8269901.0,2.78
Austria,AUT,2007,79.0,20.0,8296948.0,2.41
Austria,AUT,2008,83.0,448.0,8323250.0,53.83
Austria,AUT,2009,76.0,49.0,8345073.0,5.87
Austria,AUT,2010,80.0,52.0,8365087.0,6.22
Austria,AUT,2011,84.0,68.0,8393272.0,8.1
Austria,AUT,2012,88.0,36.0,8431599.0,4.27
Austria,AUT,2013,92.0,,8481411.0,
Austria,AUT,2014,96.0,117.0,8547812.0,13.69
Austria,AUT,2015,96.0,309.0,8644037.0,35.75
Austria,AUT,2016,95.0,27.0,8737920.0,3.09
Austria,AUT,2017,96.0,95.0,8798779.0,10.8
Austria,AUT,2018,94.0,77.0,8841653.0,8.71
Austria,AUT,2019,95.0,151.0,8880876.0,17.0
Austria,AUT,2020,95.0,25.0,8921402.0,2.8
Austria,AUT,2021,99.0,1.0,8967053.0,0.11
Austria,AUT,2022,95.0,1.0,9064678.0,0.11
Austria,AUT,2023,90.0,186.0,9130434.0,20.37
Austria,AUT,2024,90.0,542.0,9130434.0,59.36
Azerbaijan,AZE,1990,,2026.0,7231084.0,280.18
Azerbaijan,AZE,1991,,6122.0,7314317.0,836.99
Azerbaijan,AZE,1992,52.0,535.0,7405781.0,72.24
Azerbaijan,AZE,1993,49.0,1321.0,7504119.0,176.04
Azerbaijan,AZE,1994,60.0,6478.0,7608894.0,851.37
Azerbaijan,AZE,1995,64.0,474.0,7719283.0,61.4
Azerbaijan,AZE,1996,65.0,151.0,7830981.0,19.28
Azerbaijan,AZE,1997,66.0,678.0,7936220.0,85.43
Azerbaijan,AZE,1998,67.0,2891.0,8025808.0,360.21
Azerbaijan,AZE,1999,68.0,1081.0,8100472.0,133.45
Azerbaijan,AZE,2000,67.0,210.0,8174784.0,25.69
Azerbaijan,AZE,2001,68.0,574.0,8251776.0,69.56
Azerbaijan,AZE,2002,66.0,4353.0,8326141.0,522.81
Azerbaijan,AZE,2003,67.0,1978.0,8400528.0,235.46
Azerbaijan,AZE,2004,67.0,827.0,8489874.0,97.41
Azerbaijan,AZE,2005,67.0,1238.0,8597248.0,144.0
Azerbaijan,AZE,2006,69.0,222.0,8711380.0,25.48
Azerbaijan,AZE,2007,75.0,0.0,8828313.0,0.0
Azerbaijan,AZE,2008,79.0,5.0,8942637.0,0.56
Azerbaijan,AZE,2009,85.0,,9046336.0,
Azerbaijan,AZE,2010,89.0,0.0,9146852.0,0.0
Azerbaijan,AZE,2011,88.0,0.0,9256156.0,0.0
Azerbaijan,AZE,2012,86.0,0.0,9376179.0,0.0
Azerbaijan,AZE,2013,86.0,164.0,9504417.0,17.26
Azerbaijan,AZE,2014,85.0,0.0,9631136.0,0.0
Azerbaijan,AZE,2015,84.0,0.0,9752859.0,0.0
Azerbaijan,AZE,2016,81.0,0.0,9868434.0,0.0
Azerbaijan,AZE,2017,80.0,0.0,9968510.0,0.0
Azerbaijan,AZE,2018,77.0,55.0,10039782.0,5.48
Azerbaijan,AZE,2019,78.0,281.0,10110483.0,27.79
Azerbaijan,AZE,2020,61.0,2.0,10181736.0,0.2
Azerbaijan,AZE,2021,66.0,0.0,10234372.0,0.0
Azerbaijan,AZE,2022,71.0,1.0,10295307.0,0.1
Azerbaijan,AZE,2023,71.0,13207.0,10318209.0,1279.97
Azerbaijan,AZE,2024,71.0,18584.0,10318209.0,1801.09
Bahamas,BHS,1980,,484.0,232540.0,2081.36
Bahamas,BHS,1981,,45.0,236626.0,190.17
Bahamas,BHS,1982,65.0,50.0,240624.0,207.79
Bahamas,BHS,1983,66.0,2868.0,244718.0,11719.61
Bahamas,BHS,1984,63.0,36.0,248879.0,144.65
Bahamas,BHS,1985,79.0,26.0,253169.0,102.7
Bahamas,BHS,1986,85.0,85.0,257547.0,330.04
Bahamas,BHS,1987,87.0,42.0,261947.0,160.34
Bahamas,BHS,1988,78.0,22.0,266457.0,82.56
Bahamas,BHS,1989,87.0,59.0,271187.0,217.56
Bahamas,BHS,1990,86.0,72.0,275954.0,260.91
Bahamas,BHS,1991,93.0,0.0,280745.0,0.0
Bahamas,BHS,1992,94.0,0.0,285938.0,0.0
Bahamas,BHS,1993,88.0,0.0,291350.0,0.0
Bahamas,BHS,1994,88.0,0.0,296519.0,0.0
Bahamas,BHS,1995,90.0,0.0,301471.0,0.0
Bahamas,BHS,1996,92.0,0.0,306281.0,0.0
Bahamas,BHS,1997,93.0,1.0,310914.0,3.22
Bahamas,BHS,1998,92.0,0.0,315376.0,0.0
Bahamas,BHS,1999,86.0,0.0,319623.0,0.0
Bahamas,BHS,2000,93.0,0.0,323846.0,0.0
Bahamas,BHS,2001,94.0,0.0,327847.0,0.0
Bahamas,BHS,2002,94.0,0.0,331625.0,0.0
Bahamas,BHS,2003,90.0,0.0,335625.0,0.0
Bahamas,BHS,2004,89.0,0.0,339794.0,0.0
Bahamas,BHS,2005,85.0,0.0,343905.0,0.0
Bahamas,BHS,2006,88.0,0.0,348386.0,0.0
Bahamas,BHS,2007,96.0,0.0,353343.0,0.0
Bahamas,BHS,2008,90.0,0.0,358133.0,0.0
Bahamas,BHS,2009,98.0,0.0,362806.0,0.0
Bahamas,BHS,2010,94.0,0.0,367482.0,0.0
Bahamas,BHS,2011,90.0,0.0,371738.0,0.0
Bahamas,BHS,2012,91.0,0.0,375474.0,0.0
Bahamas,BHS,2013,92.0,0.0,378957.0,0.0
Bahamas,BHS,2014,92.0,0.0,382312.0,0.0
Bahamas,BHS,2015,94.0,0.0,385355.0,0.0
Bahamas,BHS,2016,89.0,0.0,388060.0,0.0
Bahamas,BHS,2017,90.0,0.0,390496.0,0.0
Bahamas,BHS,2018,89.0,0.0,392718.0,0.0
Bahamas,BHS,2019,83.0,3.0,394684.0,7.6
Bahamas,BHS,2020,87.0,0.0,395874.0,0.0
Bahamas,BHS,2021,82.0,0.0,396381.0,0.0
Bahamas,BHS,2022,80.0,0.0,397542.0,0.0
Bahamas,BHS,2023,86.0,0.0,399452.0,0.0
Bahamas,BHS,2024,86.0,0.0,399452.0,0.0
Bahrain,BHR,1980,45.0,1861.0,358990.0,5183.99
Bahrain,BHR,1981,50.0,329.0,373534.0,880.78
Bahrain,BHR,1982,54.0,1147.0,386992.0,2963.89
Bahrain,BHR,1983,59.0,438.0,400721.0,1093.03
Bahrain,BHR,1984,65.0,1134.0,415164.0,2731.45
Bahrain,BHR,1985,78.0,1910.0,430365.0,4438.09
Bahrain,BHR,1986,78.0,97.0,446290.0,217.35
Bahrain,BHR,1987,78.0,22.0,462862.0,47.53
Bahrain,BHR,1988,78.0,5.0,479931.0,10.42
Bahrain,BHR,1989,85.0,181.0,497329.0,363.94
Bahrain,BHR,1990,87.0,59.0,514799.0,114.61
Bahrain,BHR,1991,88.0,7.0,531883.0,13.16
Bahrain,BHR,1992,87.0,12.0,547753.0,21.91
Bahrain,BHR,1993,90.0,2.0,562820.0,3.55
Bahrain,BHR,1994,93.0,0.0,577960.0,0.0
Bahrain,BHR,1995,95.0,3.0,593230.0,5.06
Bahrain,BHR,1996,95.0,74.0,608593.0,121.59
Bahrain,BHR,1997,94.0,4.0,624019.0,6.41
Bahrain,BHR,1998,99.0,4.0,639391.0,6.26
Bahrain,BHR,1999,94.0,38.0,654622.0,58.05
Bahrain,BHR,2000,98.0,6.0,669589.0,8.96
Bahrain,BHR,2001,98.0,5.0,699964.0,7.14
Bahrain,BHR,2002,99.0,8.0,752205.0,10.64
Bahrain,BHR,2003,99.0,12.0,811276.0,14.79
Bahrain,BHR,2004,99.0,11.0,871446.0,12.62
Bahrain,BHR,2005,99.0,4.0,932618.0,4.29
Bahrain,BHR,2006,99.0,3.0,994626.0,3.02
Bahrain,BHR,2007,99.0,7.0,1057419.0,6.62
Bahrain,BHR,2008,99.0,2.0,1120718.0,1.78
Bahrain,BHR,2009,99.0,3.0,1183616.0,2.53
Bahrain,BHR,2010,99.0,0.0,1213248.0,0.0
Bahrain,BHR,2011,99.0,0.0,1206733.0,0.0
Bahrain,BHR,2012,99.0,0.0,1216307.0,0.0
Bahrain,BHR,2013,99.0,,1257206.0,
Bahrain,BHR,2014,99.0,46.0,1312857.0,35.04
Bahrain,BHR,2015,99.0,0.0,1369656.0,0.0
Bahrain,BHR,2016,99.0,0.0,1429609.0,0.0
Bahrain,BHR,2017,99.0,0.0,1482003.0,0.0
Bahrain,BHR,2018,99.0,0.0,1497634.0,0.0
Bahrain,BHR,2019,99.0,3.0,1485675.0,2.02
Bahrain,BHR,2020,99.0,0.0,1483081.0,0.0
Bahrain,BHR,2021,99.0,0.0,1501762.0,0.0
Bahrain,BHR,2022,99.0,18.0,1533460.0,11.74
Bahrain,BHR,2023,99.0,3.0,1569674.0,1.91
Bahrain,BHR,2024,99.0,2.0,1569674.0,1.27
Bangladesh,BGD,1980,,11077.0,88016435.0,125.85
Bangladesh,BGD,1981,,10441.0,90303104.0,115.62
Bangladesh,BGD,1982,1.0,18116.0,92814506.0,195.19
Bangladesh,BGD,1983,1.0,9569.0,95335162.0,100.37
Bangladesh,BGD,1984,1.0,11851.0,97814965.0,121.16
Bangladesh,BGD,1985,1.0,11699.0,100253825.0,116.69
Bangladesh,BGD,1986,3.0,14352.0,102635569.0,139.83
Bangladesh,BGD,1987,6.0,13631.0,104959291.0,129.87
Bangladesh,BGD,1988,13.0,11471.0,107216011.0,106.99
Bangladesh,BGD,1989,53.0,27327.0,109433805.0,249.71
Bangladesh,BGD,1990,65.0,1705.0,111633722.0,15.27
Bangladesh,BGD,1991,68.0,9292.0,113787112.0,81.66
Bangladesh,BGD,1992,69.0,5768.0,115952198.0,49.74
Bangladesh,BGD,1993,74.0,5443.0,118132363.0,46.08
Bangladesh,BGD,1994,78.0,9571.0,120343183.0,79.53
Bangladesh,BGD,1995,79.0,4995.0,122600372.0,40.74
Bangladesh,BGD,1996,69.0,4929.0,124862185.0,39.48
Bangladesh,BGD,1997,72.0,10329.0,127198070.0,81.2
Bangladesh,BGD,1998,71.0,6522.0,129622332.0,50.32
Bangladesh,BGD,1999,71.0,5666.0,132108065.0,42.89
Bangladesh,BGD,2000,74.0,5098.0,134544303.0,37.89
Bangladesh,BGD,2001,77.0,4414.0,136805810.0,32.26
Bangladesh,BGD,2002,75.0,3484.0,138933659.0,25.08
Bangladesh,BGD,2003,76.0,4067.0,140970355.0,28.85
Bangladesh,BGD,2004,81.0,9743.0,142902857.0,68.18
Bangladesh,BGD,2005,88.0,25934.0,144715789.0,179.21
Bangladesh,BGD,2006,83.0,6192.0,146405983.0,42.29
Bangladesh,BGD,2007,89.0,2924.0,147989282.0,19.76
Bangladesh,BGD,2008,92.0,2660.0,149474264.0,17.8
Bangladesh,BGD,2009,93.0,718.0,150873716.0,4.76
Bangladesh,BGD,2010,88.0,788.0,152201978.0,5.18
Bangladesh,BGD,2011,93.0,5625.0,153591074.0,36.62
Bangladesh,BGD,2012,88.0,1986.0,155070110.0,12.81
Bangladesh,BGD,2013,91.0,237.0,156532134.0,1.51
Bangladesh,BGD,2014,94.0,289.0,157964931.0,1.83
Bangladesh,BGD,2015,97.0,240.0,159383179.0,1.51
Bangladesh,BGD,2016,97.0,972.0,160811934.0,6.04
Bangladesh,BGD,2017,97.0,4001.0,162186146.0,24.67
Bangladesh,BGD,2018,97.0,2263.0,163523109.0,13.84
Bangladesh,BGD,2019,97.0,5827.0,164913060.0,35.33
Bangladesh,BGD,2020,97.0,2410.0,166298024.0,14.49
Bangladesh,BGD,2021,97.0,203.0,167658855.0,1.21
Bangladesh,BGD,2022,96.0,311.0,169384891.0,1.84
Bangladesh,BGD,2023,96.0,281.0,171466986.0,1.64
Bangladesh,BGD,2024,96.0,247.0,171466986.0,1.44
Barbados,BRB,1980,41.0,27.0,251533.0,107.34
Barbados,BRB,1981,47.0,41.0,252274.0,162.52
Barbados,BRB,1982,53.0,6.0,253098.0,23.71
Barbados,BRB,1983,55.0,6.0,253993.0,23.62
Barbados,BRB,1984,84.0,5.0,254930.0,19.61
Barbados,BRB,1985,88.0,7.0,255831.0,27.36
Barbados,BRB,1986,84.0,2.0,256628.0,7.79
Barbados,BRB,1987,85.0,2.0,257288.0,7.77
Barbados,BRB,1988,84.0,1.0,257768.0,3.88
Barbados,BRB,1989,85.0,2.0,258113.0,7.75
Barbados,BRB,1990,87.0,51.0,258583.0,197.23
Barbados,BRB,1991,92.0,2.0,259382.0,7.71
Barbados,BRB,1992,90.0,0.0,260272.0,0.0
Barbados,BRB,1993,92.0,0.0,261036.0,0.0
Barbados,BRB,1994,97.0,0.0,261625.0,0.0
Barbados,BRB,1995,92.0,0.0,262046.0,0.0
Barbados,BRB,1996,99.0,0.0,262290.0,0.0
Barbados,BRB,1997,92.0,0.0,262405.0,0.0
Barbados,BRB,1998,97.0,0.0,262434.0,0.0
Barbados,BRB,1999,86.0,0.0,262521.0,0.0
Barbados,BRB,2000,94.0,0.0,262071.0,0.0
Barbados,BRB,2001,93.0,0.0,262429.0,0.0
Barbados,BRB,2002,91.0,0.0,264155.0,0.0
Barbados,BRB,2003,90.0,0.0,265789.0,0.0
Barbados,BRB,2004,98.0,0.0,267297.0,0.0
Barbados,BRB,2005,93.0,0.0,268717.0,0.0
Barbados,BRB,2006,92.0,0.0,270011.0,0.0
Barbados,BRB,2007,75.0,0.0,271298.0,0.0
Barbados,BRB,2008,94.0,0.0,272719.0,0.0
Barbados,BRB,2009,94.0,0.0,274137.0,0.0
Barbados,BRB,2010,85.0,0.0,275251.0,0.0
Barbados,BRB,2011,93.0,0.0,276150.0,0.0
Barbados,BRB,2012,90.0,0.0,276949.0,0.0
Barbados,BRB,2013,87.0,0.0,277669.0,0.0
Barbados,BRB,2014,95.0,0.0,278355.0,0.0
Barbados,BRB,2015,96.0,0.0,278999.0,0.0
Barbados,BRB,2016,92.0,0.0,279604.0,0.0
Barbados,BRB,2017,92.0,0.0,280177.0,0.0
Barbados,BRB,2018,85.0,0.0,280719.0,0.0
Barbados,BRB,2019,92.0,0.0,281216.0,0.0
Barbados,BRB,2020,89.0,0.0,281706.0,0.0
Barbados,BRB,2021,77.0,0.0,282157.0,0.0
Barbados,BRB,2022,85.0,0.0,282324.0,0.0
Barbados,BRB,2023,89.0,0.0,282347.0,0.0
Barbados,BRB,2024,88.0,0.0,282347.0,0.0
Belarus,BLR,1990,,224.0,10186258.0,21.99
Belarus,BLR,1991,,1351.0,10193889.0,132.53
Belarus,BLR,1992,94.0,2324.0,10217561.0,227.45
Belarus,BLR,1993,96.0,3874.0,10241320.0,378.27
Belarus,BLR,1994,97.0,820.0,10230193.0,80.15
Belarus,BLR,1995,93.0,1516.0,10197466.0,148.66
Belarus,BLR,1996,96.0,395.0,10164025.0,38.86
Belarus,BLR,1997,97.0,135.0,10122365.0,13.34
Belarus,BLR,1998,98.0,517.0,10080579.0,51.29
Belarus,BLR,1999,98.0,153.0,10039221.0,15.24
Belarus,BLR,2000,98.0,21.0,9991310.0,2.1
Belarus,BLR,2001,99.0,45.0,9938068.0,4.53
Belarus,BLR,2002,99.0,14.0,9873451.0,1.42
Belarus,BLR,2003,99.0,21.0,9803175.0,2.14
Belarus,BLR,2004,99.0,2.0,9735089.0,0.21
Belarus,BLR,2005,99.0,1.0,9667833.0,0.1
Belarus,BLR,2006,97.0,149.0,9608041.0,15.51
Belarus,BLR,2007,99.0,1.0,9563135.0,0.1
Belarus,BLR,2008,99.0,0.0,9529357.0,0.0
Belarus,BLR,2009,99.0,0.0,9507334.0,0.0
Belarus,BLR,2010,99.0,1.0,9490752.0,0.11
Belarus,BLR,2011,99.0,50.0,9472738.0,5.28
Belarus,BLR,2012,98.0,10.0,9463075.0,1.06
Belarus,BLR,2013,99.0,16.0,9464454.0,1.69
Belarus,BLR,2014,99.0,64.0,9472704.0,6.76
Belarus,BLR,2015,99.0,2.0,9487289.0,0.21
Belarus,BLR,2016,98.0,10.0,9499066.0,1.05
Belarus,BLR,2017,97.0,1.0,9495793.0,0.11
Belarus,BLR,2018,98.0,259.0,9480031.0,27.32
Belarus,BLR,2019,98.0,201.0,9435415.0,21.3
Belarus,BLR,2020,97.0,0.0,9350943.0,0.0
Belarus,BLR,2021,98.0,3.0,9251368.0,0.32
Belarus,BLR,2022,98.0,0.0,9173240.0,0.0
Belarus,BLR,2023,97.0,193.0,9115679.0,21.17
Belarus,BLR,2024,98.0,754.0,9115679.0,82.71
Belgium,BEL,1980,,,9833093.0,
Belgium,BEL,1981,50.0,,9850674.0,
Belgium,BEL,1982,58.0,,9862329.0,
Belgium,BEL,1983,66.0,,9869136.0,
Belgium,BEL,1984,74.0,,9874586.0,
Belgium,BEL,1985,82.0,,9880338.0,
Belgium,BEL,1986,90.0,,9886981.0,
Belgium,BEL,1987,50.0,,9899150.0,
Belgium,BEL,1988,75.0,47616.0,9916566.0,4801.66
Belgium,BEL,1989,75.0,81044.0,9936575.0,8156.13
Belgium,BEL,1990,85.0,,9960968.0,
Belgium,BEL,1991,67.0,7216.0,9998962.0,721.67
Belgium,BEL,1992,87.0,9565.0,10045988.0,952.12
Belgium,BEL,1993,70.0,7373.0,10084932.0,731.09
Belgium,BEL,1994,78.0,11346.0,10116005.0,1121.59
Belgium,BEL,1995,85.0,10650.0,10137264.0,1050.58
Belgium,BEL,1996,73.0,7221.0,10156972.0,710.94
Belgium,BEL,1997,76.0,3869.0,10181465.0,380.0
Belgium,BEL,1998,80.0,0.0,10203185.0,0.0
Belgium,BEL,1999,82.0,,10226681.0,
Belgium,BEL,2000,82.0,,10251719.0,
Belgium,BEL,2001,82.0,83.0,10287005.0,8.07
Belgium,BEL,2002,82.0,,10332975.0,
Belgium,BEL,2003,82.0,44.0,10376262.0,4.24
Belgium,BEL,2004,82.0,61.0,10421298.0,5.85
Belgium,BEL,2005,88.0,26.0,10478883.0,2.48
Belgium,BEL,2006,92.0,15.0,10548445.0,1.42
Belgium,BEL,2007,92.0,64.0,10625488.0,6.02
Belgium,BEL,2008,93.0,98.0,10709711.0,9.15
Belgium,BEL,2009,95.0,33.0,10812936.0,3.05
Belgium,BEL,2010,95.0,40.0,10936619.0,3.66
Belgium,BEL,2011,95.0,576.0,11038624.0,52.18
Belgium,BEL,2012,96.0,109.0,11107522.0,9.81
Belgium,BEL,2013,96.0,39.0,11160277.0,3.49
Belgium,BEL,2014,96.0,70.0,11210113.0,6.24
Belgium,BEL,2015,96.0,47.0,11275332.0,4.17
Belgium,BEL,2016,96.0,,11332707.0,
Belgium,BEL,2017,96.0,367.0,11376583.0,32.26
Belgium,BEL,2018,96.0,117.0,11428608.0,10.24
Belgium,BEL,2019,96.0,480.0,11490623.0,41.77
Belgium,BEL,2020,96.0,47.0,11540102.0,4.07
Belgium,BEL,2021,96.0,7.0,11570843.0,0.6
Belgium,BEL,2022,96.0,8.0,11641814.0,0.69
Belgium,BEL,2023,96.0,67.0,11712891.0,5.72
Belgium,BEL,2024,96.0,526.0,11712891.0,44.91
Belize,BLZ,1980,21.0,607.0,145072.0,4184.13
Belize,BLZ,1981,40.0,186.0,148802.0,1249.98
Belize,BLZ,1982,51.0,6.0,152561.0,39.33
Belize,BLZ,1983,43.0,11.0,156310.0,70.37
Belize,BLZ,1984,43.0,4.0,160060.0,24.99
Belize,BLZ,1985,49.0,7.0,163812.0,42.73
Belize,BLZ,1986,85.0,124.0,167568.0,740.0
Belize,BLZ,1987,53.0,224.0,171349.0,1307.27
Belize,BLZ,1988,59.0,74.0,175195.0,422.39
Belize,BLZ,1989,71.0,2.0,179124.0,11.17
Belize,BLZ,1990,86.0,25.0,183090.0,136.54
Belize,BLZ,1991,76.0,7.0,187056.0,37.42
Belize,BLZ,1992,69.0,11.0,190995.0,57.59
Belize,BLZ,1993,80.0,0.0,194916.0,0.0
Belize,BLZ,1994,82.0,0.0,199101.0,0.0
Belize,BLZ,1995,83.0,4.0,204165.0,19.59
Belize,BLZ,1996,81.0,0.0,210321.0,0.0
Belize,BLZ,1997,85.0,0.0,217459.0,0.0
Belize,BLZ,1998,84.0,0.0,225186.0,0.0
Belize,BLZ,1999,82.0,0.0,233066.0,0.0
Belize,BLZ,2000,96.0,0.0,240809.0,0.0
Belize,BLZ,2001,94.0,0.0,248393.0,0.0
Belize,BLZ,2002,88.0,0.0,256019.0,0.0
Belize,BLZ,2003,96.0,0.0,263794.0,0.0
Belize,BLZ,2004,97.0,0.0,271695.0,0.0
Belize,BLZ,2005,95.0,0.0,279747.0,0.0
Belize,BLZ,2006,99.0,0.0,287889.0,0.0
Belize,BLZ,2007,96.0,0.0,296117.0,0.0
Belize,BLZ,2008,96.0,0.0,304373.0,0.0
Belize,BLZ,2009,97.0,0.0,312619.0,0.0
Belize,BLZ,2010,98.0,0.0,320256.0,0.0
Belize,BLZ,2011,98.0,0.0,327306.0,0.0
Belize,BLZ,2012,96.0,0.0,334421.0,0.0
Belize,BLZ,2013,99.0,0.0,341635.0,0.0
Belize,BLZ,2014,95.0,0.0,348934.0,0.0
Belize,BLZ,2015,96.0,0.0,356341.0,0.0
Belize,BLZ,2016,95.0,0.0,364717.0,0.0
Belize,BLZ,2017,90.0,0.0,373215.0,0.0
Belize,BLZ,2018,97.0,0.0,380232.0,0.0
Belize,BLZ,2019,96.0,0.0,385833.0,0.0
Belize,BLZ,2020,82.0,0.0,390819.0,0.0
Belize,BLZ,2021,79.0,0.0,395355.0,0.0
Belize,BLZ,2022,81.0,0.0,402741.0,0.0
Belize,BLZ,2023,93.0,0.0,411112.0,0.0
Belize,BLZ,2024,84.0,0.0,411112.0,0.0
Benin,BEN,1980,,18635.0,3925258.0,4747.46
Benin,BEN,1981,,12378.0,4038308.0,3065.15
Benin,BEN,1982,,11850.0,4156593.0,2850.89
Benin,BEN,1983,,11774.0,4278981.0,2751.59
Benin,BEN,1984,,13437.0,4405902.0,3049.77
Benin,BEN,1985,23.0,13210.0,4538017.0,2910.96
Benin,BEN,1986,20.0,7374.0,4675421.0,1577.18
Benin,BEN,1987,26.0,13180.0,4818487.0,2735.3
Benin,BEN,1988,30.0,5275.0,4967343.0,1061.94
Benin,BEN,1989,48.0,3281.0,5121659.0,640.61
Benin,BEN,1990,79.0,,5281482.0,
Benin,BEN,1991,60.0,5396.0,5446935.0,990.65
Benin,BEN,1992,70.0,3049.0,5617847.0,542.73
Benin,BEN,1993,67.0,4102.0,5872707.0,698.49
Benin,BEN,1994,78.0,7557.0,6096510.0,1239.56
Benin,BEN,1995,65.0,10469.0,6226775.0,1681.29
Benin,BEN,1996,60.0,1365.0,6391861.0,213.55
Benin,BEN,1997,66.0,9521.0,6583375.0,1446.22
Benin,BEN,1998,67.0,648.0,6789492.0,95.44
Benin,BEN,1999,69.0,2573.0,7002818.0,367.42
Benin,BEN,2000,70.0,4244.0,7221618.0,587.68
Benin,BEN,2001,68.0,5859.0,7445599.0,786.91
Benin,BEN,2002,66.0,1588.0,7675430.0,206.89
Benin,BEN,2003,65.0,217.0,7913074.0,27.42
Benin,BEN,2004,63.0,262.0,8159098.0,32.11
Benin,BEN,2005,61.0,210.0,8426145.0,24.92
Benin,BEN,2006,66.0,176.0,8693243.0,20.25
Benin,BEN,2007,70.0,341.0,8953973.0,38.08
Benin,BEN,2008,66.0,928.0,9228468.0,100.56
Benin,BEN,2009,71.0,1461.0,9509431.0,153.64
Benin,BEN,2010,68.0,392.0,9797488.0,40.01
Benin,BEN,2011,70.0,426.0,10093626.0,42.2
Benin,BEN,2012,74.0,288.0,10397659.0,27.7
Benin,BEN,2013,68.0,637.0,10708831.0,59.48
Benin,BEN,2014,65.0,786.0,11030008.0,71.26
Benin,BEN,2015,67.0,55.0,11360681.0,4.84
Benin,BEN,2016,68.0,89.0,11697845.0,7.61
Benin,BEN,2017,65.0,97.0,12039777.0,8.06
Benin,BEN,2018,61.0,493.0,12383349.0,39.81
Benin,BEN,2019,58.0,437.0,12726760.0,34.34
Benin,BEN,2020,54.0,18.0,13070169.0,1.38
Benin,BEN,2021,53.0,35.0,13413423.0,2.61
Benin,BEN,2022,52.0,455.0,13759507.0,33.07
Benin,BEN,2023,52.0,478.0,14111035.0,33.87
Benin,BEN,2024,44.0,785.0,14111035.0,55.63
Bermuda,BMU,1980,,22.0,53693.0,409.74
Bermuda,BMU,1981,,4.0,54020.0,74.05
Bermuda,BMU,1982,,20.0,54407.0,367.6
Bermuda,BMU,1983,,1.0,54802.0,18.25
Bermuda,BMU,1984,,3.0,55189.0,54.36
Bermuda,BMU,1985,,0.0,55569.0,0.0
Bermuda,BMU,1986,,4.0,55907.0,71.55
Bermuda,BMU,1987,,56.0,56285.0,994.94
Bermuda,BMU,1988,,4.0,56714.0,70.53
Bermuda,BMU,1989,,1.0,57149.0,17.5
Bermuda,BMU,1990,,1.0,57584.0,17.37
Bermuda,BMU,1991,,2.0,58007.0,34.48
Bermuda,BMU,1992,,0.0,58430.0,0.0
Bermuda,BMU,1993,,0.0,58834.0,0.0
Bermuda,BMU,1994,,0.0,59214.0,0.0
Bermuda,BMU,1995,,0.0,59549.0,0.0
Bermuda,BMU,1996,,0.0,59836.0,0.0
Bermuda,BMU,1997,,0.0,60194.0,0.0
Bermuda,BMU,1998,,0.0,60659.0,0.0
Bermuda,BMU,1999,,0.0,61142.0,0.0
Bermuda,BMU,2000,,0.0,61569.0,0.0
Bermuda,BMU,2001,,0.0,61887.0,0.0
Bermuda,BMU,2002,,0.0,62163.0,0.0
Bermuda,BMU,2004,,0.0,62576.0,0.0
Bermuda,BMU,2017,,0.0,63603.0,0.0
Bermuda,BMU,2018,,0.0,63852.0,0.0
Bermuda,BMU,2019,,0.0,64130.0,0.0
Bermuda,BMU,2020,,0.0,64404.0,0.0
Bermuda,BMU,2021,,0.0,64672.0,0.0
Bermuda,BMU,2022,,0.0,64772.0,0.0
Bermuda,BMU,2023,,0.0,64721.0,0.0
Bermuda,BMU,2024,,2.0,64721.0,30.9
Bhutan,BTN,1980,21.0,1642.0,433412.0,3788.54
Bhutan,BTN,1981,21.0,1102.0,447851.0,2460.64
Bhutan,BTN,1982,20.0,1868.0,462495.0,4038.96
Bhutan,BTN,1983,21.0,1356.0,477473.0,2839.95
Bhutan,BTN,1984,36.0,1321.0,492794.0,2680.63
Bhutan,BTN,1985,44.0,819.0,508399.0,1610.94
Bhutan,BTN,1986,51.0,948.0,524327.0,1808.03
Bhutan,BTN,1987,58.0,673.0,540570.0,1244.98
Bhutan,BTN,1988,64.0,382.0,557002.0,685.81
Bhutan,BTN,1989,79.0,554.0,573593.0,965.84
Bhutan,BTN,1990,93.0,173.0,589295.0,293.57
Bhutan,BTN,1991,89.0,441.0,599789.0,735.26
Bhutan,BTN,1992,86.0,103.0,577780.0,178.27
Bhutan,BTN,1993,84.0,505.0,554680.0,910.43
Bhutan,BTN,1994,81.0,683.0,554509.0,1231.72
Bhutan,BTN,1995,85.0,148.0,547995.0,270.08
Bhutan,BTN,1996,85.0,9.0,548792.0,16.4
Bhutan,BTN,1997,84.0,169.0,558698.0,302.49
Bhutan,BTN,1998,71.0,66.0,569439.0,115.9
Bhutan,BTN,1999,77.0,9920.0,582589.0,17027.44
Bhutan,BTN,2000,78.0,418.0,596871.0,700.32
Bhutan,BTN,2001,78.0,756.0,610801.0,1237.72
Bhutan,BTN,2002,78.0,27.0,624417.0,43.24
Bhutan,BTN,2003,88.0,0.0,637667.0,0.0
Bhutan,BTN,2004,87.0,3.0,650559.0,4.61
Bhutan,BTN,2005,93.0,11.0,661875.0,16.62
Bhutan,BTN,2006,90.0,2.0,670803.0,2.98
Bhutan,BTN,2007,95.0,11.0,678643.0,16.21
Bhutan,BTN,2008,99.0,7.0,686359.0,10.2
Bhutan,BTN,2009,94.0,6.0,693994.0,8.65
Bhutan,BTN,2010,95.0,21.0,701638.0,29.93
Bhutan,BTN,2011,95.0,10.0,709387.0,14.1
Bhutan,BTN,2012,95.0,1.0,717288.0,1.39
Bhutan,BTN,2013,94.0,0.0,725282.0,0.0
Bhutan,BTN,2014,97.0,0.0,733151.0,0.0
Bhutan,BTN,2015,97.0,11.0,740623.0,14.85
Bhutan,BTN,2016,97.0,45.0,747878.0,60.17
Bhutan,BTN,2017,97.0,66.0,754343.0,87.49
Bhutan,BTN,2018,97.0,18.0,759766.0,23.69
Bhutan,BTN,2019,97.0,2.0,764830.0,2.61
Bhutan,BTN,2020,93.0,,770013.0,
Bhutan,BTN,2021,97.0,,775450.0,
Bhutan,BTN,2022,97.0,7.0,780921.0,8.96
Bhutan,BTN,2023,99.0,10.0,786386.0,12.72
Bhutan,BTN,2024,97.0,0.0,786386.0,0.0
Bolivia,BOL,1980,13.0,4181.0,5758905.0,726.01
Bolivia,BOL,1981,17.0,7654.0,5888114.0,1299.91
Bolivia,BOL,1982,15.0,720.0,6018091.0,119.64
Bolivia,BOL,1983,13.0,2034.0,6149066.0,330.78
Bolivia,BOL,1984,20.0,1270.0,6281868.0,202.17
Bolivia,BOL,1985,21.0,217.0,6416193.0,33.82
Bolivia,BOL,1986,55.0,346.0,6552481.0,52.8
Bolivia,BOL,1987,57.0,987.0,6692168.0,147.49
Bolivia,BOL,1988,58.0,1793.0,6835507.0,262.31
Bolivia,BOL,1989,59.0,669.0,6981771.0,95.82
Bolivia,BOL,1990,53.0,820.0,7130143.0,115.0
Bolivia,BOL,1991,54.0,2108.0,7280294.0,289.55
Bolivia,BOL,1992,57.0,4937.0,7430337.0,664.44
Bolivia,BOL,1993,57.0,3391.0,7579196.0,447.41
Bolivia,BOL,1994,64.0,1441.0,7727320.0,186.48
Bolivia,BOL,1995,58.0,76.0,7874676.0,9.65
Bolivia,BOL,1996,61.0,7.0,8021742.0,0.87
Bolivia,BOL,1997,51.0,7.0,8167911.0,0.86
Bolivia,BOL,1998,65.0,1004.0,8313400.0,120.77
Bolivia,BOL,1999,79.0,1441.0,8459810.0,170.33
Bolivia,BOL,2000,84.0,122.0,8606330.0,14.18
Bolivia,BOL,2001,88.0,0.0,8752740.0,0.0
Bolivia,BOL,2002,91.0,0.0,8900358.0,0.0
Bolivia,BOL,2003,96.0,0.0,9050703.0,0.0
Bolivia,BOL,2004,90.0,0.0,9204297.0,0.0
Bolivia,BOL,2005,89.0,0.0,9360758.0,0.0
Bolivia,BOL,2006,88.0,0.0,9521685.0,0.0
Bolivia,BOL,2007,86.0,0.0,9685960.0,0.0
Bolivia,BOL,2008,92.0,0.0,9850859.0,0.0
Bolivia,BOL,2009,93.0,0.0,10016279.0,0.0
Bolivia,BOL,2010,88.0,0.0,10182345.0,0.0
Bolivia,BOL,2011,96.0,0.0,10348931.0,0.0
Bolivia,BOL,2012,92.0,0.0,10515814.0,0.0
Bolivia,BOL,2013,87.0,0.0,10682612.0,0.0
Bolivia,BOL,2014,89.0,0.0,10848889.0,0.0
Bolivia,BOL,2015,95.0,0.0,11014707.0,0.0
Bolivia,BOL,2016,94.0,0.0,11180020.0,0.0
Bolivia,BOL,2017,83.0,0.0,11344591.0,0.0
Bolivia,BOL,2018,89.0,0.0,11508370.0,0.0
Bolivia,BOL,2019,79.0,0.0,11671386.0,0.0
Bolivia,BOL,2020,74.0,2.0,11816301.0,0.17
Bolivia,BOL,2021,75.0,0.0,11937369.0,0.0
Bolivia,BOL,2022,69.0,0.0,12077156.0,0.0
Bolivia,BOL,2023,68.0,0.0,12244161.0,0.0
Bolivia,BOL,2024,67.0,4.0,12244161.0,0.33
Bosnia and Herzegovina,BIH,1990,,512.0,4448658.0,115.09
Bosnia and Herzegovina,BIH,1991,,179.0,4458350.0,40.15
Bosnia and Herzegovina,BIH,1992,52.0,144.0,4234620.0,34.01
Bosnia and Herzegovina,BIH,1993,48.0,249.0,3904484.0,63.77
Bosnia and Herzegovina,BIH,1994,57.0,875.0,3725412.0,234.87
Bosnia and Herzegovina,BIH,1995,53.0,125.0,3715565.0,33.64
Bosnia and Herzegovina,BIH,1996,70.0,,3875246.0,
Bosnia and Herzegovina,BIH,1997,86.0,3937.0,4018228.0,979.79
Bosnia and Herzegovina,BIH,1998,84.0,2811.0,4089357.0,687.39
Bosnia and Herzegovina,BIH,1999,83.0,133.0,4130312.0,32.2
Bosnia and Herzegovina,BIH,2000,80.0,43.0,4159785.0,10.34
Bosnia and Herzegovina,BIH,2001,92.0,,4179446.0,
Bosnia and Herzegovina,BIH,2002,89.0,28.0,4188006.0,6.69
Bosnia and Herzegovina,BIH,2003,84.0,18.0,4178523.0,4.31
Bosnia and Herzegovina,BIH,2004,88.0,28.0,4140990.0,6.76
Bosnia and Herzegovina,BIH,2005,90.0,23.0,4096493.0,5.61
Bosnia and Herzegovina,BIH,2006,85.0,17.0,4063269.0,4.18
Bosnia and Herzegovina,BIH,2007,96.0,166.0,4013420.0,41.36
Bosnia and Herzegovina,BIH,2008,84.0,8.0,3947545.0,2.03
Bosnia and Herzegovina,BIH,2009,93.0,22.0,3879798.0,5.67
Bosnia and Herzegovina,BIH,2010,91.0,45.0,3811480.0,11.81
Bosnia and Herzegovina,BIH,2011,89.0,10.0,3741799.0,2.67
Bosnia and Herzegovina,BIH,2012,94.0,22.0,3670109.0,5.99
Bosnia and Herzegovina,BIH,2013,92.0,,3610857.0,
Bosnia and Herzegovina,BIH,2014,89.0,3000.0,3564831.0,841.55
Bosnia and Herzegovina,BIH,2015,83.0,1677.0,3518541.0,476.62
Bosnia and Herzegovina,BIH,2016,68.0,133.0,3472997.0,38.3
Bosnia and Herzegovina,BIH,2017,69.0,18.0,3428684.0,5.25
Bosnia and Herzegovina,BIH,2018,68.0,62.0,3386999.0,18.31
Bosnia and Herzegovina,BIH,2019,79.0,1404.0,3345532.0,419.66
Bosnia and Herzegovina,BIH,2020,70.0,,3299352.0,
Bosnia and Herzegovina,BIH,2021,61.0,,3244912.0,
Bosnia and Herzegovina,BIH,2022,58.0,6.0,3204802.0,1.87
Bosnia and Herzegovina,BIH,2023,55.0,13.0,3185072.0,4.08
Bosnia and Herzegovina,BIH,2024,69.0,7957.0,3185072.0,2498.22
Botswana,BWA,1980,63.0,4091.0,937493.0,4363.77
Botswana,BWA,1981,70.0,2157.0,970003.0,2223.7
Botswana,BWA,1982,75.0,1512.0,1009273.0,1498.11
Botswana,BWA,1983,79.0,6542.0,1046148.0,6253.42
Botswana,BWA,1984,82.0,9249.0,1083665.0,8534.93
Botswana,BWA,1985,85.0,1684.0,1121954.0,1500.95
Botswana,BWA,1986,91.0,1018.0,1160655.0,877.09
Botswana,BWA,1987,87.0,126.0,1199180.0,105.07
Botswana,BWA,1988,87.0,711.0,1235488.0,575.48
Botswana,BWA,1989,87.0,3771.0,1270279.0,2968.64
Botswana,BWA,1990,87.0,1218.0,1305699.0,932.83
Botswana,BWA,1991,88.0,565.0,1341767.0,421.09
Botswana,BWA,1992,88.0,566.0,1380038.0,410.13
Botswana,BWA,1993,88.0,5327.0,1420120.0,3751.09
Botswana,BWA,1994,88.0,2447.0,1460030.0,1675.99
Botswana,BWA,1995,89.0,478.0,1498842.0,318.91
Botswana,BWA,1996,89.0,1030.0,1535917.0,670.61
Botswana,BWA,1997,89.0,5032.0,1571700.0,3201.63
Botswana,BWA,1998,89.0,700.0,1606906.0,435.62
Botswana,BWA,1999,90.0,439.0,1642006.0,267.36
Botswana,BWA,2000,91.0,2672.0,1677384.0,1592.96
Botswana,BWA,2001,91.0,1.0,1712264.0,0.58
Botswana,BWA,2002,92.0,7.0,1744765.0,4.01
Botswana,BWA,2003,92.0,59.0,1775744.0,33.23
Botswana,BWA,2004,93.0,1.0,1807153.0,0.55
Botswana,BWA,2005,93.0,5.0,1839881.0,2.72
Botswana,BWA,2006,94.0,6.0,1874526.0,3.2
Botswana,BWA,2007,95.0,1.0,1911200.0,0.52
Botswana,BWA,2008,95.0,0.0,1949973.0,0.0
Botswana,BWA,2009,96.0,184.0,1990671.0,92.43
Botswana,BWA,2010,96.0,853.0,2033110.0,419.55
Botswana,BWA,2011,97.0,8.0,2073538.0,3.86
Botswana,BWA,2012,97.0,7.0,2108617.0,3.32
Botswana,BWA,2013,97.0,1.0,2140687.0,0.47
Botswana,BWA,2014,97.0,1.0,2172053.0,0.46
Botswana,BWA,2015,97.0,0.0,2203276.0,0.0
Botswana,BWA,2016,97.0,1.0,2234784.0,0.45
Botswana,BWA,2017,97.0,0.0,2266749.0,0.0
Botswana,BWA,2018,97.0,0.0,2299149.0,0.0
Botswana,BWA,2019,97.0,0.0,2332082.0,0.0
Botswana,BWA,2020,87.0,5.0,2365895.0,2.11
Botswana,BWA,2021,97.0,0.0,2401448.0,0.0
Botswana,BWA,2022,90.0,1.0,2439895.0,0.41
Botswana,BWA,2023,97.0,63.0,2480242.0,25.4
Botswana,BWA,2024,97.0,3.0,2480242.0,1.21
Brazil,BRA,1980,57.0,99263.0,121207451.0,818.95
Brazil,BRA,1981,73.0,61281.0,124063113.0,493.95
Brazil,BRA,1982,66.0,39370.0,126923156.0,310.19
Brazil,BRA,1983,68.0,58259.0,129790081.0,448.87
Brazil,BRA,1984,73.0,80875.0,132658861.0,609.65
Brazil,BRA,1985,67.0,75993.0,135515593.0,560.77
Brazil,BRA,1986,67.0,129126.0,138336371.0,933.42
Brazil,BRA,1987,64.0,66059.0,141104946.0,468.16
Brazil,BRA,1988,62.0,26179.0,143826357.0,182.02
Brazil,BRA,1989,60.0,22853.0,146502975.0,155.99
Brazil,BRA,1990,78.0,61435.0,149143223.0,411.92
Brazil,BRA,1991,85.0,42537.0,151724253.0,280.36
Brazil,BRA,1992,91.0,7934.0,154275077.0,51.43
Brazil,BRA,1993,85.0,6037.0,156794574.0,38.5
Brazil,BRA,1994,77.0,35.0,159265011.0,0.22
Brazil,BRA,1995,87.0,793.0,161735079.0,4.9
Brazil,BRA,1996,80.0,580.0,164202549.0,3.53
Brazil,BRA,1997,99.0,52284.0,166661662.0,313.71
Brazil,BRA,1998,95.0,2781.0,169159651.0,16.44
Brazil,BRA,1999,99.0,908.0,171641544.0,5.29
Brazil,BRA,2000,99.0,36.0,174018278.0,0.21
Brazil,BRA,2001,99.0,1.0,176301201.0,0.01
Brazil,BRA,2002,96.0,1.0,178503485.0,0.01
Brazil,BRA,2003,97.0,2.0,180622688.0,0.01
Brazil,BRA,2004,97.0,0.0,182675144.0,0.0
Brazil,BRA,2005,98.0,6.0,184688101.0,0.03
Brazil,BRA,2006,99.0,57.0,186653099.0,0.31
Brazil,BRA,2007,99.0,0.0,188552311.0,0.0
Brazil,BRA,2008,99.0,0.0,190367297.0,0.0
Brazil,BRA,2009,99.0,0.0,192079958.0,0.0
Brazil,BRA,2010,99.0,68.0,193701931.0,0.35
Brazil,BRA,2011,99.0,43.0,195284736.0,0.22
Brazil,BRA,2012,99.0,2.0,196876113.0,0.01
Brazil,BRA,2013,98.0,220.0,198478290.0,1.11
Brazil,BRA,2014,97.0,876.0,200085126.0,4.38
Brazil,BRA,2015,96.0,214.0,201675534.0,1.06
Brazil,BRA,2016,95.0,0.0,203218108.0,0.0
Brazil,BRA,2017,87.0,,204703440.0,
Brazil,BRA,2018,92.0,9329.0,206107265.0,45.26
Brazil,BRA,2019,91.0,20901.0,207455459.0,100.75
Brazil,BRA,2020,79.0,8448.0,208660845.0,40.49
Brazil,BRA,2021,73.0,668.0,209550291.0,3.19
Brazil,BRA,2022,81.0,41.0,210306411.0,0.19
Brazil,BRA,2023,87.0,0.0,211140731.0,0.0
Brazil,BRA,2024,93.0,5.0,211140731.0,0.02
British Virgin Islands,VGB,1980,,20.0,11148.0,1794.04
British Virgin Islands,VGB,1981,,0.0,11499.0,0.0
British Virgin Islands,VGB,1982,,1.0,11944.0,83.72
British Virgin Islands,VGB,1983,,6.0,12388.0,484.34
British Virgin Islands,VGB,1984,,0.0,12844.0,0.0
British Virgin Islands,VGB,1985,,0.0,13291.0,0.0
British Virgin Islands,VGB,1986,,0.0,13749.0,0.0
British Virgin Islands,VGB,1987,,0.0,14213.0,0.0
British Virgin Islands,VGB,1988,,0.0,14704.0,0.0
British Virgin Islands,VGB,1989,,168.0,15201.0,11051.9
British Virgin Islands,VGB,1990,,90.0,15727.0,5722.64
British Virgin Islands,VGB,1991,,0.0,16208.0,0.0
British Virgin Islands,VGB,1992,,0.0,16615.0,0.0
British Virgin Islands,VGB,1993,,0.0,17008.0,0.0
British Virgin Islands,VGB,1994,,0.0,17430.0,0.0
British Virgin Islands,VGB,1995,,0.0,17863.0,0.0
British Virgin Islands,VGB,1996,,0.0,18308.0,0.0
British Virgin Islands,VGB,1997,,0.0,18783.0,0.0
British Virgin Islands,VGB,1998,,0.0,19262.0,0.0
British Virgin Islands,VGB,1999,,0.0,19755.0,0.0
British Virgin Islands,VGB,2000,,0.0,20266.0,0.0
British Virgin Islands,VGB,2001,,0.0,20825.0,0.0
British Virgin Islands,VGB,2002,,0.0,21454.0,0.0
British Virgin Islands,VGB,2003,,0.0,22155.0,0.0
British Virgin Islands,VGB,2017,,0.0,32724.0,0.0
British Virgin Islands,VGB,2018,,0.0,34682.0,0.0
British Virgin Islands,VGB,2019,,0.0,36423.0,0.0
British Virgin Islands,VGB,2021,,0.0,37833.0,0.0
British Virgin Islands,VGB,2022,,0.0,38346.0,0.0
British Virgin Islands,VGB,2023,,0.0,39009.0,0.0
British Virgin Islands,VGB,2024,,0.0,39009.0,0.0
Brunei,BRN,1980,73.0,485.0,186121.0,2605.83
Brunei,BRN,1981,80.0,775.0,191990.0,4036.67
Brunei,BRN,1982,88.0,243.0,198177.0,1226.18
Brunei,BRN,1983,94.0,558.0,204754.0,2725.22
Brunei,BRN,1984,90.0,541.0,211673.0,2555.83
Brunei,BRN,1985,98.0,617.0,218928.0,2818.28
Brunei,BRN,1986,99.0,440.0,226510.0,1942.52
Brunei,BRN,1987,99.0,63.0,233876.0,269.37
Brunei,BRN,1988,99.0,28.0,240928.0,116.22
Brunei,BRN,1989,99.0,39.0,248077.0,157.21
Brunei,BRN,1990,99.0,12.0,255307.0,47.0
Brunei,BRN,1991,96.0,,262604.0,
Brunei,BRN,1992,92.0,51.0,269848.0,189.0
Brunei,BRN,1993,99.0,50.0,276978.0,180.52
Brunei,BRN,1994,99.0,,284098.0,
Brunei,BRN,1995,99.0,,291207.0,
Brunei,BRN,1996,99.0,,298283.0,
Brunei,BRN,1997,98.0,13.0,305357.0,42.57
Brunei,BRN,1998,99.0,12.0,312398.0,38.41
Brunei,BRN,1999,94.0,23.0,319412.0,72.01
Brunei,BRN,2000,99.0,42.0,326429.0,128.67
Brunei,BRN,2001,99.0,11.0,333353.0,33.0
Brunei,BRN,2002,99.0,,340108.0,
Brunei,BRN,2003,98.0,24.0,346650.0,69.23
Brunei,BRN,2004,99.0,16.0,352921.0,45.34
Brunei,BRN,2005,98.0,9.0,358930.0,25.07
Brunei,BRN,2006,97.0,,364670.0,
Brunei,BRN,2007,97.0,,370883.0,
Brunei,BRN,2008,99.0,3.0,377800.0,7.94
Brunei,BRN,2009,99.0,2.0,384965.0,5.2
Brunei,BRN,2010,94.0,0.0,392340.0,0.0
Brunei,BRN,2011,91.0,4.0,399395.0,10.02
Brunei,BRN,2012,95.0,1.0,405564.0,2.47
Brunei,BRN,2013,96.0,,411205.0,
Brunei,BRN,2014,97.0,1.0,416757.0,2.4
Brunei,BRN,2015,96.0,4.0,422223.0,9.47
Brunei,BRN,2016,98.0,1.0,427571.0,2.34
Brunei,BRN,2017,97.0,0.0,432787.0,0.0
Brunei,BRN,2018,99.0,1.0,437811.0,2.28
Brunei,BRN,2019,97.0,1.0,442690.0,2.26
Brunei,BRN,2020,99.0,0.0,447411.0,0.0
Brunei,BRN,2021,99.0,0.0,451722.0,0.0
Brunei,BRN,2022,97.0,0.0,455374.0,0.0
Brunei,BRN,2023,97.0,1.0,458959.0,2.18
Brunei,BRN,2024,99.0,0.0,458959.0,0.0
Bulgaria,BGR,1980,98.0,10763.0,8859539.0,1214.85
Bulgaria,BGR,1981,98.0,9239.0,8887803.0,1039.51
Bulgaria,BGR,1982,90.0,281.0,8912738.0,31.53
Bulgaria,BGR,1983,98.0,326.0,8933328.0,36.49
Bulgaria,BGR,1984,98.0,292.0,8952608.0,32.62
Bulgaria,BGR,1985,99.0,972.0,8958855.0,108.5
Bulgaria,BGR,1986,99.0,1370.0,8963473.0,152.84
Bulgaria,BGR,1987,99.0,1560.0,8976206.0,173.79
Bulgaria,BGR,1988,99.0,404.0,8985721.0,44.96
Bulgaria,BGR,1989,99.0,111.0,8936386.0,12.42
Bulgaria,BGR,1990,99.0,147.0,8822366.0,16.66
Bulgaria,BGR,1991,98.0,2028.0,8695798.0,233.22
Bulgaria,BGR,1992,92.0,20258.0,8559091.0,2366.84
Bulgaria,BGR,1993,88.0,354.0,8466533.0,41.81
Bulgaria,BGR,1994,93.0,121.0,8416924.0,14.38
Bulgaria,BGR,1995,94.0,172.0,8357576.0,20.58
Bulgaria,BGR,1996,95.0,695.0,8291402.0,83.82
Bulgaria,BGR,1997,93.0,23.0,8217101.0,2.8
Bulgaria,BGR,1998,95.0,80.0,8138193.0,9.83
Bulgaria,BGR,1999,96.0,24.0,8067464.0,2.97
Bulgaria,BGR,2000,89.0,46.0,8000519.0,5.75
Bulgaria,BGR,2001,90.0,8.0,7928455.0,1.01
Bulgaria,BGR,2002,92.0,0.0,7861949.0,0.0
Bulgaria,BGR,2003,96.0,0.0,7804405.0,0.0
Bulgaria,BGR,2004,95.0,0.0,7749430.0,0.0
Bulgaria,BGR,2005,96.0,3.0,7695047.0,0.39
Bulgaria,BGR,2006,96.0,1.0,7640292.0,0.13
Bulgaria,BGR,2007,96.0,1.0,7586896.0,0.13
Bulgaria,BGR,2008,96.0,1.0,7535589.0,0.13
Bulgaria,BGR,2009,96.0,2249.0,7488016.0,300.35
Bulgaria,BGR,2010,97.0,22004.0,7437594.0,2958.48
Bulgaria,BGR,2011,95.0,157.0,7380023.0,21.27
Bulgaria,BGR,2012,94.0,1.0,7317020.0,0.14
Bulgaria,BGR,2013,95.0,14.0,7264605.0,1.93
Bulgaria,BGR,2014,93.0,0.0,7223450.0,0.0
Bulgaria,BGR,2015,92.0,0.0,7177515.0,0.0
Bulgaria,BGR,2016,92.0,1.0,7127436.0,0.14
Bulgaria,BGR,2017,94.0,165.0,7075642.0,23.32
Bulgaria,BGR,2018,93.0,13.0,7024745.0,1.85
Bulgaria,BGR,2019,95.0,1231.0,6975466.0,176.48
Bulgaria,BGR,2020,88.0,257.0,6933656.0,37.07
Bulgaria,BGR,2021,89.0,0.0,6877222.0,0.0
Bulgaria,BGR,2022,91.0,1.0,6825862.0,0.15
Bulgaria,BGR,2023,92.0,0.0,6795805.0,0.0
Bulgaria,BGR,2024,94.0,27.0,6795805.0,3.97
Burkina Faso,BFA,1980,,13713.0,6947900.0,1973.69
Burkina Faso,BFA,1981,,17327.0,7140270.0,2426.66
Burkina Faso,BFA,1982,,20940.0,7340199.0,2852.78
Burkina Faso,BFA,1983,,21395.0,7551136.0,2833.35
Burkina Faso,BFA,1984,,30094.0,7772260.0,3871.98
Burkina Faso,BFA,1985,38.0,17461.0,7999935.0,2182.64
Burkina Faso,BFA,1986,40.0,11722.0,8228847.0,1424.5
Burkina Faso,BFA,1987,37.0,28282.0,8457112.0,3344.17
Burkina Faso,BFA,1988,52.0,7782.0,8687441.0,895.78
Burkina Faso,BFA,1989,66.0,7474.0,8921178.0,837.78
Burkina Faso,BFA,1990,79.0,9804.0,9159358.0,1070.38
Burkina Faso,BFA,1991,69.0,6590.0,9394631.0,701.46
Burkina Faso,BFA,1992,60.0,21751.0,9629280.0,2258.84
Burkina Faso,BFA,1993,50.0,14445.0,9871715.0,1463.27
Burkina Faso,BFA,1994,45.0,2925.0,10123807.0,288.92
Burkina Faso,BFA,1995,43.0,5669.0,10386723.0,545.79
Burkina Faso,BFA,1996,40.0,18534.0,10655943.0,1739.31
Burkina Faso,BFA,1997,41.0,1438.0,10934222.0,131.51
Burkina Faso,BFA,1998,24.0,,11240668.0,
Burkina Faso,BFA,1999,36.0,5516.0,11574930.0,476.55
Burkina Faso,BFA,2000,48.0,6074.0,11925548.0,509.33
Burkina Faso,BFA,2001,63.0,4174.0,12294996.0,339.49
Burkina Faso,BFA,2002,64.0,1744.0,12680904.0,137.53
Burkina Faso,BFA,2003,76.0,2946.0,13082530.0,225.19
Burkina Faso,BFA,2004,78.0,77.0,13500536.0,5.7
Burkina Faso,BFA,2005,84.0,253.0,13932127.0,18.16
Burkina Faso,BFA,2006,88.0,125.0,14373713.0,8.7
Burkina Faso,BFA,2007,94.0,12.0,14816313.0,0.81
Burkina Faso,BFA,2008,94.0,395.0,15258103.0,25.89
Burkina Faso,BFA,2009,94.0,54118.0,15710067.0,3444.8
Burkina Faso,BFA,2010,92.0,2511.0,16176503.0,155.23
Burkina Faso,BFA,2011,89.0,860.0,16661907.0,51.61
Burkina Faso,BFA,2012,87.0,7362.0,17172284.0,428.71
Burkina Faso,BFA,2013,82.0,375.0,17695411.0,21.19
Burkina Faso,BFA,2014,88.0,343.0,18229466.0,18.82
Burkina Faso,BFA,2015,88.0,99.0,18777488.0,5.27
Burkina Faso,BFA,2016,88.0,226.0,19334854.0,11.69
Burkina Faso,BFA,2017,88.0,49.0,19894413.0,2.46
Burkina Faso,BFA,2018,88.0,4072.0,20438289.0,199.23
Burkina Faso,BFA,2019,88.0,672.0,20961956.0,32.06
Burkina Faso,BFA,2020,88.0,2480.0,21478691.0,115.46
Burkina Faso,BFA,2021,88.0,,21995249.0,
Burkina Faso,BFA,2022,88.0,252.0,22509038.0,11.2
Burkina Faso,BFA,2023,88.0,680.0,23025777.0,29.53
Burkina Faso,BFA,2024,88.0,4397.0,23025777.0,190.96
Burundi,BDI,1980,,49227.0,4383713.0,11229.52
Burundi,BDI,1981,28.0,58970.0,4566017.0,12914.98
Burundi,BDI,1982,40.0,42051.0,4681397.0,8982.58
Burundi,BDI,1983,54.0,49302.0,4808530.0,10253.03
Burundi,BDI,1984,27.0,28587.0,4926477.0,5802.73
Burundi,BDI,1985,32.0,36740.0,5034043.0,7298.31
Burundi,BDI,1986,59.0,39631.0,5129423.0,7726.21
Burundi,BDI,1987,54.0,23297.0,5247790.0,4439.39
Burundi,BDI,1988,46.0,33261.0,5365332.0,6199.24
Burundi,BDI,1989,73.0,28014.0,5471706.0,5119.79
Burundi,BDI,1990,74.0,13282.0,5587051.0,2377.28
Burundi,BDI,1991,74.0,10397.0,5703860.0,1822.8
Burundi,BDI,1992,69.0,22344.0,5858405.0,3814.01
Burundi,BDI,1993,69.0,23869.0,5676847.0,4204.62
Burundi,BDI,1994,42.0,7192.0,5713856.0,1258.69
Burundi,BDI,1995,80.0,14782.0,6066319.0,2436.73
Burundi,BDI,1996,79.0,16099.0,6070510.0,2652.0
Burundi,BDI,1997,77.0,1273.0,6070038.0,209.72
Burundi,BDI,1998,68.0,1449.0,6187114.0,234.2
Burundi,BDI,1999,70.0,2928.0,6337155.0,462.04
Burundi,BDI,2000,72.0,18363.0,6470196.0,2838.09
Burundi,BDI,2001,73.0,,6634368.0,
Burundi,BDI,2002,75.0,1016.0,6824139.0,148.88
Burundi,BDI,2003,76.0,224.0,7043158.0,31.8
Burundi,BDI,2004,78.0,2.0,7310656.0,0.27
Burundi,BDI,2005,87.0,0.0,7587303.0,0.0
Burundi,BDI,2006,92.0,784.0,7865545.0,99.68
Burundi,BDI,2007,88.0,43.0,8161879.0,5.27
Burundi,BDI,2008,84.0,173.0,8505643.0,20.34
Burundi,BDI,2009,91.0,305.0,8947653.0,34.09
Burundi,BDI,2010,92.0,495.0,9376448.0,52.79
Burundi,BDI,2011,93.0,129.0,9717980.0,13.27
Burundi,BDI,2012,93.0,49.0,10071033.0,4.87
Burundi,BDI,2013,98.0,0.0,10439346.0,0.0
Burundi,BDI,2014,94.0,0.0,10799789.0,0.0
Burundi,BDI,2015,93.0,9.0,11047581.0,0.81
Burundi,BDI,2016,93.0,16.0,11239459.0,1.42
Burundi,BDI,2017,90.0,18.0,11506764.0,1.56
Burundi,BDI,2018,88.0,9.0,11859444.0,0.76
Burundi,BDI,2019,92.0,112.0,12255339.0,9.14
Burundi,BDI,2020,90.0,1700.0,12617041.0,134.74
Burundi,BDI,2021,90.0,369.0,12965487.0,28.46
Burundi,BDI,2022,89.0,212.0,13321102.0,15.91
Burundi,BDI,2023,86.0,1684.0,13689455.0,123.01
Burundi,BDI,2024,86.0,2741.0,13689455.0,200.23
Cambodia,KHM,1980,,32240.0,5199874.0,6200.15
Cambodia,KHM,1981,,40774.0,5284493.0,7715.78
Cambodia,KHM,1982,,57605.0,5436436.0,10596.1
Cambodia,KHM,1983,,10368.0,5636206.0,1839.54
Cambodia,KHM,1984,27.0,38329.0,5845115.0,6557.44
Cambodia,KHM,1985,29.0,44557.0,6043782.0,7372.37
Cambodia,KHM,1986,54.0,17219.0,6285699.0,2739.39
Cambodia,KHM,1987,53.0,9281.0,6557971.0,1415.22
Cambodia,KHM,1988,39.0,4934.0,6812012.0,724.31
Cambodia,KHM,1989,39.0,9256.0,7073472.0,1308.55
Cambodia,KHM,1990,34.0,2473.0,7374754.0,335.33
Cambodia,KHM,1991,39.0,2186.0,7686857.0,284.38
Cambodia,KHM,1992,33.0,2759.0,8113085.0,340.07
Cambodia,KHM,1993,36.0,1262.0,8616383.0,146.47
Cambodia,KHM,1994,50.0,946.0,9239160.0,102.39
Cambodia,KHM,1995,62.0,2038.0,10018500.0,203.42
Cambodia,KHM,1996,56.0,2814.0,10801268.0,260.52
Cambodia,KHM,1997,50.0,3826.0,11570986.0,330.65
Cambodia,KHM,1998,54.0,1993.0,12058180.0,165.28
Cambodia,KHM,1999,63.0,13827.0,12265734.0,1127.29
Cambodia,KHM,2000,65.0,12237.0,12462343.0,981.92
Cambodia,KHM,2001,59.0,3761.0,12658486.0,297.11
Cambodia,KHM,2002,52.0,1361.0,12855249.0,105.87
Cambodia,KHM,2003,65.0,653.0,13050977.0,50.03
Cambodia,KHM,2004,80.0,352.0,13244737.0,26.58
Cambodia,KHM,2005,79.0,264.0,13439203.0,19.64
Cambodia,KHM,2006,78.0,188.0,13639032.0,13.78
Cambodia,KHM,2007,79.0,394.0,13841773.0,28.46
Cambodia,KHM,2008,89.0,4211.0,14053479.0,299.64
Cambodia,KHM,2009,92.0,4779.0,14276819.0,334.74
Cambodia,KHM,2010,90.0,1156.0,14500730.0,79.72
Cambodia,KHM,2011,88.0,722.0,14722587.0,49.04
Cambodia,KHM,2012,84.0,15.0,14945090.0,1.0
Cambodia,KHM,2013,79.0,0.0,15170210.0,0.0
Cambodia,KHM,2014,83.0,0.0,15396771.0,0.0
Cambodia,KHM,2015,85.0,0.0,15623253.0,0.0
Cambodia,KHM,2016,85.0,56.0,15852802.0,3.53
Cambodia,KHM,2017,85.0,10.0,16073374.0,0.62
Cambodia,KHM,2018,86.0,3.0,16274522.0,0.18
Cambodia,KHM,2019,87.0,684.0,16481305.0,41.5
Cambodia,KHM,2020,83.0,379.0,16725484.0,22.66
Cambodia,KHM,2021,83.0,5.0,16974309.0,0.29
Cambodia,KHM,2022,83.0,13.0,17201721.0,0.76
Cambodia,KHM,2023,79.0,11.0,17423884.0,0.63
Cambodia,KHM,2024,83.0,666.0,17423884.0,38.22
Cameroon,CMR,1981,16.0,10546.0,8816377.0,1196.18
Cameroon,CMR,1982,21.0,33876.0,9028676.0,3752.05
Cameroon,CMR,1983,25.0,58904.0,9215395.0,6391.91
Cameroon,CMR,1984,31.0,38580.0,9475085.0,4071.73
Cameroon,CMR,1985,39.0,47178.0,9761728.0,4832.96
Cameroon,CMR,1986,44.0,31936.0,10060342.0,3174.44
Cameroon,CMR,1987,44.0,16654.0,10370753.0,1605.86
Cameroon,CMR,1988,48.0,23207.0,10684972.0,2171.93
Cameroon,CMR,1989,56.0,24314.0,11002749.0,2209.81
Cameroon,CMR,1990,56.0,21150.0,11331827.0,1866.42
Cameroon,CMR,1991,48.0,14622.0,11667186.0,1253.26
Cameroon,CMR,1992,37.0,27442.0,12006362.0,2285.62
Cameroon,CMR,1993,32.0,10892.0,12353131.0,881.72
Cameroon,CMR,1994,38.0,1548.0,12704900.0,121.84
Cameroon,CMR,1995,46.0,2463.0,13058517.0,188.61
Cameroon,CMR,1996,39.0,11770.0,13414761.0,877.39
Cameroon,CMR,1997,43.0,7504.0,13775216.0,544.75
Cameroon,CMR,1998,47.0,10731.0,14144857.0,758.65
Cameroon,CMR,1999,46.0,10894.0,14525145.0,750.01
Cameroon,CMR,2000,49.0,14629.0,14912632.0,980.98
Cameroon,CMR,2001,51.0,23934.0,15309489.0,1563.34
Cameroon,CMR,2002,53.0,1448.0,15725534.0,92.08
Cameroon,CMR,2003,61.0,899.0,16160340.0,55.63
Cameroon,CMR,2004,64.0,358.0,16610485.0,21.55
Cameroon,CMR,2005,68.0,605.0,17074599.0,35.43
Cameroon,CMR,2006,73.0,196.0,17550403.0,11.17
Cameroon,CMR,2007,74.0,100.0,18049897.0,5.54
Cameroon,CMR,2008,80.0,495.0,18574052.0,26.65
Cameroon,CMR,2009,74.0,251.0,19113978.0,13.13
Cameroon,CMR,2010,79.0,240.0,19668063.0,12.2
Cameroon,CMR,2011,76.0,504.0,20232312.0,24.91
Cameroon,CMR,2012,74.0,609.0,20809530.0,29.27
Cameroon,CMR,2013,71.0,760.0,21402379.0,35.51
Cameroon,CMR,2014,71.0,831.0,22059894.0,37.67
Cameroon,CMR,2015,71.0,1809.0,22763418.0,79.47
Cameroon,CMR,2016,72.0,338.0,23454165.0,14.41
Cameroon,CMR,2017,67.0,712.0,24128609.0,29.51
Cameroon,CMR,2018,61.0,814.0,24806377.0,32.81
Cameroon,CMR,2019,61.0,2809.0,25506095.0,110.13
Cameroon,CMR,2020,63.0,1509.0,26210566.0,57.57
Cameroon,CMR,2021,65.0,771.0,26915765.0,28.64
Cameroon,CMR,2022,68.0,3217.0,27632770.0,116.42
Cameroon,CMR,2023,71.0,6105.0,28372690.0,215.17
Cameroon,CMR,2024,71.0,863.0,28372690.0,30.42
Canada,CAN,1980,,13864.0,24533779.0,565.1
Canada,CAN,1981,,2307.0,24844977.0,92.86
Canada,CAN,1982,,1064.0,25140164.0,42.32
Canada,CAN,1983,,934.0,25412605.0,36.75
Canada,CAN,1984,,4078.0,25670376.0,158.86
Canada,CAN,1985,,2816.0,25927463.0,108.61
Canada,CAN,1986,,14941.0,26211036.0,570.03
Canada,CAN,1987,70.0,2385.0,26540913.0,89.86
Canada,CAN,1988,85.0,609.0,26927938.0,22.62
Canada,CAN,1989,87.0,11145.0,27366046.0,407.26
Canada,CAN,1990,89.0,1033.0,27789437.0,37.17
Canada,CAN,1991,92.0,6178.0,28157154.0,219.41
Canada,CAN,1992,94.0,2742.0,28500066.0,96.21
Canada,CAN,1993,96.0,203.0,28830635.0,7.04
Canada,CAN,1994,97.0,523.0,29147383.0,17.94
Canada,CAN,1995,96.0,2361.0,29459138.0,80.14
Canada,CAN,1996,97.0,327.0,29767210.0,10.99
Canada,CAN,1997,96.0,579.0,30059088.0,19.26
Canada,CAN,1998,96.0,12.0,30329971.0,0.4
Canada,CAN,1999,96.0,29.0,30599458.0,0.95
Canada,CAN,2000,96.0,206.0,30891800.0,6.67
Canada,CAN,2001,95.0,34.0,31213578.0,1.09
Canada,CAN,2002,95.0,6.0,31535579.0,0.19
Canada,CAN,2003,95.0,15.0,31836483.0,0.47
Canada,CAN,2004,94.0,7.0,32132680.0,0.22
Canada,CAN,2005,94.0,6.0,32440172.0,0.18
Canada,CAN,2006,93.0,13.0,32759174.0,0.4
Canada,CAN,2007,94.0,101.0,33092171.0,3.05
Canada,CAN,2008,93.0,62.0,33449088.0,1.85
Canada,CAN,2009,91.0,14.0,33826370.0,0.41
Canada,CAN,2010,90.0,99.0,34196900.0,2.89
Canada,CAN,2011,88.0,803.0,34555449.0,23.24
Canada,CAN,2012,89.0,10.0,34922513.0,0.29
Canada,CAN,2013,90.0,83.0,35293421.0,2.35
Canada,CAN,2014,90.0,418.0,35634265.0,11.73
Canada,CAN,2015,89.0,195.0,35962236.0,5.42
Canada,CAN,2016,89.0,11.0,36353345.0,0.3
Canada,CAN,2017,90.0,45.0,36808498.0,1.22
Canada,CAN,2018,90.0,28.0,37294996.0,0.75
Canada,CAN,2019,90.0,113.0,37782934.0,2.99
Canada,CAN,2020,90.0,1.0,38171903.0,0.03
Canada,CAN,2021,90.0,0.0,38454058.0,0.0
Canada,CAN,2022,92.0,3.0,38821259.0,0.08
Canada,CAN,2023,92.0,12.0,39299098.0,0.31
Canada,CAN,2024,92.0,147.0,39299098.0,3.74
Cape Verde,CPV,1980,,1279.0,323310.0,3955.96
Cape Verde,CPV,1981,,150.0,327859.0,457.51
Cape Verde,CPV,1982,,1282.0,332729.0,3852.99
Cape Verde,CPV,1983,,1385.0,337661.0,4101.75
Cape Verde,CPV,1984,,49.0,342511.0,143.06
Cape Verde,CPV,1985,54.0,3048.0,347370.0,8774.51
Cape Verde,CPV,1986,58.0,,352321.0,
Cape Verde,CPV,1987,75.0,450.0,357308.0,1259.42
Cape Verde,CPV,1988,80.0,7.0,362339.0,19.32
Cape Verde,CPV,1989,84.0,1.0,367820.0,2.72
Cape Verde,CPV,1990,79.0,0.0,375437.0,0.0
Cape Verde,CPV,1991,76.0,7.0,384603.0,18.2
Cape Verde,CPV,1992,82.0,1.0,393426.0,2.54
Cape Verde,CPV,1993,88.0,0.0,401977.0,0.0
Cape Verde,CPV,1994,87.0,30.0,410230.0,73.13
Cape Verde,CPV,1995,85.0,10.0,418116.0,23.92
Cape Verde,CPV,1996,84.0,0.0,425592.0,0.0
Cape Verde,CPV,1997,83.0,8584.0,432803.0,19833.5
Cape Verde,CPV,1998,84.0,289.0,439789.0,657.13
Cape Verde,CPV,1999,85.0,1.0,446528.0,2.24
Cape Verde,CPV,2000,86.0,2.0,453335.0,4.41
Cape Verde,CPV,2001,88.0,0.0,460300.0,0.0
Cape Verde,CPV,2002,89.0,0.0,467056.0,0.0
Cape Verde,CPV,2003,90.0,0.0,473384.0,0.0
Cape Verde,CPV,2004,91.0,0.0,479377.0,0.0
Cape Verde,CPV,2005,93.0,0.0,485128.0,0.0
Cape Verde,CPV,2006,94.0,0.0,490728.0,0.0
Cape Verde,CPV,2007,96.0,0.0,496196.0,0.0
Cape Verde,CPV,2008,97.0,0.0,501362.0,0.0
Cape Verde,CPV,2009,97.0,0.0,506148.0,0.0
Cape Verde,CPV,2010,97.0,0.0,509793.0,0.0
Cape Verde,CPV,2011,96.0,0.0,511453.0,0.0
Cape Verde,CPV,2012,91.0,0.0,511966.0,0.0
Cape Verde,CPV,2013,91.0,0.0,512231.0,0.0
Cape Verde,CPV,2014,93.0,0.0,512334.0,0.0
Cape Verde,CPV,2015,92.0,0.0,512405.0,0.0
Cape Verde,CPV,2016,93.0,,512556.0,
Cape Verde,CPV,2017,96.0,0.0,512899.0,0.0
Cape Verde,CPV,2018,99.0,0.0,513418.0,0.0
Cape Verde,CPV,2019,98.0,0.0,514116.0,0.0
Cape Verde,CPV,2020,95.0,,514683.0,
Cape Verde,CPV,2021,95.0,0.0,516655.0,0.0
Cape Verde,CPV,2022,95.0,0.0,519750.0,0.0
Cape Verde,CPV,2023,95.0,0.0,522335.0,0.0
Cape Verde,CPV,2024,95.0,0.0,522335.0,0.0
Cayman Islands,CYM,1980,,9.0,17102.0,526.25
Cayman Islands,CYM,1981,,2.0,17924.0,111.58
Cayman Islands,CYM,1982,,0.0,18776.0,0.0
Cayman Islands,CYM,1983,,9.0,19620.0,458.72
Cayman Islands,CYM,1984,,5.0,20480.0,244.14
Cayman Islands,CYM,1985,,4.0,21349.0,187.36
Cayman Islands,CYM,1986,,2.0,22221.0,90.0
Cayman Islands,CYM,1987,,3.0,23095.0,129.9
Cayman Islands,CYM,1988,,1.0,23969.0,41.72
Cayman Islands,CYM,1989,,5.0,24901.0,200.8
Cayman Islands,CYM,1990,,0.0,26023.0,0.0
Cayman Islands,CYM,1991,,0.0,27316.0,0.0
Cayman Islands,CYM,1992,,0.0,28642.0,0.0
Cayman Islands,CYM,1993,,0.0,29999.0,0.0
Cayman Islands,CYM,1994,,0.0,31379.0,0.0
Cayman Islands,CYM,1995,,0.0,32764.0,0.0
Cayman Islands,CYM,1996,,0.0,34168.0,0.0
Cayman Islands,CYM,1997,,0.0,35568.0,0.0
Cayman Islands,CYM,1998,,0.0,36949.0,0.0
Cayman Islands,CYM,1999,,0.0,38305.0,0.0
Cayman Islands,CYM,2000,,0.0,39699.0,0.0
Cayman Islands,CYM,2001,,0.0,41109.0,0.0
Cayman Islands,CYM,2002,,0.0,42534.0,0.0
Cayman Islands,CYM,2003,,0.0,43952.0,0.0
Cayman Islands,CYM,2017,,0.0,64561.0,0.0
Cayman Islands,CYM,2018,,0.0,65962.0,0.0
Cayman Islands,CYM,2020,,0.0,68703.0,0.0
Cayman Islands,CYM,2021,,0.0,70126.0,0.0
Cayman Islands,CYM,2022,,0.0,71610.0,0.0
Cayman Islands,CYM,2023,,0.0,73055.0,0.0
Cayman Islands,CYM,2024,,0.0,73055.0,0.0
Central African Republic,CAF,1980,12.0,8280.0,2450537.0,3378.85
Central African Republic,CAF,1981,15.0,3820.0,2478413.0,1541.31
Central African Republic,CAF,1982,16.0,2563.0,2507374.0,1022.18
Central African Republic,CAF,1983,16.0,1564.0,2537407.0,616.38
Central African Republic,CAF,1984,19.0,6395.0,2568610.0,2489.67
Central African Republic,CAF,1985,23.0,2446.0,2600939.0,940.43
Central African Republic,CAF,1986,24.0,1785.0,2634262.0,677.61
Central African Republic,CAF,1987,17.0,2148.0,2669154.0,804.75
Central African Republic,CAF,1988,40.0,1898.0,2713967.0,699.35
Central African Republic,CAF,1989,69.0,331.0,2783977.0,118.89
Central African Republic,CAF,1990,82.0,1275.0,2871915.0,443.95
Central African Republic,CAF,1991,57.0,3644.0,2963195.0,1229.75
Central African Republic,CAF,1992,32.0,3022.0,3058837.0,987.96
Central African Republic,CAF,1993,42.0,1694.0,3157842.0,536.44
Central African Republic,CAF,1994,52.0,,3257956.0,
Central African Republic,CAF,1995,46.0,902.0,3348062.0,269.41
Central African Republic,CAF,1996,44.0,248.0,3435973.0,72.18
Central African Republic,CAF,1997,42.0,194.0,3531700.0,54.93
Central African Republic,CAF,1998,37.0,146.0,3628833.0,40.23
Central African Republic,CAF,1999,37.0,600.0,3729452.0,160.88
Central African Republic,CAF,2000,36.0,3207.0,3833421.0,836.59
Central African Republic,CAF,2001,35.0,2837.0,3919498.0,723.82
Central African Republic,CAF,2002,42.0,938.0,4006079.0,234.14
Central African Republic,CAF,2003,49.0,652.0,4103092.0,158.9
Central African Republic,CAF,2004,55.0,1233.0,4192828.0,294.07
Central African Republic,CAF,2005,62.0,471.0,4288814.0,109.82
Central African Republic,CAF,2006,61.0,3.0,4377582.0,0.69
Central African Republic,CAF,2007,59.0,49.0,4462777.0,10.98
Central African Republic,CAF,2008,58.0,12.0,4558989.0,2.63
Central African Republic,CAF,2009,56.0,11.0,4529051.0,2.43
Central African Republic,CAF,2010,53.0,2.0,4493003.0,0.45
Central African Republic,CAF,2011,49.0,679.0,4565023.0,148.74
Central African Republic,CAF,2012,48.0,141.0,4610848.0,30.58
Central African Republic,CAF,2013,25.0,596.0,4642423.0,128.38
Central African Republic,CAF,2014,47.0,210.0,4623187.0,45.42
Central African Republic,CAF,2015,46.0,150.0,4629322.0,32.4
Central African Republic,CAF,2016,45.0,367.0,4713663.0,77.86
Central African Republic,CAF,2017,41.0,801.0,4793512.0,167.1
Central African Republic,CAF,2018,39.0,224.0,4878663.0,45.91
Central African Republic,CAF,2019,37.0,3390.0,4944708.0,685.58
Central African Republic,CAF,2020,36.0,3433.0,5026629.0,682.96
Central African Republic,CAF,2021,34.0,286.0,5112103.0,55.95
Central African Republic,CAF,2022,32.0,155.0,5098038.0,30.4
Central African Republic,CAF,2023,39.0,3841.0,5152415.0,745.48
Central African Republic,CAF,2024,41.0,125.0,5152415.0,24.26
Chad,TCD,1981,,36.0,4520965.0,7.96
Chad,TCD,1982,,1223.0,4738486.0,258.1
Chad,TCD,1983,,5160.0,4979137.0,1036.32
Chad,TCD,1984,10.0,6921.0,5045152.0,1371.81
Chad,TCD,1985,7.0,6430.0,5096274.0,1261.71
Chad,TCD,1986,12.0,3500.0,5251074.0,666.53
Chad,TCD,1987,16.0,3623.0,5438311.0,666.2
Chad,TCD,1988,17.0,3645.0,5625601.0,647.93
Chad,TCD,1989,32.0,7449.0,5819588.0,1279.99
Chad,TCD,1990,32.0,7226.0,5982838.0,1207.79
Chad,TCD,1991,28.0,21182.0,6205688.0,3413.32
Chad,TCD,1992,25.0,19035.0,6474651.0,2939.93
Chad,TCD,1993,19.0,20894.0,6629147.0,3151.84
Chad,TCD,1994,24.0,9696.0,6783456.0,1429.36
Chad,TCD,1995,26.0,21952.0,7089063.0,3096.6
Chad,TCD,1996,22.0,24162.0,7410107.0,3260.68
Chad,TCD,1997,30.0,10446.0,7670371.0,1361.86
Chad,TCD,1998,20.0,12371.0,7938841.0,1558.29
Chad,TCD,1999,30.0,6868.0,8222710.0,835.25
Chad,TCD,2000,28.0,3546.0,8512092.0,416.58
Chad,TCD,2001,26.0,24908.0,8804122.0,2829.13
Chad,TCD,2002,25.0,7277.0,9116195.0,798.25
Chad,TCD,2003,23.0,15801.0,9487830.0,1665.4
Chad,TCD,2004,16.0,10324.0,9920036.0,1040.72
Chad,TCD,2005,27.0,2.0,10328094.0,0.19
Chad,TCD,2006,39.0,1594.0,10706426.0,148.88
Chad,TCD,2007,31.0,441.0,11081667.0,39.8
Chad,TCD,2008,27.0,63.0,11476299.0,5.49
Chad,TCD,2009,36.0,165.0,11893753.0,13.87
Chad,TCD,2010,46.0,194.0,12312580.0,15.76
Chad,TCD,2011,54.0,8650.0,12755004.0,678.17
Chad,TCD,2012,63.0,120.0,13211006.0,9.08
Chad,TCD,2013,57.0,226.0,13691081.0,16.51
Chad,TCD,2014,45.0,1275.0,14188680.0,89.86
Chad,TCD,2015,46.0,418.0,14647626.0,28.54
Chad,TCD,2016,37.0,118.0,15114652.0,7.81
Chad,TCD,2017,37.0,9.0,15622756.0,0.58
Chad,TCD,2018,41.0,1457.0,16156535.0,90.18
Chad,TCD,2019,40.0,1882.0,16685223.0,112.79
Chad,TCD,2020,45.0,2170.0,17224686.0,125.98
Chad,TCD,2021,53.0,2577.0,17828274.0,144.55
Chad,TCD,2022,54.0,2158.0,18455319.0,116.93
Chad,TCD,2023,63.0,11862.0,19319075.0,614.0
Chad,TCD,2024,66.0,6978.0,19319075.0,361.2
Chile,CHL,1980,94.0,3844.0,11508553.0,334.01
Chile,CHL,1981,95.0,6527.0,11678714.0,558.88
Chile,CHL,1982,96.0,9438.0,11850214.0,796.44
Chile,CHL,1983,95.0,6752.0,12026139.0,561.44
Chile,CHL,1984,94.0,4785.0,12207731.0,391.96
Chile,CHL,1985,92.0,17101.0,12395277.0,1379.64
Chile,CHL,1986,91.0,12563.0,12588923.0,997.94
Chile,CHL,1987,92.0,2623.0,12790156.0,205.08
Chile,CHL,1988,95.0,45079.0,12999426.0,3467.77
Chile,CHL,1989,92.0,13008.0,13215015.0,984.33
Chile,CHL,1990,97.0,1958.0,13437181.0,145.72
Chile,CHL,1991,99.0,2098.0,13662482.0,153.56
Chile,CHL,1992,89.0,1.0,13884579.0,0.07
Chile,CHL,1993,94.0,1.0,14102276.0,0.07
Chile,CHL,1994,96.0,0.0,14316263.0,0.0
Chile,CHL,1995,97.0,0.0,14527382.0,0.0
Chile,CHL,1996,93.0,0.0,14734049.0,0.0
Chile,CHL,1997,96.0,58.0,14932436.0,3.88
Chile,CHL,1998,98.0,6.0,15127799.0,0.4
Chile,CHL,1999,94.0,31.0,15319311.0,2.02
Chile,CHL,2000,97.0,0.0,15503638.0,0.0
Chile,CHL,2001,96.0,0.0,15683852.0,0.0
Chile,CHL,2002,95.0,0.0,15857926.0,0.0
Chile,CHL,2003,96.0,1.0,16024755.0,0.06
Chile,CHL,2004,94.0,0.0,16187324.0,0.0
Chile,CHL,2005,90.0,0.0,16348780.0,0.0
Chile,CHL,2006,91.0,0.0,16509195.0,0.0
Chile,CHL,2007,92.0,0.0,16671571.0,0.0
Chile,CHL,2008,96.0,0.0,16838987.0,0.0
Chile,CHL,2009,93.0,1.0,17009730.0,0.06
Chile,CHL,2010,93.0,0.0,17181463.0,0.0
Chile,CHL,2011,91.0,6.0,17351810.0,0.35
Chile,CHL,2012,90.0,0.0,17519116.0,0.0
Chile,CHL,2013,90.0,0.0,17687006.0,0.0
Chile,CHL,2014,97.0,0.0,17864192.0,0.0
Chile,CHL,2015,96.0,9.0,18047630.0,0.5
Chile,CHL,2016,93.0,0.0,18267225.0,0.0
Chile,CHL,2017,93.0,0.0,18558868.0,0.0
Chile,CHL,2018,93.0,24.0,18893185.0,1.27
Chile,CHL,2019,95.0,11.0,19197748.0,0.57
Chile,CHL,2020,91.0,2.0,19370621.0,0.1
Chile,CHL,2021,92.0,0.0,19456323.0,0.0
Chile,CHL,2022,94.0,0.0,19553033.0,0.0
Chile,CHL,2023,94.0,1.0,19658833.0,0.05
Chile,CHL,2024,93.0,0.0,19658833.0,0.0
China,CHN,1980,,1122285.0,983163540.0,1141.5
China,CHN,1981,,1010755.0,997721072.0,1013.06
China,CHN,1982,,892870.0,1013588177.0,880.9
China,CHN,1983,78.0,781475.0,1029064952.0,759.4
China,CHN,1984,84.0,619709.0,1043849645.0,593.68
China,CHN,1985,88.0,418159.0,1059807818.0,394.56
China,CHN,1986,63.0,198738.0,1077233607.0,184.49
China,CHN,1987,77.0,104925.0,1096217445.0,95.72
China,CHN,1988,95.0,96994.0,1115244168.0,86.97
China,CHN,1989,95.0,85049.0,1133991006.0,75.0
China,CHN,1990,98.0,85705.0,1153582725.0,74.29
China,CHN,1991,92.0,123428.0,1170788533.0,105.42
China,CHN,1992,87.0,140048.0,1184574236.0,118.23
China,CHN,1993,81.0,117851.0,1197308574.0,98.43
China,CHN,1994,75.0,76204.0,1209003099.0,63.03
China,CHN,1995,80.0,53232.0,1220133929.0,43.63
China,CHN,1996,84.0,68404.0,1230944809.0,55.57
China,CHN,1997,83.0,79621.0,1241139623.0,64.15
China,CHN,1998,83.0,53030.0,1250847122.0,42.4
China,CHN,1999,84.0,61840.0,1260176650.0,49.07
China,CHN,2000,84.0,71093.0,1269581174.0,56.0
China,CHN,2001,85.0,88962.0,1278725061.0,69.57
China,CHN,2002,85.0,58341.0,1286866835.0,45.34
China,CHN,2003,85.0,71879.0,1294517323.0,55.53
China,CHN,2004,86.0,70549.0,1302100316.0,54.18
China,CHN,2005,86.0,124219.0,1310027135.0,94.82
China,CHN,2006,93.0,99602.0,1318054030.0,75.57
China,CHN,2007,94.0,109023.0,1325813576.0,82.23
China,CHN,2008,97.0,131441.0,1333821011.0,98.54
China,CHN,2009,99.0,52461.0,1342522717.0,39.08
China,CHN,2010,99.0,38159.0,1351561505.0,28.23
China,CHN,2011,99.0,9943.0,1360250658.0,7.31
China,CHN,2012,99.0,6183.0,1369520866.0,4.51
China,CHN,2013,99.0,26883.0,1379008040.0,19.49
China,CHN,2014,99.0,52628.0,1387951970.0,37.92
China,CHN,2015,99.0,42361.0,1396134171.0,30.34
China,CHN,2016,99.0,24820.0,1404052628.0,17.68
China,CHN,2017,99.0,5941.0,1412354730.0,4.21
China,CHN,2018,99.0,3940.0,1419008954.0,2.78
China,CHN,2019,99.0,2974.0,1423520357.0,2.09
China,CHN,2020,99.0,867.0,1426106093.0,0.61
China,CHN,2021,99.0,554.0,1426437269.0,0.39
China,CHN,2022,99.0,552.0,1425179562.0,0.39
China,CHN,2023,95.0,621.0,1422584930.0,0.44
China,CHN,2024,95.0,1272.0,1422584930.0,0.89
Colombia,COL,1980,13.0,9222.0,26104503.0,353.27
Colombia,COL,1981,26.0,19612.0,26713267.0,734.17
Colombia,COL,1982,28.0,9273.0,27338334.0,339.19
Colombia,COL,1983,43.0,13099.0,27988176.0,468.02
Colombia,COL,1984,51.0,11849.0,28642690.0,413.68
Colombia,COL,1985,51.0,5572.0,29268470.0,190.38
Colombia,COL,1986,45.0,5180.0,29879114.0,173.37
Colombia,COL,1987,59.0,20620.0,30499471.0,676.08
Colombia,COL,1988,74.0,14801.0,31130530.0,475.45
Colombia,COL,1989,81.0,12598.0,31776280.0,396.46
Colombia,COL,1990,82.0,12520.0,32440064.0,385.94
Colombia,COL,1991,78.0,10391.0,33098373.0,313.94
Colombia,COL,1992,74.0,7976.0,33760571.0,236.25
Colombia,COL,1993,94.0,9105.0,34441479.0,264.36
Colombia,COL,1994,84.0,525.0,35127408.0,14.95
Colombia,COL,1995,95.0,410.0,35804670.0,11.45
Colombia,COL,1996,90.0,160.0,36462740.0,4.39
Colombia,COL,1997,80.0,67.0,37121155.0,1.8
Colombia,COL,1998,78.0,61.0,37792169.0,1.61
Colombia,COL,1999,79.0,44.0,38454861.0,1.14
Colombia,COL,2000,88.0,1.0,39089939.0,0.03
Colombia,COL,2001,93.0,3.0,39709263.0,0.08
Colombia,COL,2002,93.0,139.0,40324684.0,3.45
Colombia,COL,2003,93.0,0.0,40937426.0,0.0
Colombia,COL,2004,92.0,0.0,41543177.0,0.0
Colombia,COL,2005,94.0,0.0,42128978.0,0.0
Colombia,COL,2006,95.0,0.0,42691081.0,0.0
Colombia,COL,2007,95.0,0.0,43235374.0,0.0
Colombia,COL,2008,92.0,0.0,43758805.0,0.0
Colombia,COL,2009,95.0,0.0,44271543.0,0.0
Colombia,COL,2010,88.0,0.0,44777325.0,0.0
Colombia,COL,2011,88.0,6.0,45259614.0,0.13
Colombia,COL,2012,94.0,1.0,45715807.0,0.02
Colombia,COL,2013,92.0,1.0,46151583.0,0.02
Colombia,COL,2014,91.0,0.0,46565426.0,0.0
Colombia,COL,2015,94.0,1.0,46969938.0,0.02
Colombia,COL,2016,93.0,0.0,47437513.0,0.0
Colombia,COL,2017,93.0,0.0,48131076.0,0.0
Colombia,COL,2018,95.0,208.0,49024463.0,4.24
Colombia,COL,2019,95.0,244.0,49907987.0,4.89
Colombia,COL,2020,90.0,1.0,50629997.0,0.02
Colombia,COL,2021,86.0,0.0,51188174.0,0.0
Colombia,COL,2022,88.0,0.0,51737944.0,0.0
Colombia,COL,2023,93.0,0.0,52321152.0,0.0
Colombia,COL,2024,93.0,0.0,52321152.0,0.0
Comoros,COM,1980,,1801.0,337728.0,5332.69
Comoros,COM,1981,,0.0,347393.0,0.0
Comoros,COM,1982,,0.0,357150.0,0.0
Comoros,COM,1983,,0.0,367241.0,0.0
Comoros,COM,1984,42.0,0.0,377644.0,0.0
Comoros,COM,1985,18.0,0.0,388357.0,0.0
Comoros,COM,1986,71.0,0.0,399328.0,0.0
Comoros,COM,1987,71.0,0.0,410445.0,0.0
Comoros,COM,1988,40.0,0.0,421697.0,0.0
Comoros,COM,1989,85.0,170.0,433110.0,392.51
Comoros,COM,1990,87.0,2328.0,444601.0,5236.16
Comoros,COM,1991,40.0,0.0,455563.0,0.0
Comoros,COM,1992,51.0,0.0,465118.0,0.0
Comoros,COM,1993,56.0,0.0,473681.0,0.0
Comoros,COM,1994,59.0,2.0,482148.0,4.15
Comoros,COM,1995,69.0,0.0,490594.0,0.0
Comoros,COM,1996,43.0,0.0,499113.0,0.0
Comoros,COM,1997,49.0,0.0,507779.0,0.0
Comoros,COM,1998,67.0,0.0,516606.0,0.0
Comoros,COM,1999,69.0,0.0,525894.0,0.0
Comoros,COM,2000,70.0,,536084.0,
Comoros,COM,2001,70.0,,547221.0,
Comoros,COM,2002,71.0,0.0,558927.0,0.0
Comoros,COM,2003,67.0,0.0,569808.0,0.0
Comoros,COM,2004,76.0,0.0,580711.0,0.0
Comoros,COM,2005,67.0,912.0,592679.0,1538.78
Comoros,COM,2006,66.0,85.0,604752.0,140.55
Comoros,COM,2007,65.0,0.0,616935.0,0.0
Comoros,COM,2008,76.0,0.0,629314.0,0.0
Comoros,COM,2009,79.0,1.0,641949.0,1.56
Comoros,COM,2010,72.0,0.0,654846.0,0.0
Comoros,COM,2011,79.0,3.0,668064.0,4.49
Comoros,COM,2012,85.0,1.0,681637.0,1.47
Comoros,COM,2013,82.0,0.0,696203.0,0.0
Comoros,COM,2014,80.0,0.0,711512.0,0.0
Comoros,COM,2015,81.0,0.0,726685.0,0.0
Comoros,COM,2016,77.0,0.0,741745.0,0.0
Comoros,COM,2017,75.0,0.0,756672.0,0.0
Comoros,COM,2018,74.0,0.0,771597.0,0.0
Comoros,COM,2019,76.0,65.0,786582.0,82.64
Comoros,COM,2020,75.0,0.0,802172.0,0.0
Comoros,COM,2021,68.0,0.0,818178.0,0.0
Comoros,COM,2022,71.0,4.0,834191.0,4.8
Comoros,COM,2023,70.0,51.0,850390.0,59.97
Comoros,COM,2024,70.0,17.0,850390.0,19.99
Congo,COG,1980,49.0,11892.0,1828991.0,6501.95
Congo,COG,1981,49.0,9668.0,1869764.0,5170.71
Congo,COG,1982,55.0,12931.0,1910429.0,6768.64
Congo,COG,1983,59.0,16642.0,1950328.0,8532.92
Congo,COG,1984,52.0,18615.0,1999533.0,9309.67
Congo,COG,1985,67.0,7600.0,2059317.0,3690.54
Congo,COG,1986,69.0,6424.0,2120604.0,3029.33
Congo,COG,1987,69.0,1420.0,2183478.0,650.34
Congo,COG,1988,73.0,454.0,2247653.0,201.99
Congo,COG,1989,75.0,498.0,2313562.0,215.25
Congo,COG,1990,75.0,3608.0,2380562.0,1515.61
Congo,COG,1991,64.0,4042.0,2449235.0,1650.31
Congo,COG,1992,60.0,4302.0,2519467.0,1707.5
Congo,COG,1993,55.0,693.0,2595127.0,267.04
Congo,COG,1994,47.0,226.0,2673147.0,84.54
Congo,COG,1995,38.0,2381.0,2749464.0,865.99
Congo,COG,1996,42.0,3897.0,2826786.0,1378.6
Congo,COG,1997,18.0,1267.0,2887862.0,438.73
Congo,COG,1998,21.0,174.0,2952062.0,58.94
Congo,COG,1999,23.0,313.0,3032876.0,103.2
Congo,COG,2000,34.0,1678.0,3151349.0,532.47
Congo,COG,2001,35.0,2152.0,3272542.0,657.59
Congo,COG,2002,37.0,2788.0,3350770.0,832.05
Congo,COG,2003,50.0,3712.0,3445758.0,1077.27
Congo,COG,2004,65.0,3524.0,3565565.0,988.34
Congo,COG,2005,54.0,146.0,3696399.0,39.5
Congo,COG,2006,61.0,126.0,3837411.0,32.83
Congo,COG,2007,59.0,84.0,3980430.0,21.1
Congo,COG,2008,69.0,2.0,4113514.0,0.49
Congo,COG,2009,63.0,1.0,4281218.0,0.23
Congo,COG,2010,75.0,4.0,4462304.0,0.9
Congo,COG,2011,83.0,315.0,4609728.0,68.33
Congo,COG,2012,80.0,260.0,4740457.0,54.85
Congo,COG,2013,80.0,124.0,4857104.0,25.53
Congo,COG,2014,80.0,71.0,4975887.0,14.27
Congo,COG,2015,80.0,1359.0,5097583.0,266.6
Congo,COG,2016,67.0,277.0,5222545.0,53.04
Congo,COG,2017,70.0,958.0,5351013.0,179.03
Congo,COG,2018,75.0,28.0,5483128.0,5.11
Congo,COG,2019,73.0,66.0,5616656.0,11.75
Congo,COG,2020,68.0,37.0,5752792.0,6.43
Congo,COG,2021,68.0,160.0,5892187.0,27.15
Congo,COG,2022,65.0,6718.0,6035104.0,1113.15
Congo,COG,2023,65.0,385.0,6182890.0,62.27
Congo,COG,2024,72.0,483.0,6182890.0,78.12
Cook Islands,COK,1980,,363.0,17719.0,20486.48
Cook Islands,COK,1981,,57.0,17623.0,3234.41
Cook Islands,COK,1982,,14.0,17498.0,800.09
Cook Islands,COK,1983,68.0,4.0,17304.0,231.16
Cook Islands,COK,1984,65.0,1.0,17085.0,58.53
Cook Islands,COK,1985,76.0,50.0,16853.0,2966.83
Cook Islands,COK,1986,70.0,5.0,16626.0,300.73
Cook Islands,COK,1987,84.0,16.0,16601.0,963.8
Cook Islands,COK,1988,92.0,15.0,16771.0,894.4
Cook Islands,COK,1989,99.0,691.0,16958.0,40747.73
Cook Islands,COK,1990,67.0,36.0,17146.0,2099.62
Cook Islands,COK,1991,94.0,61.0,17329.0,3520.11
Cook Islands,COK,1992,87.0,9.0,17495.0,514.43
Cook Islands,COK,1993,99.0,3.0,17615.0,170.31
Cook Islands,COK,1994,72.0,0.0,17710.0,0.0
Cook Islands,COK,1995,96.0,7.0,17801.0,393.24
Cook Islands,COK,1996,72.0,0.0,17880.0,0.0
Cook Islands,COK,1997,88.0,194.0,17648.0,10992.75
Cook Islands,COK,1998,97.0,9.0,17102.0,526.25
Cook Islands,COK,1999,84.0,0.0,16508.0,0.0
Cook Islands,COK,2000,76.0,2.0,15876.0,125.98
Cook Islands,COK,2001,83.0,0.0,15259.0,0.0
Cook Islands,COK,2002,95.0,0.0,14994.0,0.0
Cook Islands,COK,2003,99.0,17.0,15049.0,1129.64
Cook Islands,COK,2004,99.0,0.0,15103.0,0.0
Cook Islands,COK,2005,99.0,0.0,15153.0,0.0
Cook Islands,COK,2006,99.0,6.0,15233.0,393.88
Cook Islands,COK,2007,98.0,1.0,15519.0,64.44
Cook Islands,COK,2008,95.0,0.0,16003.0,0.0
Cook Islands,COK,2009,78.0,0.0,16497.0,0.0
Cook Islands,COK,2010,99.0,0.0,17000.0,0.0
Cook Islands,COK,2011,89.0,0.0,17480.0,0.0
Cook Islands,COK,2012,97.0,0.0,17690.0,0.0
Cook Islands,COK,2013,97.0,,17629.0,
Cook Islands,COK,2014,98.0,,17556.0,
Cook Islands,COK,2015,99.0,,17471.0,
Cook Islands,COK,2016,90.0,,17360.0,
Cook Islands,COK,2017,98.0,,17066.0,
Cook Islands,COK,2018,99.0,0.0,16623.0,0.0
Cook Islands,COK,2019,99.0,0.0,16151.0,0.0
Cook Islands,COK,2020,87.0,,15664.0,
Cook Islands,COK,2021,74.0,,15205.0,
Cook Islands,COK,2022,61.0,,14747.0,
Cook Islands,COK,2023,84.0,,14244.0,
Cook Islands,COK,2024,99.0,,14244.0,
Costa Rica,CRI,1980,60.0,1000.0,2390641.0,418.3
Costa Rica,CRI,1981,79.0,170.0,2456643.0,69.2
Costa Rica,CRI,1982,87.0,167.0,2524811.0,66.14
Costa Rica,CRI,1983,84.0,39.0,2595155.0,15.03
Costa Rica,CRI,1984,76.0,11.0,2667597.0,4.12
Costa Rica,CRI,1985,78.0,1.0,2741903.0,0.36
Costa Rica,CRI,1986,90.0,4534.0,2817219.0,1609.39
Costa Rica,CRI,1987,93.0,4004.0,2892698.0,1384.17
Costa Rica,CRI,1988,97.0,358.0,2968102.0,120.62
Costa Rica,CRI,1989,77.0,33.0,3043826.0,10.84
Costa Rica,CRI,1990,90.0,76.0,3121707.0,24.35
Costa Rica,CRI,1991,96.0,6296.0,3202182.0,1966.16
Costa Rica,CRI,1992,92.0,2361.0,3284261.0,718.88
Costa Rica,CRI,1993,89.0,273.0,3367436.0,81.07
Costa Rica,CRI,1994,87.0,0.0,3451122.0,0.0
Costa Rica,CRI,1995,91.0,35.0,3535179.0,9.9
Costa Rica,CRI,1996,84.0,24.0,3619012.0,6.63
Costa Rica,CRI,1997,99.0,26.0,3701713.0,7.02
Costa Rica,CRI,1998,83.0,27.0,3782840.0,7.14
Costa Rica,CRI,1999,88.0,23.0,3862103.0,5.96
Costa Rica,CRI,2000,82.0,0.0,3937737.0,0.0
Costa Rica,CRI,2001,82.0,0.0,4008951.0,0.0
Costa Rica,CRI,2002,94.0,0.0,4075710.0,0.0
Costa Rica,CRI,2003,89.0,1.0,4138791.0,0.24
Costa Rica,CRI,2004,88.0,0.0,4200079.0,0.0
Costa Rica,CRI,2005,89.0,1.0,4261240.0,0.23
Costa Rica,CRI,2006,90.0,,4321337.0,
Costa Rica,CRI,2007,90.0,0.0,4380250.0,0.0
Costa Rica,CRI,2008,89.0,0.0,4440058.0,0.0
Costa Rica,CRI,2009,81.0,0.0,4499788.0,0.0
Costa Rica,CRI,2010,83.0,0.0,4555965.0,0.0
Costa Rica,CRI,2011,83.0,0.0,4609834.0,0.0
Costa Rica,CRI,2012,90.0,0.0,4663930.0,0.0
Costa Rica,CRI,2013,91.0,0.0,4716153.0,0.0
Costa Rica,CRI,2014,95.0,1.0,4767126.0,0.21
Costa Rica,CRI,2015,93.0,0.0,4818045.0,0.0
Costa Rica,CRI,2016,93.0,0.0,4867003.0,0.0
Costa Rica,CRI,2017,96.0,0.0,4913177.0,0.0
Costa Rica,CRI,2018,94.0,0.0,4957813.0,0.0
Costa Rica,CRI,2019,95.0,10.0,4999549.0,2.0
Costa Rica,CRI,2020,95.0,0.0,5034323.0,0.0
Costa Rica,CRI,2021,89.0,0.0,5059991.0,0.0
Costa Rica,CRI,2022,90.0,0.0,5081764.0,0.0
Costa Rica,CRI,2023,93.0,1.0,5105526.0,0.2
Costa Rica,CRI,2024,93.0,0.0,5105526.0,0.0
Cote d'Ivoire,CIV,1980,,7633.0,8220717.0,928.51
Cote d'Ivoire,CIV,1981,,14782.0,8556600.0,1727.56
Cote d'Ivoire,CIV,1982,,15605.0,8907942.0,1751.81
Cote d'Ivoire,CIV,1983,,7139.0,9272742.0,769.89
Cote d'Ivoire,CIV,1984,31.0,5946.0,9650523.0,616.13
Cote d'Ivoire,CIV,1985,31.0,8892.0,10040486.0,885.61
Cote d'Ivoire,CIV,1986,31.0,23839.0,10440924.0,2283.23
Cote d'Ivoire,CIV,1987,30.0,34170.0,10851481.0,3148.88
Cote d'Ivoire,CIV,1988,31.0,16864.0,11275194.0,1495.67
Cote d'Ivoire,CIV,1989,41.0,18660.0,11719774.0,1592.18
Cote d'Ivoire,CIV,1990,56.0,17799.0,12189780.0,1460.16
Cote d'Ivoire,CIV,1991,57.0,9902.0,12683875.0,780.68
Cote d'Ivoire,CIV,1992,54.0,14765.0,13200313.0,1118.53
Cote d'Ivoire,CIV,1993,52.0,7465.0,13735955.0,543.46
Cote d'Ivoire,CIV,1994,55.0,,14287211.0,
Cote d'Ivoire,CIV,1995,57.0,30039.0,14855566.0,2022.07
Cote d'Ivoire,CIV,1996,65.0,20858.0,15442322.0,1350.7
Cote d'Ivoire,CIV,1997,68.0,9665.0,16047178.0,602.29
Cote d'Ivoire,CIV,1998,66.0,12289.0,16663948.0,737.46
Cote d'Ivoire,CIV,1999,57.0,4824.0,17215937.0,280.21
Cote d'Ivoire,CIV,2000,68.0,5729.0,17699007.0,323.69
Cote d'Ivoire,CIV,2001,71.0,5790.0,18178920.0,318.5
Cote d'Ivoire,CIV,2002,71.0,5882.0,18654772.0,315.31
Cote d'Ivoire,CIV,2003,70.0,4770.0,19125546.0,249.4
Cote d'Ivoire,CIV,2004,78.0,3466.0,19594997.0,176.88
Cote d'Ivoire,CIV,2005,84.0,115.0,20068468.0,5.73
Cote d'Ivoire,CIV,2006,73.0,11.0,20546808.0,0.54
Cote d'Ivoire,CIV,2007,67.0,5.0,21030558.0,0.24
Cote d'Ivoire,CIV,2008,63.0,12.0,21514446.0,0.56
Cote d'Ivoire,CIV,2009,67.0,183.0,21997936.0,8.32
Cote d'Ivoire,CIV,2010,64.0,441.0,22488068.0,19.61
Cote d'Ivoire,CIV,2011,49.0,628.0,22982003.0,27.33
Cote d'Ivoire,CIV,2012,74.0,137.0,23467083.0,5.84
Cote d'Ivoire,CIV,2013,70.0,48.0,23939775.0,2.01
Cote d'Ivoire,CIV,2014,59.0,50.0,24527393.0,2.04
Cote d'Ivoire,CIV,2015,67.0,65.0,25246347.0,2.57
Cote d'Ivoire,CIV,2016,73.0,45.0,25989404.0,1.73
Cote d'Ivoire,CIV,2017,70.0,163.0,26733376.0,6.1
Cote d'Ivoire,CIV,2018,74.0,453.0,27464175.0,16.49
Cote d'Ivoire,CIV,2019,71.0,372.0,28193014.0,13.19
Cote d'Ivoire,CIV,2020,63.0,600.0,28915452.0,20.75
Cote d'Ivoire,CIV,2021,65.0,1837.0,29639737.0,61.98
Cote d'Ivoire,CIV,2022,62.0,1596.0,30395004.0,52.51
Cote d'Ivoire,CIV,2023,70.0,1361.0,31165653.0,43.67
Cote d'Ivoire,CIV,2024,75.0,1872.0,31165653.0,60.07
Croatia,HRV,1990,,119.0,4835067.0,24.61
Croatia,HRV,1991,,117.0,4825159.0,24.25
Croatia,HRV,1992,90.0,160.0,4782235.0,33.46
Croatia,HRV,1993,90.0,87.0,4729734.0,18.39
Croatia,HRV,1994,90.0,138.0,4675517.0,29.52
Croatia,HRV,1995,92.0,697.0,4619362.0,150.89
Croatia,HRV,1996,92.0,119.0,4562290.0,26.08
Croatia,HRV,1997,91.0,240.0,4504627.0,53.28
Croatia,HRV,1998,91.0,648.0,4445669.0,145.76
Croatia,HRV,1999,92.0,31.0,4385823.0,7.07
Croatia,HRV,2000,93.0,9.0,4326105.0,2.08
Croatia,HRV,2001,94.0,8.0,4301079.0,1.86
Croatia,HRV,2002,95.0,6.0,4305783.0,1.39
Croatia,HRV,2003,94.0,19.0,4306683.0,4.41
Croatia,HRV,2004,96.0,54.0,4310050.0,12.53
Croatia,HRV,2005,96.0,2.0,4313946.0,0.46
Croatia,HRV,2006,95.0,1.0,4315802.0,0.23
Croatia,HRV,2007,96.0,0.0,4315959.0,0.0
Croatia,HRV,2008,96.0,51.0,4314635.0,11.82
Croatia,HRV,2009,95.0,2.0,4310537.0,0.46
Croatia,HRV,2010,96.0,7.0,4301150.0,1.63
Croatia,HRV,2011,96.0,12.0,4280827.0,2.8
Croatia,HRV,2012,95.0,2.0,4259233.0,0.47
Croatia,HRV,2013,94.0,0.0,4242403.0,0.0
Croatia,HRV,2014,94.0,,4219485.0,
Croatia,HRV,2015,93.0,206.0,4183732.0,49.24
Croatia,HRV,2016,90.0,4.0,4136438.0,0.97
Croatia,HRV,2017,89.0,7.0,4079198.0,1.72
Croatia,HRV,2018,93.0,23.0,4024868.0,5.71
Croatia,HRV,2019,93.0,52.0,3986338.0,13.04
Croatia,HRV,2020,91.0,0.0,3953956.0,0.0
Croatia,HRV,2021,89.0,0.0,3924607.0,0.0
Croatia,HRV,2022,90.0,0.0,3907031.0,0.0
Croatia,HRV,2023,90.0,3.0,3896023.0,0.77
Croatia,HRV,2024,90.0,33.0,3896023.0,8.47
Cuba,CUB,1980,48.0,3924.0,9804798.0,400.21
Cuba,CUB,1981,49.0,18387.0,9849325.0,1866.83
Cuba,CUB,1982,55.0,23408.0,9912681.0,2361.42
Cuba,CUB,1983,94.0,3287.0,9991027.0,329.0
Cuba,CUB,1984,82.0,3315.0,10073306.0,329.09
Cuba,CUB,1985,85.0,2874.0,10157229.0,282.95
Cuba,CUB,1986,80.0,3312.0,10244250.0,323.3
Cuba,CUB,1987,99.0,858.0,10335337.0,83.02
Cuba,CUB,1988,89.0,121.0,10432590.0,11.6
Cuba,CUB,1989,98.0,12.0,10533249.0,1.14
Cuba,CUB,1990,94.0,12.0,10631796.0,1.13
Cuba,CUB,1991,99.0,17.0,10717640.0,1.59
Cuba,CUB,1992,99.0,12.0,10785807.0,1.11
Cuba,CUB,1993,96.0,2.0,10841040.0,0.18
Cuba,CUB,1994,99.0,0.0,10886022.0,0.0
Cuba,CUB,1995,99.0,1.0,10925362.0,0.09
Cuba,CUB,1996,99.0,0.0,10962009.0,0.0
Cuba,CUB,1997,96.0,0.0,10997933.0,0.0
Cuba,CUB,1998,99.0,0.0,11034716.0,0.0
Cuba,CUB,1999,96.0,0.0,11072230.0,0.0
Cuba,CUB,2000,94.0,0.0,11109112.0,0.0
Cuba,CUB,2001,96.0,0.0,11144134.0,0.0
Cuba,CUB,2002,98.0,0.0,11177422.0,0.0
Cuba,CUB,2003,99.0,0.0,11209379.0,0.0
Cuba,CUB,2004,99.0,0.0,11238756.0,0.0
Cuba,CUB,2005,98.0,0.0,11262553.0,0.0
Cuba,CUB,2006,96.0,0.0,11278550.0,0.0
Cuba,CUB,2007,97.0,0.0,11287274.0,0.0
Cuba,CUB,2008,98.0,0.0,11291764.0,0.0
Cuba,CUB,2009,99.0,0.0,11294719.0,0.0
Cuba,CUB,2010,99.0,0.0,11297414.0,0.0
Cuba,CUB,2011,99.0,0.0,11301578.0,0.0
Cuba,CUB,2012,99.0,0.0,11303172.0,0.0
Cuba,CUB,2013,99.0,,11298163.0,
Cuba,CUB,2014,99.0,0.0,11285780.0,0.0
Cuba,CUB,2015,99.0,0.0,11275069.0,0.0
Cuba,CUB,2016,99.0,0.0,11265615.0,0.0
Cuba,CUB,2017,99.0,0.0,11247824.0,0.0
Cuba,CUB,2018,99.0,0.0,11227116.0,0.0
Cuba,CUB,2019,99.0,0.0,11202847.0,0.0
Cuba,CUB,2020,98.0,0.0,11176349.0,0.0
Cuba,CUB,2021,99.0,0.0,11122169.0,0.0
Cuba,CUB,2022,99.0,0.0,11059822.0,0.0
Cuba,CUB,2023,99.0,0.0,11019932.0,0.0
Cuba,CUB,2024,99.0,0.0,11019932.0,0.0
Curacao,CUW,2017,,0.0,168525.0,0.0
Curacao,CUW,2018,,0.0,181590.0,0.0
Curacao,CUW,2019,,1.0,189555.0,5.28
Cyprus,CYP,1980,29.0,0.0,683082.0,0.0
Cyprus,CYP,1981,28.0,3.0,688895.0,4.35
Cyprus,CYP,1982,21.0,27.0,696503.0,38.77
Cyprus,CYP,1983,19.0,183.0,707224.0,258.76
Cyprus,CYP,1984,25.0,3.0,719345.0,4.17
Cyprus,CYP,1985,43.0,1.0,731290.0,1.37
Cyprus,CYP,1986,60.0,1.0,743116.0,1.35
Cyprus,CYP,1987,91.0,0.0,754796.0,0.0
Cyprus,CYP,1988,74.0,0.0,766238.0,0.0
Cyprus,CYP,1989,76.0,0.0,777429.0,0.0
Cyprus,CYP,1990,77.0,4.0,788355.0,5.07
Cyprus,CYP,1991,78.0,1.0,798950.0,1.25
Cyprus,CYP,1992,80.0,20.0,810344.0,24.68
Cyprus,CYP,1993,81.0,0.0,826042.0,0.0
Cyprus,CYP,1994,82.0,0.0,844669.0,0.0
Cyprus,CYP,1995,83.0,0.0,862698.0,0.0
Cyprus,CYP,1996,90.0,55.0,880295.0,62.48
Cyprus,CYP,1997,90.0,1.0,897574.0,1.11
Cyprus,CYP,1998,89.0,1.0,914552.0,1.09
Cyprus,CYP,1999,87.0,0.0,931235.0,0.0
Cyprus,CYP,2000,86.0,0.0,947667.0,0.0
Cyprus,CYP,2001,86.0,,964129.0,
Cyprus,CYP,2002,86.0,0.0,981443.0,0.0
Cyprus,CYP,2003,86.0,0.0,999600.0,0.0
Cyprus,CYP,2004,86.0,0.0,1017875.0,0.0
Cyprus,CYP,2005,86.0,1.0,1036156.0,0.97
Cyprus,CYP,2006,87.0,0.0,1054424.0,0.0
Cyprus,CYP,2007,87.0,0.0,1072727.0,0.0
Cyprus,CYP,2008,87.0,1.0,1091029.0,0.92
Cyprus,CYP,2009,87.0,0.0,1109377.0,0.0
Cyprus,CYP,2010,87.0,18.0,1127826.0,15.96
Cyprus,CYP,2011,87.0,0.0,1146493.0,0.0
Cyprus,CYP,2012,86.0,1.0,1165403.0,0.86
Cyprus,CYP,2013,86.0,0.0,1183899.0,0.0
Cyprus,CYP,2014,86.0,10.0,1201806.0,8.32
Cyprus,CYP,2015,90.0,0.0,1219504.0,0.0
Cyprus,CYP,2016,90.0,0.0,1237114.0,0.0
Cyprus,CYP,2017,90.0,3.0,1254274.0,2.39
Cyprus,CYP,2018,90.0,15.0,1270743.0,11.8
Cyprus,CYP,2019,86.0,6.0,1286669.0,4.66
Cyprus,CYP,2020,86.0,1.0,1302250.0,0.77
Cyprus,CYP,2021,86.0,1.0,1317311.0,0.76
Cyprus,CYP,2022,84.0,0.0,1331376.0,0.0
Cyprus,CYP,2023,82.0,0.0,1344981.0,0.0
Cyprus,CYP,2024,99.0,27.0,1344981.0,20.07
Czechia,CZE,1990,,2420.0,10301989.0,234.91
Czechia,CZE,1991,,839.0,10304420.0,81.42
Czechia,CZE,1992,,416.0,10312449.0,40.34
Czechia,CZE,1993,98.0,14.0,10320404.0,1.36
Czechia,CZE,1994,97.0,9.0,10322332.0,0.87
Czechia,CZE,1995,96.0,5.0,10312041.0,0.48
Czechia,CZE,1996,97.0,10.0,10296140.0,0.97
Czechia,CZE,1997,96.0,14.0,10280049.0,1.36
Czechia,CZE,1998,95.0,19.0,10265430.0,1.85
Czechia,CZE,1999,97.0,2.0,10251385.0,0.2
Czechia,CZE,2000,97.0,9.0,10236809.0,0.88
Czechia,CZE,2001,97.0,6.0,10231942.0,0.59
Czechia,CZE,2002,98.0,4.0,10239474.0,0.39
Czechia,CZE,2003,97.0,30.0,10248907.0,2.93
Czechia,CZE,2004,97.0,17.0,10261453.0,1.66
Czechia,CZE,2005,97.0,0.0,10280155.0,0.0
Czechia,CZE,2006,97.0,7.0,10304592.0,0.68
Czechia,CZE,2007,98.0,2.0,10337539.0,0.19
Czechia,CZE,2008,97.0,2.0,10378298.0,0.19
Czechia,CZE,2009,98.0,5.0,10420985.0,0.48
Czechia,CZE,2010,98.0,0.0,10464035.0,0.0
Czechia,CZE,2011,98.0,17.0,10495508.0,1.62
Czechia,CZE,2012,98.0,22.0,10507339.0,2.09
Czechia,CZE,2013,99.0,15.0,10511164.0,1.43
Czechia,CZE,2014,99.0,222.0,10517223.0,21.11
Czechia,CZE,2015,99.0,9.0,10524418.0,0.86
Czechia,CZE,2016,98.0,7.0,10531946.0,0.66
Czechia,CZE,2017,97.0,142.0,10541343.0,13.47
Czechia,CZE,2018,96.0,207.0,10548934.0,19.62
Czechia,CZE,2019,92.0,590.0,10554872.0,55.9
Czechia,CZE,2020,94.0,4.0,10550129.0,0.38
Czechia,CZE,2021,97.0,0.0,10530683.0,0.0
Czechia,CZE,2022,97.0,0.0,10673216.0,0.0
Czechia,CZE,2023,87.0,1.0,10809722.0,0.09
Czechia,CZE,2024,89.0,35.0,10809722.0,3.24
Democratic Republic of Congo,COD,1980,18.0,32596.0,26711098.0,1220.32
Democratic Republic of Congo,COD,1981,23.0,38142.0,27500518.0,1386.96
Democratic Republic of Congo,COD,1982,25.0,30775.0,28338193.0,1085.99
Democratic Republic of Congo,COD,1983,30.0,21057.0,29250969.0,719.87
Democratic Republic of Congo,COD,1984,30.0,11385.0,30245088.0,376.42
Democratic Republic of Congo,COD,1985,40.0,19508.0,31264819.0,623.96
Democratic Republic of Congo,COD,1986,39.0,19430.0,32265200.0,602.2
Democratic Republic of Congo,COD,1987,41.0,14866.0,33298910.0,446.44
Democratic Republic of Congo,COD,1988,44.0,13214.0,34382756.0,384.32
Democratic Republic of Congo,COD,1989,41.0,11178.0,35486863.0,314.99
Democratic Republic of Congo,COD,1990,38.0,4564.0,36684065.0,124.41
Democratic Republic of Congo,COD,1991,17.0,,37925828.0,
Democratic Republic of Congo,COD,1992,25.0,63.0,39228908.0,1.61
Democratic Republic of Congo,COD,1993,33.0,2749.0,40656338.0,67.62
Democratic Republic of Congo,COD,1994,39.0,12573.0,42626873.0,294.95
Democratic Republic of Congo,COD,1995,27.0,5443.0,44433718.0,122.5
Democratic Republic of Congo,COD,1996,21.0,9546.0,45296125.0,210.75
Democratic Republic of Congo,COD,1997,20.0,5766.0,46029907.0,125.27
Democratic Republic of Congo,COD,1998,20.0,15271.0,47297595.0,322.87
Democratic Republic of Congo,COD,1999,15.0,12135.0,48912972.0,248.09
Democratic Republic of Congo,COD,2000,26.0,8282.0,50507445.0,163.98
Democratic Republic of Congo,COD,2001,34.0,8072.0,52132646.0,154.84
Democratic Republic of Congo,COD,2002,41.0,30466.0,53750529.0,566.8
Democratic Republic of Congo,COD,2003,48.0,21956.0,55343873.0,396.72
Democratic Republic of Congo,COD,2004,57.0,44934.0,56997740.0,788.35
Democratic Republic of Congo,COD,2005,61.0,182485.0,58775726.0,3104.77
Democratic Republic of Congo,COD,2006,63.0,80123.0,60615909.0,1321.81
Democratic Republic of Congo,COD,2007,64.0,55577.0,62477753.0,889.55
Democratic Republic of Congo,COD,2008,64.0,12461.0,64390658.0,193.52
Democratic Republic of Congo,COD,2009,65.0,57.0,66412038.0,0.86
Democratic Republic of Congo,COD,2010,66.0,5407.0,68563038.0,78.86
Democratic Republic of Congo,COD,2011,66.0,133802.0,70849311.0,1888.54
Democratic Republic of Congo,COD,2012,69.0,72029.0,73254623.0,983.27
Democratic Republic of Congo,COD,2013,68.0,88381.0,75789397.0,1166.14
Democratic Republic of Congo,COD,2014,69.0,33711.0,78403248.0,429.97
Democratic Republic of Congo,COD,2015,65.0,5020.0,81035532.0,61.95
Democratic Republic of Congo,COD,2016,63.0,5092.0,83956416.0,60.65
Democratic Republic of Congo,COD,2017,65.0,45107.0,87083400.0,517.97
Democratic Republic of Congo,COD,2018,64.0,69693.0,90047647.0,773.96
Democratic Republic of Congo,COD,2019,65.0,333017.0,92947450.0,3582.85
Democratic Republic of Congo,COD,2020,62.0,82290.0,95990000.0,857.28
Democratic Republic of Congo,COD,2021,55.0,54471.0,99148930.0,549.39
Democratic Republic of Congo,COD,2022,56.0,4380.0,102396974.0,42.77
Democratic Republic of Congo,COD,2023,52.0,311500.0,105789733.0,2944.52
Democratic Republic of Congo,COD,2024,55.0,311500.0,105789733.0,2944.52
Denmark,DNK,1980,,28249.0,5123079.0,5514.07
Denmark,DNK,1981,,35651.0,5121628.0,6960.87
Denmark,DNK,1982,,15656.0,5117897.0,3059.07
Denmark,DNK,1983,,33242.0,5114468.0,6499.6
Denmark,DNK,1984,,21188.0,5111831.0,4144.89
Denmark,DNK,1985,,13187.0,5113878.0,2578.67
Denmark,DNK,1986,,23490.0,5120691.0,4587.27
Denmark,DNK,1987,82.0,6268.0,5127134.0,1222.52
Denmark,DNK,1988,72.0,618.0,5129650.0,120.48
Denmark,DNK,1989,80.0,405.0,5132717.0,78.91
Denmark,DNK,1990,84.0,180.0,5141024.0,35.01
Denmark,DNK,1991,86.0,162.0,5154346.0,31.43
Denmark,DNK,1992,85.0,129.0,5171372.0,24.95
Denmark,DNK,1993,81.0,115.0,5188638.0,22.16
Denmark,DNK,1994,88.0,36.0,5206188.0,6.91
Denmark,DNK,1995,88.0,20.0,5233364.0,3.82
Denmark,DNK,1996,85.0,119.0,5263071.0,22.61
Denmark,DNK,1997,84.0,61.0,5285041.0,11.54
Denmark,DNK,1998,91.0,,5304263.0,
Denmark,DNK,1999,92.0,,5321814.0,
Denmark,DNK,2000,99.0,14.0,5339659.0,2.62
Denmark,DNK,2001,94.0,11.0,5358825.0,2.05
Denmark,DNK,2002,95.0,32.0,5375967.0,5.95
Denmark,DNK,2003,96.0,0.0,5390621.0,0.0
Denmark,DNK,2004,96.0,0.0,5404594.0,0.0
Denmark,DNK,2005,95.0,2.0,5419550.0,0.37
Denmark,DNK,2006,90.0,27.0,5437425.0,4.97
Denmark,DNK,2007,89.0,2.0,5461604.0,0.37
Denmark,DNK,2008,87.0,14.0,5493762.0,2.55
Denmark,DNK,2009,84.0,6.0,5523169.0,1.09
Denmark,DNK,2010,85.0,5.0,5547865.0,0.9
Denmark,DNK,2011,87.0,84.0,5570848.0,15.08
Denmark,DNK,2012,90.0,2.0,5591911.0,0.36
Denmark,DNK,2013,89.0,17.0,5615333.0,3.03
Denmark,DNK,2014,90.0,27.0,5643795.0,4.78
Denmark,DNK,2015,91.0,9.0,5683698.0,1.58
Denmark,DNK,2016,94.0,3.0,5728196.0,0.52
Denmark,DNK,2017,97.0,4.0,5765164.0,0.69
Denmark,DNK,2018,95.0,8.0,5793824.0,1.38
Denmark,DNK,2019,96.0,15.0,5814618.0,2.58
Denmark,DNK,2020,94.0,4.0,5831529.0,0.69
Denmark,DNK,2021,95.0,0.0,5856774.0,0.0
Denmark,DNK,2022,95.0,0.0,5902901.0,0.0
Denmark,DNK,2023,95.0,9.0,5948134.0,1.51
Denmark,DNK,2024,94.0,25.0,5948134.0,4.2
Djibouti,DJI,1981,,4533.0,343056.0,13213.59
Djibouti,DJI,1982,15.0,31.0,356887.0,86.86
Djibouti,DJI,1983,18.0,,369558.0,
Djibouti,DJI,1984,20.0,1295.0,384072.0,3371.76
Djibouti,DJI,1985,27.0,108.0,402691.0,268.2
Djibouti,DJI,1986,19.0,,426345.0,
Djibouti,DJI,1987,22.0,52.0,454409.0,114.43
Djibouti,DJI,1988,68.0,473.0,484531.0,976.2
Djibouti,DJI,1989,75.0,490.0,523362.0,936.25
Djibouti,DJI,1990,85.0,104.0,579544.0,179.45
Djibouti,DJI,1991,53.0,13.0,631096.0,20.6
Djibouti,DJI,1992,41.0,129.0,626016.0,206.07
Djibouti,DJI,1993,41.0,37.0,614247.0,60.24
Djibouti,DJI,1994,42.0,,626717.0,
Djibouti,DJI,1995,41.0,8.0,633075.0,12.64
Djibouti,DJI,1996,41.0,410.0,648354.0,632.37
Djibouti,DJI,1997,31.0,,671826.0,
Djibouti,DJI,1998,21.0,198.0,699355.0,283.12
Djibouti,DJI,1999,23.0,341.0,724228.0,470.85
Djibouti,DJI,2000,50.0,183.0,747326.0,244.87
Djibouti,DJI,2001,49.0,79.0,771311.0,102.42
Djibouti,DJI,2002,62.0,50.0,795576.0,62.85
Djibouti,DJI,2003,66.0,37.0,813528.0,45.48
Djibouti,DJI,2004,60.0,71.0,826133.0,85.94
Djibouti,DJI,2005,65.0,298.0,839174.0,355.11
Djibouti,DJI,2006,67.0,49.0,855767.0,57.26
Djibouti,DJI,2007,74.0,24.0,874530.0,27.44
Djibouti,DJI,2008,73.0,143.0,892739.0,160.18
Djibouti,DJI,2009,84.0,48.0,911524.0,52.66
Djibouti,DJI,2010,85.0,7.0,930252.0,7.52
Djibouti,DJI,2011,84.0,49.0,948565.0,51.66
Djibouti,DJI,2012,83.0,709.0,966754.0,733.38
Djibouti,DJI,2013,80.0,28.0,984833.0,28.43
Djibouti,DJI,2014,71.0,,1002720.0,
Djibouti,DJI,2015,74.0,47.0,1020316.0,46.06
Djibouti,DJI,2016,75.0,8.0,1037660.0,7.71
Djibouti,DJI,2017,81.0,3.0,1054844.0,2.84
Djibouti,DJI,2018,86.0,28.0,1071886.0,26.12
Djibouti,DJI,2019,83.0,,1088710.0,
Djibouti,DJI,2020,62.0,,1105193.0,
Djibouti,DJI,2021,50.0,0.0,1121251.0,0.0
Djibouti,DJI,2022,50.0,206.0,1137101.0,181.16
Djibouti,DJI,2023,76.0,446.0,1152951.0,386.83
Djibouti,DJI,2024,75.0,60.0,1152951.0,52.04
Dominica,DMA,1980,,0.0,73102.0,0.0
Dominica,DMA,1981,,27.0,73004.0,369.84
Dominica,DMA,1982,43.0,2.0,72704.0,27.51
Dominica,DMA,1983,63.0,1.0,72385.0,13.82
Dominica,DMA,1984,85.0,188.0,72075.0,2608.39
Dominica,DMA,1985,93.0,64.0,71768.0,891.76
Dominica,DMA,1986,97.0,45.0,71426.0,630.02
Dominica,DMA,1987,87.0,82.0,71044.0,1154.21
Dominica,DMA,1988,90.0,10.0,70628.0,141.59
Dominica,DMA,1989,88.0,9.0,70171.0,128.26
Dominica,DMA,1990,88.0,13.0,69644.0,186.66
Dominica,DMA,1991,98.0,6.0,69321.0,86.55
Dominica,DMA,1992,99.0,0.0,69344.0,0.0
Dominica,DMA,1993,99.0,0.0,69453.0,0.0
Dominica,DMA,1994,99.0,0.0,69493.0,0.0
Dominica,DMA,1995,99.0,0.0,69490.0,0.0
Dominica,DMA,1996,99.0,0.0,69422.0,0.0
Dominica,DMA,1997,99.0,0.0,69315.0,0.0
Dominica,DMA,1998,98.0,0.0,69144.0,0.0
Dominica,DMA,1999,99.0,0.0,68883.0,0.0
Dominica,DMA,2000,99.0,0.0,68527.0,0.0
Dominica,DMA,2001,99.0,0.0,68299.0,0.0
Dominica,DMA,2002,99.0,0.0,68385.0,0.0
Dominica,DMA,2003,99.0,0.0,68552.0,0.0
Dominica,DMA,2004,99.0,0.0,68664.0,0.0
Dominica,DMA,2005,98.0,0.0,68750.0,0.0
Dominica,DMA,2006,97.0,0.0,68823.0,0.0
Dominica,DMA,2007,96.0,0.0,68862.0,0.0
Dominica,DMA,2008,99.0,0.0,68866.0,0.0
Dominica,DMA,2009,99.0,0.0,68879.0,0.0
Dominica,DMA,2010,99.0,0.0,68872.0,0.0
Dominica,DMA,2011,99.0,0.0,69073.0,0.0
Dominica,DMA,2012,99.0,0.0,69138.0,0.0
Dominica,DMA,2013,93.0,0.0,69733.0,0.0
Dominica,DMA,2014,94.0,0.0,70387.0,0.0
Dominica,DMA,2015,96.0,0.0,70429.0,0.0
Dominica,DMA,2016,96.0,0.0,69627.0,0.0
Dominica,DMA,2017,77.0,0.0,68514.0,0.0
Dominica,DMA,2018,84.0,0.0,68195.0,0.0
Dominica,DMA,2019,92.0,0.0,67901.0,0.0
Dominica,DMA,2020,92.0,0.0,67588.0,0.0
Dominica,DMA,2021,88.0,0.0,67222.0,0.0
Dominica,DMA,2022,87.0,0.0,66847.0,0.0
Dominica,DMA,2023,84.0,0.0,66531.0,0.0
Dominica,DMA,2024,80.0,0.0,66531.0,0.0
Dominican Republic,DOM,1980,30.0,9760.0,5729043.0,1703.6
Dominican Republic,DOM,1981,18.0,3410.0,5868459.0,581.07
Dominican Republic,DOM,1982,25.0,3671.0,6007115.0,611.11
Dominican Republic,DOM,1983,24.0,2960.0,6147244.0,481.52
Dominican Republic,DOM,1984,19.0,4429.0,6289048.0,704.24
Dominican Republic,DOM,1985,54.0,4417.0,6430404.0,686.89
Dominican Republic,DOM,1986,71.0,501.0,6571213.0,76.24
Dominican Republic,DOM,1987,71.0,499.0,6712519.0,74.34
Dominican Republic,DOM,1988,29.0,692.0,6855737.0,100.94
Dominican Republic,DOM,1989,65.0,1505.0,7002300.0,214.93
Dominican Republic,DOM,1990,70.0,3477.0,7151165.0,486.21
Dominican Republic,DOM,1991,72.0,7512.0,7299849.0,1029.06
Dominican Republic,DOM,1992,73.0,7650.0,7447476.0,1027.19
Dominican Republic,DOM,1993,75.0,4637.0,7594567.0,610.57
Dominican Republic,DOM,1994,76.0,3.0,7741694.0,0.39
Dominican Republic,DOM,1995,78.0,0.0,7888120.0,0.0
Dominican Republic,DOM,1996,79.0,0.0,8032895.0,0.0
Dominican Republic,DOM,1997,79.0,1.0,8174081.0,0.12
Dominican Republic,DOM,1998,80.0,14.0,8310369.0,1.68
Dominican Republic,DOM,1999,83.0,274.0,8446207.0,32.44
Dominican Republic,DOM,2000,85.0,253.0,8584196.0,29.47
Dominican Republic,DOM,2001,88.0,113.0,8720287.0,12.96
Dominican Republic,DOM,2002,86.0,0.0,8852231.0,0.0
Dominican Republic,DOM,2003,83.0,0.0,8980626.0,0.0
Dominican Republic,DOM,2004,81.0,0.0,9104889.0,0.0
Dominican Republic,DOM,2005,79.0,0.0,9225035.0,0.0
Dominican Republic,DOM,2006,80.0,0.0,9341187.0,0.0
Dominican Republic,DOM,2007,80.0,0.0,9455663.0,0.0
Dominican Republic,DOM,2008,80.0,0.0,9573135.0,0.0
Dominican Republic,DOM,2009,81.0,0.0,9695270.0,0.0
Dominican Republic,DOM,2010,81.0,0.0,9820180.0,0.0
Dominican Republic,DOM,2011,82.0,2.0,9945623.0,0.2
Dominican Republic,DOM,2012,82.0,0.0,10070409.0,0.0
Dominican Republic,DOM,2013,77.0,0.0,10193838.0,0.0
Dominican Republic,DOM,2014,82.0,0.0,10315523.0,0.0
Dominican Republic,DOM,2015,84.0,0.0,10434826.0,0.0
Dominican Republic,DOM,2016,79.0,0.0,10551430.0,0.0
Dominican Republic,DOM,2017,80.0,0.0,10666846.0,0.0
Dominican Republic,DOM,2018,85.0,0.0,10782048.0,0.0
Dominican Republic,DOM,2019,90.0,0.0,10894043.0,0.0
Dominican Republic,DOM,2020,76.0,0.0,11008298.0,0.0
Dominican Republic,DOM,2021,82.0,0.0,11123480.0,0.0
Dominican Republic,DOM,2022,85.0,0.0,11230734.0,0.0
Dominican Republic,DOM,2023,88.0,0.0,11331269.0,0.0
Dominican Republic,DOM,2024,89.0,0.0,11331269.0,0.0
East Asia and the Pacific (UNICEF),,1980,0.0,,,
East Asia and the Pacific (UNICEF),,1981,0.0,,,
East Asia and the Pacific (UNICEF),,1982,1.0,,,
East Asia and the Pacific (UNICEF),,1983,53.0,,,
East Asia and the Pacific (UNICEF),,1984,60.0,,,
East Asia and the Pacific (UNICEF),,1985,67.0,,,
East Asia and the Pacific (UNICEF),,1986,56.0,,,
East Asia and the Pacific (UNICEF),,1987,68.0,,,
East Asia and the Pacific (UNICEF),,1988,82.0,,,
East Asia and the Pacific (UNICEF),,1989,85.0,,,
East Asia and the Pacific (UNICEF),,1990,90.0,,,
East Asia and the Pacific (UNICEF),,1991,85.0,,,
East Asia and the Pacific (UNICEF),,1992,82.0,,,
East Asia and the Pacific (UNICEF),,1993,79.0,,,
East Asia and the Pacific (UNICEF),,1994,75.0,,,
East Asia and the Pacific (UNICEF),,1995,78.0,,,
East Asia and the Pacific (UNICEF),,1996,83.0,,,
East Asia and the Pacific (UNICEF),,1997,82.0,,,
East Asia and the Pacific (UNICEF),,1998,82.0,,,
East Asia and the Pacific (UNICEF),,1999,83.0,,,
East Asia and the Pacific (UNICEF),,2000,83.0,,,
East Asia and the Pacific (UNICEF),,2001,83.0,,,
East Asia and the Pacific (UNICEF),,2002,83.0,,,
East Asia and the Pacific (UNICEF),,2003,84.0,,,
East Asia and the Pacific (UNICEF),,2004,86.0,,,
East Asia and the Pacific (UNICEF),,2005,86.0,,,
East Asia and the Pacific (UNICEF),,2006,90.0,,,
East Asia and the Pacific (UNICEF),,2007,89.0,,,
East Asia and the Pacific (UNICEF),,2008,92.0,,,
East Asia and the Pacific (UNICEF),,2009,93.0,,,
East Asia and the Pacific (UNICEF),,2010,93.0,,,
East Asia and the Pacific (UNICEF),,2011,94.0,,,
East Asia and the Pacific (UNICEF),,2012,94.0,,,
East Asia and the Pacific (UNICEF),,2013,95.0,,,
East Asia and the Pacific (UNICEF),,2014,94.0,,,
East Asia and the Pacific (UNICEF),,2015,94.0,,,
East Asia and the Pacific (UNICEF),,2016,95.0,,,
East Asia and the Pacific (UNICEF),,2017,95.0,,,
East Asia and the Pacific (UNICEF),,2018,95.0,,,
East Asia and the Pacific (UNICEF),,2019,94.0,,,
East Asia and the Pacific (UNICEF),,2020,91.0,,,
East Asia and the Pacific (UNICEF),,2021,86.0,,,
East Asia and the Pacific (UNICEF),,2022,92.0,,,
East Asia and the Pacific (UNICEF),,2023,88.0,,,
East Asia and the Pacific (UNICEF),,2024,89.0,,,
East Timor,TLS,2002,56.0,0.0,879170.0,0.0
East Timor,TLS,2003,55.0,94.0,916876.0,102.52
East Timor,TLS,2004,55.0,41.0,929081.0,44.13
East Timor,TLS,2005,48.0,203.0,948310.0,214.07
East Timor,TLS,2006,61.0,90.0,976610.0,92.16
East Timor,TLS,2007,63.0,0.0,1004898.0,0.0
East Timor,TLS,2008,73.0,0.0,1032431.0,0.0
East Timor,TLS,2009,70.0,10.0,1058783.0,9.44
East Timor,TLS,2010,66.0,50.0,1084688.0,46.1
East Timor,TLS,2011,62.0,763.0,1110212.0,687.26
East Timor,TLS,2012,73.0,16.0,1134891.0,14.1
East Timor,TLS,2013,70.0,4.0,1158697.0,3.45
East Timor,TLS,2014,74.0,47.0,1181913.0,39.77
East Timor,TLS,2015,70.0,43.0,1205133.0,35.68
East Timor,TLS,2016,73.0,2.0,1228314.0,1.63
East Timor,TLS,2017,77.0,0.0,1251711.0,0.0
East Timor,TLS,2018,77.0,0.0,1275962.0,0.0
East Timor,TLS,2019,75.0,22.0,1300946.0,16.91
East Timor,TLS,2020,74.0,2.0,1326051.0,1.51
East Timor,TLS,2021,72.0,,1350142.0,
East Timor,TLS,2022,72.0,8.0,1369299.0,5.84
East Timor,TLS,2023,72.0,7.0,1384292.0,5.06
East Timor,TLS,2024,72.0,2.0,1384292.0,1.44
Eastern Mediterranean (WHO),WHO_EMR,1980,15.0,341624.0,,
Eastern Mediterranean (WHO),WHO_EMR,1981,17.0,453409.0,,
Eastern Mediterranean (WHO),WHO_EMR,1982,22.0,331721.0,,
Eastern Mediterranean (WHO),WHO_EMR,1983,26.0,302254.0,,
Eastern Mediterranean (WHO),WHO_EMR,1984,33.0,218335.0,,
Eastern Mediterranean (WHO),WHO_EMR,1985,46.0,229781.0,,
Eastern Mediterranean (WHO),WHO_EMR,1986,49.0,171208.0,,
Eastern Mediterranean (WHO),WHO_EMR,1987,52.0,171164.0,,
Eastern Mediterranean (WHO),WHO_EMR,1988,62.0,126977.0,,
Eastern Mediterranean (WHO),WHO_EMR,1989,64.0,83776.0,,
Eastern Mediterranean (WHO),WHO_EMR,1990,66.0,59058.0,,
Eastern Mediterranean (WHO),WHO_EMR,1991,66.0,64177.0,,
Eastern Mediterranean (WHO),WHO_EMR,1992,66.0,89758.0,,
Eastern Mediterranean (WHO),WHO_EMR,1993,66.0,50758.0,,
Eastern Mediterranean (WHO),WHO_EMR,1994,66.0,24578.0,,
Eastern Mediterranean (WHO),WHO_EMR,1995,64.0,20607.0,,
Eastern Mediterranean (WHO),WHO_EMR,1996,67.0,20249.0,,
Eastern Mediterranean (WHO),WHO_EMR,1997,67.0,33085.0,,
Eastern Mediterranean (WHO),WHO_EMR,1998,69.0,89478.0,,
Eastern Mediterranean (WHO),WHO_EMR,1999,70.0,71562.0,,
Eastern Mediterranean (WHO),WHO_EMR,2000,70.0,38592.0,,
Eastern Mediterranean (WHO),WHO_EMR,2001,71.0,41103.0,,
Eastern Mediterranean (WHO),WHO_EMR,2002,71.0,42616.0,,
Eastern Mediterranean (WHO),WHO_EMR,2003,72.0,52110.0,,
Eastern Mediterranean (WHO),WHO_EMR,2004,74.0,59804.0,,
Eastern Mediterranean (WHO),WHO_EMR,2005,73.0,15069.0,,
Eastern Mediterranean (WHO),WHO_EMR,2006,73.0,23303.0,,
Eastern Mediterranean (WHO),WHO_EMR,2007,73.0,15670.0,,
Eastern Mediterranean (WHO),WHO_EMR,2008,73.0,12120.0,,
Eastern Mediterranean (WHO),WHO_EMR,2009,74.0,36605.0,,
Eastern Mediterranean (WHO),WHO_EMR,2010,76.0,10072.0,,
Eastern Mediterranean (WHO),WHO_EMR,2011,76.0,34667.0,,
Eastern Mediterranean (WHO),WHO_EMR,2012,76.0,34504.0,,
Eastern Mediterranean (WHO),WHO_EMR,2013,78.0,20884.0,,
Eastern Mediterranean (WHO),WHO_EMR,2014,79.0,18080.0,,
Eastern Mediterranean (WHO),WHO_EMR,2015,80.0,21418.0,,
Eastern Mediterranean (WHO),WHO_EMR,2016,81.0,6275.0,,
Eastern Mediterranean (WHO),WHO_EMR,2017,82.0,36434.0,,
Eastern Mediterranean (WHO),WHO_EMR,2018,82.0,64764.0,,
Eastern Mediterranean (WHO),WHO_EMR,2019,82.0,18458.0,,
Eastern Mediterranean (WHO),WHO_EMR,2020,82.0,6769.0,,
Eastern Mediterranean (WHO),WHO_EMR,2021,80.0,26089.0,,
Eastern Mediterranean (WHO),WHO_EMR,2022,82.0,57976.0,,
Eastern Mediterranean (WHO),WHO_EMR,2023,80.0,92761.0,,
Eastern Mediterranean (WHO),WHO_EMR,2024,80.0,78765.0,,
Eastern and Southern Africa (UNICEF),,1980,9.0,,,
Eastern and Southern Africa (UNICEF),,1981,18.0,,,
Eastern and Southern Africa (UNICEF),,1982,21.0,,,
Eastern and Southern Africa (UNICEF),,1983,35.0,,,
Eastern and Southern Africa (UNICEF),,1984,39.0,,,
Eastern and Southern Africa (UNICEF),,1985,43.0,,,
Eastern and Southern Africa (UNICEF),,1986,48.0,,,
Eastern and Southern Africa (UNICEF),,1987,52.0,,,
Eastern and Southern Africa (UNICEF),,1988,54.0,,,
Eastern and Southern Africa (UNICEF),,1989,58.0,,,
Eastern and Southern Africa (UNICEF),,1990,62.0,,,
Eastern and Southern Africa (UNICEF),,1991,58.0,,,
Eastern and Southern Africa (UNICEF),,1992,57.0,,,
Eastern and Southern Africa (UNICEF),,1993,60.0,,,
Eastern and Southern Africa (UNICEF),,1994,65.0,,,
Eastern and Southern Africa (UNICEF),,1995,63.0,,,
Eastern and Southern Africa (UNICEF),,1996,66.0,,,
Eastern and Southern Africa (UNICEF),,1997,65.0,,,
Eastern and Southern Africa (UNICEF),,1998,61.0,,,
Eastern and Southern Africa (UNICEF),,1999,58.0,,,
Eastern and Southern Africa (UNICEF),,2000,58.0,,,
Eastern and Southern Africa (UNICEF),,2001,61.0,,,
Eastern and Southern Africa (UNICEF),,2002,63.0,,,
Eastern and Southern Africa (UNICEF),,2003,64.0,,,
Eastern and Southern Africa (UNICEF),,2004,65.0,,,
Eastern and Southern Africa (UNICEF),,2005,65.0,,,
Eastern and Southern Africa (UNICEF),,2006,68.0,,,
Eastern and Southern Africa (UNICEF),,2007,70.0,,,
Eastern and Southern Africa (UNICEF),,2008,72.0,,,
Eastern and Southern Africa (UNICEF),,2009,75.0,,,
Eastern and Southern Africa (UNICEF),,2010,76.0,,,
Eastern and Southern Africa (UNICEF),,2011,77.0,,,
Eastern and Southern Africa (UNICEF),,2012,77.0,,,
Eastern and Southern Africa (UNICEF),,2013,76.0,,,
Eastern and Southern Africa (UNICEF),,2014,76.0,,,
Eastern and Southern Africa (UNICEF),,2015,76.0,,,
Eastern and Southern Africa (UNICEF),,2016,74.0,,,
Eastern and Southern Africa (UNICEF),,2017,74.0,,,
Eastern and Southern Africa (UNICEF),,2018,75.0,,,
Eastern and Southern Africa (UNICEF),,2019,76.0,,,
Eastern and Southern Africa (UNICEF),,2020,74.0,,,
Eastern and Southern Africa (UNICEF),,2021,73.0,,,
Eastern and Southern Africa (UNICEF),,2022,74.0,,,
Eastern and Southern Africa (UNICEF),,2023,76.0,,,
Eastern and Southern Africa (UNICEF),,2024,76.0,,,
Ecuador,ECU,1980,24.0,2722.0,8165882.0,333.34
Ecuador,ECU,1981,31.0,4678.0,8386913.0,557.77
Ecuador,ECU,1982,45.0,1647.0,8611296.0,191.26
Ecuador,ECU,1983,34.0,2556.0,8840424.0,289.13
Ecuador,ECU,1984,54.0,6979.0,9074783.0,769.05
Ecuador,ECU,1985,51.0,1183.0,9311152.0,127.05
Ecuador,ECU,1986,50.0,839.0,9545999.0,87.89
Ecuador,ECU,1987,47.0,1537.0,9779290.0,157.17
Ecuador,ECU,1988,53.0,8004.0,10010804.0,799.54
Ecuador,ECU,1989,57.0,3649.0,10241859.0,356.28
Ecuador,ECU,1990,60.0,1646.0,10473674.0,157.16
Ecuador,ECU,1991,54.0,1585.0,10702377.0,148.1
Ecuador,ECU,1992,69.0,4356.0,10930128.0,398.53
Ecuador,ECU,1993,85.0,3627.0,11154283.0,325.17
Ecuador,ECU,1994,83.0,3668.0,11372197.0,322.54
Ecuador,ECU,1995,81.0,919.0,11590519.0,79.29
Ecuador,ECU,1996,79.0,42.0,11810954.0,3.56
Ecuador,ECU,1997,77.0,0.0,12031129.0,0.0
Ecuador,ECU,1998,89.0,0.0,12251188.0,0.0
Ecuador,ECU,1999,99.0,0.0,12470800.0,0.0
Ecuador,ECU,2000,99.0,0.0,12689215.0,0.0
Ecuador,ECU,2001,99.0,2.0,12910736.0,0.15
Ecuador,ECU,2002,99.0,0.0,13138473.0,0.0
Ecuador,ECU,2003,99.0,0.0,13372304.0,0.0
Ecuador,ECU,2004,99.0,0.0,13608700.0,0.0
Ecuador,ECU,2005,93.0,0.0,13846162.0,0.0
Ecuador,ECU,2006,97.0,0.0,14086138.0,0.0
Ecuador,ECU,2007,98.0,0.0,14328783.0,0.0
Ecuador,ECU,2008,98.0,1.0,14575201.0,0.07
Ecuador,ECU,2009,97.0,0.0,14825960.0,0.0
Ecuador,ECU,2010,95.0,0.0,15076697.0,0.0
Ecuador,ECU,2011,94.0,257.0,15326232.0,16.77
Ecuador,ECU,2012,96.0,72.0,15572195.0,4.62
Ecuador,ECU,2013,97.0,0.0,15807132.0,0.0
Ecuador,ECU,2014,85.0,0.0,16035127.0,0.0
Ecuador,ECU,2015,84.0,0.0,16266229.0,0.0
Ecuador,ECU,2016,86.0,1.0,16505142.0,0.06
Ecuador,ECU,2017,81.0,0.0,16759515.0,0.0
Ecuador,ECU,2018,83.0,19.0,17049542.0,1.11
Ecuador,ECU,2019,83.0,0.0,17340017.0,0.0
Ecuador,ECU,2020,81.0,0.0,17546058.0,0.0
Ecuador,ECU,2021,65.0,0.0,17682454.0,0.0
Ecuador,ECU,2022,74.0,0.0,17823900.0,0.0
Ecuador,ECU,2023,74.0,0.0,17980079.0,0.0
Ecuador,ECU,2024,74.0,0.0,17980079.0,0.0
Egypt,EGY,1980,41.0,839.0,43950413.0,19.09
Egypt,EGY,1981,41.0,1777.0,45147226.0,39.36
Egypt,EGY,1982,41.0,7365.0,46407612.0,158.7
Egypt,EGY,1983,41.0,813.0,47786401.0,17.01
Egypt,EGY,1984,47.0,4898.0,49247336.0,99.46
Egypt,EGY,1985,74.0,5554.0,50734974.0,109.47
Egypt,EGY,1986,78.0,1176.0,52206296.0,22.53
Egypt,EGY,1987,76.0,1805.0,53674436.0,33.63
Egypt,EGY,1988,85.0,3672.0,55187680.0,66.54
Egypt,EGY,1989,86.0,4057.0,56710641.0,71.54
Egypt,EGY,1990,86.0,887.0,58396625.0,15.19
Egypt,EGY,1991,89.0,1231.0,60029001.0,20.51
Egypt,EGY,1992,89.0,4403.0,61480663.0,71.62
Egypt,EGY,1993,89.0,2874.0,62915681.0,45.68
Egypt,EGY,1994,89.0,1444.0,64285596.0,22.46
Egypt,EGY,1995,89.0,1833.0,65652621.0,27.92
Egypt,EGY,1996,92.0,4403.0,67028045.0,65.69
Egypt,EGY,1997,92.0,4606.0,68431738.0,67.31
Egypt,EGY,1998,98.0,4868.0,69943297.0,69.6
Egypt,EGY,1999,96.0,1547.0,71520953.0,21.63
Egypt,EGY,2000,98.0,2633.0,73083287.0,36.03
Egypt,EGY,2001,97.0,2150.0,74652035.0,28.8
Egypt,EGY,2002,97.0,653.0,76239140.0,8.57
Egypt,EGY,2003,98.0,164.0,77853548.0,2.11
Egypt,EGY,2004,97.0,80.0,79477441.0,1.01
Egypt,EGY,2005,98.0,77.0,81101012.0,0.95
Egypt,EGY,2006,98.0,953.0,82700404.0,11.52
Egypt,EGY,2007,97.0,1684.0,84276224.0,19.98
Egypt,EGY,2008,92.0,668.0,85864791.0,7.78
Egypt,EGY,2009,95.0,608.0,87501635.0,6.95
Egypt,EGY,2010,96.0,16.0,89196073.0,0.18
Egypt,EGY,2011,96.0,26.0,91093066.0,0.29
Egypt,EGY,2012,93.0,245.0,93161000.0,2.63
Egypt,EGY,2013,96.0,405.0,95333551.0,4.25
Egypt,EGY,2014,93.0,1314.0,97528655.0,13.47
Egypt,EGY,2015,92.0,5432.0,99597334.0,54.54
Egypt,EGY,2016,95.0,225.0,101644583.0,2.21
Egypt,EGY,2017,94.0,24.0,103696055.0,0.23
Egypt,EGY,2018,94.0,48.0,105682092.0,0.45
Egypt,EGY,2019,95.0,0.0,107553159.0,0.0
Egypt,EGY,2020,94.0,3.0,109315118.0,0.03
Egypt,EGY,2021,96.0,0.0,110957005.0,0.0
Egypt,EGY,2022,96.0,14.0,112618252.0,0.12
Egypt,EGY,2023,96.0,267.0,114535772.0,2.33
Egypt,EGY,2024,97.0,91.0,114535772.0,0.79
El Salvador,SLV,1980,45.0,2315.0,4540377.0,509.87
El Salvador,SLV,1981,44.0,12554.0,4570602.0,2746.68
El Salvador,SLV,1982,43.0,3664.0,4622478.0,792.65
El Salvador,SLV,1983,46.0,2407.0,4707368.0,511.33
El Salvador,SLV,1984,41.0,4775.0,4798003.0,995.21
El Salvador,SLV,1985,71.0,1413.0,4894703.0,288.68
El Salvador,SLV,1986,51.0,278.0,4992772.0,55.68
El Salvador,SLV,1987,48.0,405.0,5092443.0,79.53
El Salvador,SLV,1988,63.0,787.0,5195828.0,151.47
El Salvador,SLV,1989,73.0,0.0,5298977.0,0.0
El Salvador,SLV,1990,98.0,0.0,5399728.0,0.0
El Salvador,SLV,1991,54.0,0.0,5495081.0,0.0
El Salvador,SLV,1992,55.0,509.0,5585611.0,91.13
El Salvador,SLV,1993,86.0,38.0,5659959.0,6.71
El Salvador,SLV,1994,80.0,0.0,5714138.0,0.0
El Salvador,SLV,1995,93.0,0.0,5762135.0,0.0
El Salvador,SLV,1996,94.0,1.0,5805286.0,0.17
El Salvador,SLV,1997,98.0,0.0,5844578.0,0.0
El Salvador,SLV,1998,99.0,0.0,5880786.0,0.0
El Salvador,SLV,1999,94.0,0.0,5913908.0,0.0
El Salvador,SLV,2000,97.0,0.0,5943363.0,0.0
El Salvador,SLV,2001,95.0,2.0,5968058.0,0.34
El Salvador,SLV,2002,93.0,0.0,5986629.0,0.0
El Salvador,SLV,2003,90.0,0.0,5998597.0,0.0
El Salvador,SLV,2004,93.0,0.0,6004673.0,0.0
El Salvador,SLV,2005,99.0,0.0,6005583.0,0.0
El Salvador,SLV,2006,98.0,0.0,6002321.0,0.0
El Salvador,SLV,2007,99.0,0.0,6009820.0,0.0
El Salvador,SLV,2008,95.0,0.0,6029302.0,0.0
El Salvador,SLV,2009,91.0,0.0,6048284.0,0.0
El Salvador,SLV,2010,92.0,0.0,6068253.0,0.0
El Salvador,SLV,2011,89.0,0.0,6090128.0,0.0
El Salvador,SLV,2012,93.0,0.0,6113977.0,0.0
El Salvador,SLV,2013,94.0,0.0,6138845.0,0.0
El Salvador,SLV,2014,96.0,0.0,6162952.0,0.0
El Salvador,SLV,2015,97.0,,6183675.0,
El Salvador,SLV,2016,98.0,0.0,6200808.0,0.0
El Salvador,SLV,2017,89.0,0.0,6213538.0,0.0
El Salvador,SLV,2018,87.0,0.0,6219803.0,0.0
El Salvador,SLV,2019,96.0,0.0,6222316.0,0.0
El Salvador,SLV,2020,84.0,0.0,6234679.0,0.0
El Salvador,SLV,2021,97.0,0.0,6255780.0,0.0
El Salvador,SLV,2022,80.0,0.0,6280316.0,0.0
El Salvador,SLV,2023,99.0,0.0,6309629.0,0.0
El Salvador,SLV,2024,96.0,0.0,6309629.0,0.0
Equatorial Guinea,GNQ,1984,,198.0,364905.0,542.61
Equatorial Guinea,GNQ,1985,11.0,464.0,385553.0,1203.47
Equatorial Guinea,GNQ,1986,17.0,788.0,404740.0,1946.93
Equatorial Guinea,GNQ,1987,32.0,11865.0,422529.0,28080.91
Equatorial Guinea,GNQ,1988,46.0,14875.0,439659.0,33833.04
Equatorial Guinea,GNQ,1989,18.0,582.0,456821.0,1274.02
Equatorial Guinea,GNQ,1990,88.0,32.0,474289.0,67.47
Equatorial Guinea,GNQ,1991,85.0,32.0,492220.0,65.01
Equatorial Guinea,GNQ,1992,82.0,297.0,510775.0,581.47
Equatorial Guinea,GNQ,1993,79.0,157.0,530030.0,296.21
Equatorial Guinea,GNQ,1994,80.0,270.0,550148.0,490.78
Equatorial Guinea,GNQ,1995,81.0,44.0,571274.0,77.02
Equatorial Guinea,GNQ,1996,81.0,1.0,593496.0,1.68
Equatorial Guinea,GNQ,1997,82.0,0.0,616897.0,0.0
Equatorial Guinea,GNQ,1998,82.0,,641478.0,
Equatorial Guinea,GNQ,1999,51.0,,667222.0,
Equatorial Guinea,GNQ,2000,50.0,,703287.0,
Equatorial Guinea,GNQ,2001,50.0,1339.0,749836.0,1785.72
Equatorial Guinea,GNQ,2002,49.0,24.0,797968.0,30.08
Equatorial Guinea,GNQ,2003,48.0,18.0,847867.0,21.23
Equatorial Guinea,GNQ,2004,48.0,38.0,899924.0,42.23
Equatorial Guinea,GNQ,2005,47.0,,947370.0,
Equatorial Guinea,GNQ,2006,47.0,0.0,990349.0,0.0
Equatorial Guinea,GNQ,2007,46.0,5.0,1036053.0,4.83
Equatorial Guinea,GNQ,2008,45.0,436.0,1084538.0,402.01
Equatorial Guinea,GNQ,2009,45.0,78.0,1135683.0,68.68
Equatorial Guinea,GNQ,2010,44.0,0.0,1189097.0,0.0
Equatorial Guinea,GNQ,2011,46.0,0.0,1241843.0,0.0
Equatorial Guinea,GNQ,2012,49.0,1190.0,1293485.0,920.0
Equatorial Guinea,GNQ,2013,51.0,321.0,1346220.0,238.45
Equatorial Guinea,GNQ,2014,53.0,13.0,1399829.0,9.29
Equatorial Guinea,GNQ,2015,50.0,1250.0,1453925.0,859.74
Equatorial Guinea,GNQ,2016,53.0,1699.0,1508192.0,1126.51
Equatorial Guinea,GNQ,2017,52.0,1.0,1562401.0,0.64
Equatorial Guinea,GNQ,2018,52.0,0.0,1616425.0,0.0
Equatorial Guinea,GNQ,2019,51.0,0.0,1670184.0,0.0
Equatorial Guinea,GNQ,2020,50.0,53.0,1716479.0,30.88
Equatorial Guinea,GNQ,2021,50.0,43.0,1758796.0,24.45
Equatorial Guinea,GNQ,2022,49.0,49.0,1803549.0,27.17
Equatorial Guinea,GNQ,2023,61.0,270.0,1847556.0,146.14
Equatorial Guinea,GNQ,2024,53.0,463.0,1847556.0,250.6
Eritrea,ERI,1993,34.0,267.0,1856017.0,143.86
Eritrea,ERI,1994,51.0,541.0,1913919.0,282.67
Eritrea,ERI,1995,58.0,185.0,2025273.0,91.35
Eritrea,ERI,1996,66.0,1783.0,2128464.0,837.69
Eritrea,ERI,1997,73.0,777.0,2152146.0,361.03
Eritrea,ERI,1998,79.0,316.0,2180423.0,144.93
Eritrea,ERI,1999,88.0,320.0,2212785.0,144.61
Eritrea,ERI,2000,76.0,789.0,2247036.0,351.13
Eritrea,ERI,2001,84.0,204.0,2312083.0,88.23
Eritrea,ERI,2002,83.0,460.0,2392981.0,192.23
Eritrea,ERI,2003,92.0,376.0,2493906.0,150.77
Eritrea,ERI,2004,96.0,24.0,2598288.0,9.24
Eritrea,ERI,2005,95.0,19.0,2661215.0,7.14
Eritrea,ERI,2006,94.0,128.0,2703501.0,47.35
Eritrea,ERI,2007,92.0,55.0,2743226.0,20.05
Eritrea,ERI,2008,91.0,0.0,2816331.0,0.0
Eritrea,ERI,2009,93.0,82.0,2887887.0,28.39
Eritrea,ERI,2010,95.0,51.0,2945184.0,17.32
Eritrea,ERI,2011,96.0,48.0,2998493.0,16.01
Eritrea,ERI,2012,98.0,194.0,3036998.0,63.88
Eritrea,ERI,2013,94.0,45.0,3074367.0,14.64
Eritrea,ERI,2014,90.0,127.0,3095168.0,41.03
Eritrea,ERI,2015,97.0,198.0,3105554.0,63.76
Eritrea,ERI,2016,95.0,142.0,3124700.0,45.44
Eritrea,ERI,2017,93.0,1199.0,3150350.0,380.59
Eritrea,ERI,2018,93.0,70.0,3192763.0,21.92
Eritrea,ERI,2019,93.0,6.0,3240194.0,1.85
Eritrea,ERI,2020,93.0,12.0,3291277.0,3.65
Eritrea,ERI,2021,93.0,25.0,3350185.0,7.46
Eritrea,ERI,2022,93.0,28.0,3409450.0,8.21
Eritrea,ERI,2023,93.0,54.0,3470391.0,15.56
Eritrea,ERI,2024,93.0,10.0,3470391.0,2.88
Estonia,EST,1990,,33.0,1570309.0,21.01
Estonia,EST,1991,,129.0,1565380.0,82.41
Estonia,EST,1992,,71.0,1540214.0,46.1
Estonia,EST,1993,74.0,312.0,1504344.0,207.4
Estonia,EST,1994,76.0,230.0,1475716.0,155.86
Estonia,EST,1995,81.0,17.0,1452774.0,11.7
Estonia,EST,1996,86.0,19.0,1434655.0,13.24
Estonia,EST,1997,88.0,18.0,1421494.0,12.66
Estonia,EST,1998,89.0,17.0,1411206.0,12.05
Estonia,EST,1999,92.0,12.0,1403578.0,8.55
Estonia,EST,2000,93.0,9.0,1397001.0,6.44
Estonia,EST,2001,95.0,0.0,1388174.0,0.0
Estonia,EST,2002,95.0,0.0,1379438.0,0.0
Estonia,EST,2003,95.0,0.0,1370849.0,0.0
Estonia,EST,2004,96.0,0.0,1362682.0,0.0
Estonia,EST,2005,96.0,2.0,1354847.0,1.48
Estonia,EST,2006,96.0,27.0,1346885.0,20.05
Estonia,EST,2007,96.0,1.0,1340709.0,0.75
Estonia,EST,2008,95.0,0.0,1337078.0,0.0
Estonia,EST,2009,95.0,0.0,1334528.0,0.0
Estonia,EST,2010,95.0,0.0,1331450.0,0.0
Estonia,EST,2011,94.0,7.0,1327366.0,5.27
Estonia,EST,2012,94.0,4.0,1322615.0,3.02
Estonia,EST,2013,94.0,2.0,1317920.0,1.52
Estonia,EST,2014,93.0,0.0,1314457.0,0.0
Estonia,EST,2015,93.0,4.0,1314580.0,3.04
Estonia,EST,2016,93.0,2.0,1315850.0,1.52
Estonia,EST,2017,93.0,1.0,1317430.0,0.76
Estonia,EST,2018,87.0,10.0,1321972.0,7.56
Estonia,EST,2019,88.0,27.0,1326822.0,20.35
Estonia,EST,2020,91.0,0.0,1329675.0,0.0
Estonia,EST,2021,89.0,0.0,1331750.0,0.0
Estonia,EST,2022,87.0,0.0,1350093.0,0.0
Estonia,EST,2023,85.0,4.0,1367195.0,2.93
Estonia,EST,2024,83.0,4.0,1367195.0,2.93
Eswatini,SWZ,1981,30.0,2592.0,616816.0,4202.23
Eswatini,SWZ,1982,38.0,9185.0,637656.0,14404.32
Eswatini,SWZ,1983,46.0,3267.0,658958.0,4957.83
Eswatini,SWZ,1984,50.0,4794.0,680790.0,7041.82
Eswatini,SWZ,1985,54.0,3253.0,706204.0,4606.32
Eswatini,SWZ,1986,74.0,2253.0,734736.0,3066.41
Eswatini,SWZ,1987,65.0,4261.0,763812.0,5578.6
Eswatini,SWZ,1988,85.0,1581.0,799806.0,1976.73
Eswatini,SWZ,1989,85.0,1461.0,837810.0,1743.83
Eswatini,SWZ,1990,85.0,1465.0,872436.0,1679.21
Eswatini,SWZ,1991,80.0,1467.0,908193.0,1615.3
Eswatini,SWZ,1992,85.0,2042.0,943426.0,2164.45
Eswatini,SWZ,1993,85.0,7148.0,971327.0,7359.0
Eswatini,SWZ,1994,94.0,610.0,971221.0,628.08
Eswatini,SWZ,1995,94.0,171.0,970439.0,176.21
Eswatini,SWZ,1996,82.0,2201.0,989847.0,2223.58
Eswatini,SWZ,1997,92.0,609.0,1006647.0,604.98
Eswatini,SWZ,1998,92.0,180.0,1019657.0,176.53
Eswatini,SWZ,1999,92.0,0.0,1030785.0,0.0
Eswatini,SWZ,2000,92.0,10.0,1041428.0,9.6
Eswatini,SWZ,2001,93.0,49.0,1051066.0,46.62
Eswatini,SWZ,2002,93.0,37.0,1059456.0,34.92
Eswatini,SWZ,2003,93.0,350.0,1066706.0,328.11
Eswatini,SWZ,2004,93.0,0.0,1073170.0,0.0
Eswatini,SWZ,2005,93.0,0.0,1079022.0,0.0
Eswatini,SWZ,2006,93.0,0.0,1084442.0,0.0
Eswatini,SWZ,2007,94.0,0.0,1090713.0,0.0
Eswatini,SWZ,2008,94.0,1.0,1098098.0,0.91
Eswatini,SWZ,2009,94.0,26.0,1105158.0,23.53
Eswatini,SWZ,2010,94.0,313.0,1111651.0,281.56
Eswatini,SWZ,2011,87.0,0.0,1117845.0,0.0
Eswatini,SWZ,2012,88.0,0.0,1123870.0,0.0
Eswatini,SWZ,2013,97.0,0.0,1130000.0,0.0
Eswatini,SWZ,2014,97.0,0.0,1136305.0,0.0
Eswatini,SWZ,2015,89.0,0.0,1142822.0,0.0
Eswatini,SWZ,2016,89.0,1.0,1149516.0,0.87
Eswatini,SWZ,2017,89.0,0.0,1158198.0,0.0
Eswatini,SWZ,2018,85.0,0.0,1168933.0,0.0
Eswatini,SWZ,2019,81.0,0.0,1179885.0,0.0
Eswatini,SWZ,2020,76.0,0.0,1192734.0,0.0
Eswatini,SWZ,2021,80.0,0.0,1206598.0,0.0
Eswatini,SWZ,2022,83.0,64.0,1218921.0,52.51
Eswatini,SWZ,2023,85.0,3.0,1230507.0,2.44
Eswatini,SWZ,2024,85.0,0.0,1230507.0,0.0
Ethiopia,ETH,1980,4.0,10690.0,34428515.0,310.5
Ethiopia,ETH,1981,3.0,9784.0,35304010.0,277.14
Ethiopia,ETH,1982,7.0,10527.0,36701293.0,286.83
Ethiopia,ETH,1983,7.0,5866.0,37740821.0,155.43
Ethiopia,ETH,1984,8.0,9843.0,38735728.0,254.11
Ethiopia,ETH,1985,12.0,66544.0,39842136.0,1670.19
Ethiopia,ETH,1986,10.0,3760.0,41037658.0,91.62
Ethiopia,ETH,1987,13.0,4832.0,42460039.0,113.8
Ethiopia,ETH,1988,15.0,7575.0,44150834.0,171.57
Ethiopia,ETH,1989,23.0,4169.0,45879686.0,90.87
Ethiopia,ETH,1990,38.0,1836.0,47609760.0,38.56
Ethiopia,ETH,1991,17.0,497.0,49717203.0,10.0
Ethiopia,ETH,1992,12.0,4815.0,51853756.0,92.86
Ethiopia,ETH,1993,22.0,1152.0,53708892.0,21.45
Ethiopia,ETH,1994,54.0,1133.0,55611514.0,20.37
Ethiopia,ETH,1995,38.0,562.0,57537340.0,9.77
Ethiopia,ETH,1996,54.0,1586.0,59467640.0,26.67
Ethiopia,ETH,1997,51.0,1113.0,61404541.0,18.13
Ethiopia,ETH,1998,39.0,1603.0,63363523.0,25.3
Ethiopia,ETH,1999,27.0,5329.0,65374561.0,81.51
Ethiopia,ETH,2000,28.0,1660.0,67411496.0,24.62
Ethiopia,ETH,2001,29.0,2366.0,69487767.0,34.05
Ethiopia,ETH,2002,32.0,3332.0,71635521.0,46.51
Ethiopia,ETH,2003,33.0,228.0,73832664.0,3.09
Ethiopia,ETH,2004,35.0,73.0,76077211.0,0.96
Ethiopia,ETH,2005,40.0,357.0,78367476.0,4.56
Ethiopia,ETH,2006,44.0,1451.0,80703495.0,17.98
Ethiopia,ETH,2007,49.0,1446.0,83103218.0,17.4
Ethiopia,ETH,2008,54.0,3511.0,85543670.0,41.04
Ethiopia,ETH,2009,59.0,1176.0,88007641.0,13.36
Ethiopia,ETH,2010,64.0,4235.0,90538518.0,46.78
Ethiopia,ETH,2011,68.0,3255.0,93149977.0,34.94
Ethiopia,ETH,2012,62.0,4347.0,95798771.0,45.38
Ethiopia,ETH,2013,55.0,5253.0,98438752.0,53.36
Ethiopia,ETH,2014,54.0,12739.0,101115615.0,125.98
Ethiopia,ETH,2015,56.0,17745.0,103867140.0,170.84
Ethiopia,ETH,2016,57.0,4579.0,106718163.0,42.91
Ethiopia,ETH,2017,59.0,1921.0,109666482.0,17.52
Ethiopia,ETH,2018,54.0,1752.0,112664157.0,15.55
Ethiopia,ETH,2019,56.0,3998.0,115737384.0,34.54
Ethiopia,ETH,2020,57.0,1952.0,118917670.0,16.41
Ethiopia,ETH,2021,60.0,1953.0,122138588.0,15.99
Ethiopia,ETH,2022,62.0,9292.0,125384285.0,74.11
Ethiopia,ETH,2023,68.0,24038.0,128691695.0,186.79
Ethiopia,ETH,2024,72.0,31044.0,128691695.0,241.23
Europe,OWID_EUR,1980,18.788427,,694976561.0,
Europe,OWID_EUR,1981,22.892265,,698297493.0,
Europe,OWID_EUR,1982,24.36844,,701163007.0,
Europe,OWID_EUR,1983,29.89506,,704000872.0,
Europe,OWID_EUR,1984,32.852165,,706845163.0,
Europe,OWID_EUR,1985,35.113594,,709686996.0,
Europe,OWID_EUR,1986,37.919262,,712751187.0,
Europe,OWID_EUR,1987,40.15254,,715938696.0,
Europe,OWID_EUR,1988,40.489323,,719157222.0,
Europe,OWID_EUR,1989,42.654606,,722217653.0,
Europe,OWID_EUR,1990,47.64567,,724943715.0,
Europe,OWID_EUR,1991,49.12358,,727298534.0,
Europe,OWID_EUR,1992,79.8209,,728443297.0,
Europe,OWID_EUR,1993,84.20063,,728848398.0,
Europe,OWID_EUR,1994,84.47416,,729745970.0,
Europe,OWID_EUR,1995,86.08088,,730260103.0,
Europe,OWID_EUR,1996,87.3319,,730267162.0,
Europe,OWID_EUR,1997,88.42396,,730339959.0,
Europe,OWID_EUR,1998,88.1178,,729796180.0,
Europe,OWID_EUR,1999,89.915085,,729166727.0,
Europe,OWID_EUR,2000,90.37543,,729129967.0,
Europe,OWID_EUR,2001,90.93833,,729220001.0,
Europe,OWID_EUR,2002,91.739044,,730126161.0,
Europe,OWID_EUR,2003,91.987236,,731394229.0,
Europe,OWID_EUR,2004,92.324974,,732282324.0,
Europe,OWID_EUR,2005,92.711266,,733101021.0,
Europe,OWID_EUR,2006,93.54976,,733756870.0,
Europe,OWID_EUR,2007,94.07164,,734987444.0,
Europe,OWID_EUR,2008,93.911514,,736658822.0,
Europe,OWID_EUR,2009,92.57653,,738063440.0,
Europe,OWID_EUR,2010,91.657814,,739291483.0,
Europe,OWID_EUR,2011,92.44026,,740524016.0,
Europe,OWID_EUR,2012,93.643196,,741642607.0,
Europe,OWID_EUR,2013,93.64696,,742672989.0,
Europe,OWID_EUR,2014,91.95558,,743860819.0,
Europe,OWID_EUR,2015,91.77655,,745474876.0,
Europe,OWID_EUR,2016,90.947426,,747258527.0,
Europe,OWID_EUR,2017,93.93374,,748701837.0,
Europe,OWID_EUR,2018,94.367294,,749853945.0,
Europe,OWID_EUR,2019,94.50324,,750809114.0,
Europe,OWID_EUR,2020,93.39696,,750844584.0,
Europe,OWID_EUR,2021,93.608864,,749949128.0,
Europe,OWID_EUR,2022,92.62937,,748314268.0,
Europe,OWID_EUR,2023,93.03078,,746966209.0,
Europe (WHO),WHO_EUR,1980,55.0,492660.0,,
Europe (WHO),WHO_EUR,1981,64.0,460966.0,,
Europe (WHO),WHO_EUR,1982,67.0,434521.0,,
Europe (WHO),WHO_EUR,1983,72.0,597455.0,,
Europe (WHO),WHO_EUR,1984,75.0,336329.0,,
Europe (WHO),WHO_EUR,1985,76.0,373610.0,,
Europe (WHO),WHO_EUR,1986,72.0,422573.0,,
Europe (WHO),WHO_EUR,1987,75.0,145003.0,,
Europe (WHO),WHO_EUR,1988,78.0,289609.0,,
Europe (WHO),WHO_EUR,1989,79.0,374023.0,,
Europe (WHO),WHO_EUR,1990,83.0,185818.0,,
Europe (WHO),WHO_EUR,1991,82.0,304166.0,,
Europe (WHO),WHO_EUR,1992,81.0,330546.0,,
Europe (WHO),WHO_EUR,1993,83.0,341982.0,,
Europe (WHO),WHO_EUR,1994,83.0,190910.0,,
Europe (WHO),WHO_EUR,1995,84.0,154107.0,,
Europe (WHO),WHO_EUR,1996,86.0,178345.0,,
Europe (WHO),WHO_EUR,1997,88.0,215767.0,,
Europe (WHO),WHO_EUR,1998,88.0,77872.0,,
Europe (WHO),WHO_EUR,1999,89.0,38811.0,,
Europe (WHO),WHO_EUR,2000,91.0,37421.0,,
Europe (WHO),WHO_EUR,2001,92.0,58364.0,,
Europe (WHO),WHO_EUR,2002,91.0,46718.0,,
Europe (WHO),WHO_EUR,2003,91.0,28203.0,,
Europe (WHO),WHO_EUR,2004,92.0,29510.0,,
Europe (WHO),WHO_EUR,2005,93.0,37338.0,,
Europe (WHO),WHO_EUR,2006,94.0,53344.0,,
Europe (WHO),WHO_EUR,2007,95.0,6936.0,,
Europe (WHO),WHO_EUR,2008,95.0,8879.0,,
Europe (WHO),WHO_EUR,2009,94.0,7499.0,,
Europe (WHO),WHO_EUR,2010,93.0,30625.0,,
Europe (WHO),WHO_EUR,2011,94.0,37101.0,,
Europe (WHO),WHO_EUR,2012,95.0,27379.0,,
Europe (WHO),WHO_EUR,2013,95.0,26346.0,,
Europe (WHO),WHO_EUR,2014,94.0,14176.0,,
Europe (WHO),WHO_EUR,2015,94.0,25957.0,,
Europe (WHO),WHO_EUR,2016,93.0,4440.0,,
Europe (WHO),WHO_EUR,2017,95.0,24356.0,,
Europe (WHO),WHO_EUR,2018,95.0,89148.0,,
Europe (WHO),WHO_EUR,2019,95.0,106481.0,,
Europe (WHO),WHO_EUR,2020,94.0,11113.0,,
Europe (WHO),WHO_EUR,2021,95.0,109.0,,
Europe (WHO),WHO_EUR,2022,94.0,879.0,,
Europe (WHO),WHO_EUR,2023,94.0,60756.0,,
Europe (WHO),WHO_EUR,2024,94.0,148974.0,,
Fiji,FJI,1980,32.0,913.0,641985.0,1422.15
Fiji,FJI,1981,40.0,1003.0,657473.0,1525.54
Fiji,FJI,1982,2.0,902.0,673422.0,1339.43
Fiji,FJI,1983,25.0,313.0,689845.0,453.73
Fiji,FJI,1984,22.0,827.0,706722.0,1170.19
Fiji,FJI,1985,57.0,152.0,723767.0,210.01
Fiji,FJI,1986,61.0,385.0,739320.0,520.75
Fiji,FJI,1987,64.0,1075.0,750551.0,1432.28
Fiji,FJI,1988,69.0,610.0,758707.0,804.0
Fiji,FJI,1989,65.0,53.0,766331.0,69.16
Fiji,FJI,1990,84.0,32.0,773325.0,41.38
Fiji,FJI,1991,93.0,,779666.0,
Fiji,FJI,1992,91.0,969.0,785349.0,1233.85
Fiji,FJI,1993,96.0,425.0,790380.0,537.72
Fiji,FJI,1994,96.0,39.0,794779.0,49.07
Fiji,FJI,1995,94.0,414.0,798750.0,518.31
Fiji,FJI,1996,94.0,39.0,803788.0,48.52
Fiji,FJI,1997,75.0,828.0,812145.0,1019.52
Fiji,FJI,1998,77.0,,822259.0,
Fiji,FJI,1999,79.0,,831835.0,
Fiji,FJI,2000,81.0,,840913.0,
Fiji,FJI,2001,83.0,17.0,849606.0,20.01
Fiji,FJI,2002,85.0,304.0,858057.0,354.29
Fiji,FJI,2003,86.0,305.0,866297.0,352.07
Fiji,FJI,2004,88.0,37.0,874369.0,42.32
Fiji,FJI,2005,90.0,,882384.0,
Fiji,FJI,2006,92.0,136.0,890370.0,152.75
Fiji,FJI,2007,94.0,0.0,897843.0,0.0
Fiji,FJI,2008,95.0,0.0,903403.0,0.0
Fiji,FJI,2009,95.0,1.0,907248.0,1.1
Fiji,FJI,2010,96.0,0.0,910427.0,0.0
Fiji,FJI,2011,96.0,,912991.0,
Fiji,FJI,2012,98.0,0.0,914920.0,0.0
Fiji,FJI,2013,94.0,,916359.0,
Fiji,FJI,2014,99.0,,917589.0,
Fiji,FJI,2015,98.0,,918585.0,
Fiji,FJI,2016,97.0,5.0,919167.0,5.44
Fiji,FJI,2017,99.0,,918762.0,
Fiji,FJI,2018,95.0,0.0,917185.0,0.0
Fiji,FJI,2019,94.0,28.0,914906.0,30.6
Fiji,FJI,2020,92.0,,914971.0,
Fiji,FJI,2021,98.0,,916718.0,
Fiji,FJI,2022,99.0,,919428.0,
Fiji,FJI,2023,98.0,,924150.0,
Fiji,FJI,2024,91.0,,924150.0,
Finland,FIN,1980,,2147.0,4779358.0,449.22
Finland,FIN,1981,70.0,3813.0,4799849.0,794.4
Finland,FIN,1982,75.0,5402.0,4826884.0,1119.15
Finland,FIN,1983,81.0,4751.0,4855791.0,978.42
Finland,FIN,1984,83.0,729.0,4881827.0,149.33
Finland,FIN,1985,85.0,614.0,4902262.0,125.25
Finland,FIN,1986,87.0,741.0,4918256.0,150.66
Finland,FIN,1987,92.0,635.0,4932257.0,128.74
Finland,FIN,1988,98.0,129.0,4946629.0,26.08
Finland,FIN,1989,95.0,1032.0,4964525.0,207.87
Finland,FIN,1990,97.0,3.0,4986576.0,0.6
Finland,FIN,1991,97.0,8.0,5013889.0,1.6
Finland,FIN,1992,99.0,5.0,5042145.0,0.99
Finland,FIN,1993,99.0,0.0,5066594.0,0.0
Finland,FIN,1994,99.0,1.0,5088454.0,0.2
Finland,FIN,1995,98.0,6.0,5107919.0,1.17
Finland,FIN,1996,98.0,0.0,5124715.0,0.0
Finland,FIN,1997,96.0,0.0,5139927.0,0.0
Finland,FIN,1998,96.0,1.0,5153545.0,0.19
Finland,FIN,1999,96.0,,5165516.0,
Finland,FIN,2000,96.0,,5176197.0,
Finland,FIN,2001,96.0,1.0,5187970.0,0.19
Finland,FIN,2002,96.0,0.0,5200548.0,0.0
Finland,FIN,2003,97.0,0.0,5212958.0,0.0
Finland,FIN,2004,97.0,0.0,5228147.0,0.0
Finland,FIN,2005,97.0,1.0,5246078.0,0.19
Finland,FIN,2006,97.0,0.0,5266248.0,0.0
Finland,FIN,2007,98.0,0.0,5288715.0,0.0
Finland,FIN,2008,97.0,5.0,5313379.0,0.94
Finland,FIN,2009,98.0,2.0,5338854.0,0.37
Finland,FIN,2010,98.0,5.0,5363347.0,0.93
Finland,FIN,2011,97.0,27.0,5388236.0,5.01
Finland,FIN,2012,97.0,,5413978.0,
Finland,FIN,2013,97.0,2.0,5439057.0,0.37
Finland,FIN,2014,96.0,,5461686.0,
Finland,FIN,2015,95.0,2.0,5479719.0,0.36
Finland,FIN,2016,95.0,4.0,5495468.0,0.73
Finland,FIN,2017,94.0,11.0,5508398.0,2.0
Finland,FIN,2018,96.0,15.0,5515730.0,2.72
Finland,FIN,2019,96.0,12.0,5521754.0,2.17
Finland,FIN,2020,95.0,4.0,5529616.0,0.72
Finland,FIN,2021,93.0,3.0,5541069.0,0.54
Finland,FIN,2022,94.0,0.0,5569300.0,0.0
Finland,FIN,2023,94.0,1.0,5601185.0,0.18
Finland,FIN,2024,94.0,2.0,5601185.0,0.36
France,FRA,1980,,1244.0,53941061.0,23.06
France,FRA,1981,,1132.0,54255004.0,20.86
France,FRA,1982,,812.0,54582405.0,14.88
France,FRA,1983,15.0,870.0,54889407.0,15.85
France,FRA,1984,26.0,978.0,55176626.0,17.72
France,FRA,1985,35.0,399.0,55467153.0,7.19
France,FRA,1986,39.0,931.0,55752833.0,16.7
France,FRA,1987,45.0,,56048366.0,
France,FRA,1988,51.0,,56361846.0,
France,FRA,1989,58.0,,56685081.0,
France,FRA,1990,71.0,,56990239.0,
France,FRA,1991,74.0,156849.0,57271564.0,2738.69
France,FRA,1992,76.0,109548.0,57554867.0,1903.37
France,FRA,1993,78.0,77232.0,57801261.0,1336.16
France,FRA,1994,80.0,44005.0,57999868.0,758.71
France,FRA,1995,83.0,54239.0,58192207.0,932.07
France,FRA,1996,84.0,66000.0,58380638.0,1130.51
France,FRA,1997,83.0,80000.0,58568662.0,1365.92
France,FRA,1998,82.0,,58778817.0,
France,FRA,1999,83.0,,59084209.0,
France,FRA,2000,84.0,10000.0,59483716.0,168.11
France,FRA,2001,85.0,,59905131.0,
France,FRA,2002,86.0,5185.0,60327247.0,85.95
France,FRA,2003,87.0,,60741119.0,
France,FRA,2004,88.0,4448.0,61175244.0,72.71
France,FRA,2005,87.0,36.0,61625031.0,0.58
France,FRA,2006,89.0,40.0,62049831.0,0.64
France,FRA,2007,90.0,39.0,62432438.0,0.62
France,FRA,2008,89.0,604.0,62780187.0,9.62
France,FRA,2009,89.0,1541.0,63106460.0,24.42
France,FRA,2010,89.0,5048.0,63417366.0,79.6
France,FRA,2011,89.0,14949.0,63733776.0,234.55
France,FRA,2012,91.0,,64058465.0,
France,FRA,2013,90.0,272.0,64387736.0,4.22
France,FRA,2014,91.0,267.0,64692495.0,4.13
France,FRA,2015,91.0,157.0,64916337.0,2.42
France,FRA,2016,90.0,79.0,65086853.0,1.21
France,FRA,2017,90.0,519.0,65284775.0,7.95
France,FRA,2018,91.0,2921.0,65519537.0,44.58
France,FRA,2019,92.0,2637.0,65729460.0,40.12
France,FRA,2020,94.0,240.0,65905273.0,3.64
France,FRA,2021,94.0,16.0,66083547.0,0.24
France,FRA,2022,95.0,15.0,66277412.0,0.23
France,FRA,2023,95.0,117.0,66438828.0,1.76
France,FRA,2024,95.0,,66438828.0,
French Polynesia,PYF,1980,,379.0,156485.0,2421.96
French Polynesia,PYF,1981,,1281.0,161519.0,7930.96
French Polynesia,PYF,1982,,1187.0,166650.0,7122.71
French Polynesia,PYF,1983,,1015.0,171758.0,5909.48
French Polynesia,PYF,1984,,113.0,176480.0,640.3
French Polynesia,PYF,1985,,1927.0,181003.0,10646.23
French Polynesia,PYF,1986,,43.0,185685.0,231.57
French Polynesia,PYF,1987,,40.0,190462.0,210.02
French Polynesia,PYF,1988,,18.0,195208.0,92.21
French Polynesia,PYF,1989,,82.0,199650.0,410.72
French Polynesia,PYF,1990,,30.0,203780.0,147.22
French Polynesia,PYF,1991,,31.0,207755.0,149.21
French Polynesia,PYF,1992,,22.0,211570.0,103.98
French Polynesia,PYF,1993,,21.0,215229.0,97.57
French Polynesia,PYF,1994,,95.0,218747.0,434.29
French Polynesia,PYF,1995,,7.0,222128.0,31.51
French Polynesia,PYF,1996,,387.0,225500.0,1716.19
French Polynesia,PYF,1997,,518.0,229132.0,2260.71
French Polynesia,PYF,1998,,0.0,232898.0,0.0
French Polynesia,PYF,1999,,13.0,236606.0,54.94
French Polynesia,PYF,2001,,3.0,244107.0,12.29
French Polynesia,PYF,2007,,0.0,266448.0,0.0
French Polynesia,PYF,2008,,0.0,268390.0,0.0
French Polynesia,PYF,2009,,0.0,269494.0,0.0
French Polynesia,PYF,2010,,0.0,270590.0,0.0
French Polynesia,PYF,2011,,0.0,271734.0,0.0
French Polynesia,PYF,2012,,0.0,273092.0,0.0
French Polynesia,PYF,2013,,0.0,274736.0,0.0
French Polynesia,PYF,2020,,0.0,279218.0,0.0
French Polynesia,PYF,2021,,0.0,279808.0,0.0
French Polynesia,PYF,2022,,0.0,280388.0,0.0
French Polynesia,PYF,2023,,0.0,281125.0,0.0
French Polynesia,PYF,2024,,0.0,281125.0,0.0
Gabon,GAB,1980,,1641.0,748395.0,2192.69
Gabon,GAB,1981,,2306.0,768394.0,3001.06
Gabon,GAB,1982,,1747.0,789291.0,2213.38
Gabon,GAB,1983,,4324.0,811007.0,5331.64
Gabon,GAB,1984,,7234.0,833501.0,8679.05
Gabon,GAB,1985,58.0,5222.0,856737.0,6095.22
Gabon,GAB,1986,66.0,6826.0,880706.0,7750.6
Gabon,GAB,1987,67.0,2074.0,905481.0,2290.5
Gabon,GAB,1988,68.0,655.0,931023.0,703.53
Gabon,GAB,1989,76.0,1780.0,957147.0,1859.69
Gabon,GAB,1990,76.0,738.0,983740.0,750.2
Gabon,GAB,1991,71.0,,1010821.0,
Gabon,GAB,1992,66.0,1245.0,1038386.0,1198.98
Gabon,GAB,1993,63.0,958.0,1066404.0,898.35
Gabon,GAB,1994,60.0,,1094724.0,
Gabon,GAB,1995,57.0,,1123212.0,
Gabon,GAB,1996,57.0,70.0,1152018.0,60.76
Gabon,GAB,1997,56.0,,1181445.0,
Gabon,GAB,1998,56.0,,1211744.0,
Gabon,GAB,1999,55.0,,1243023.0,
Gabon,GAB,2000,55.0,15.0,1275578.0,11.76
Gabon,GAB,2001,55.0,5129.0,1309594.0,3916.48
Gabon,GAB,2002,55.0,110.0,1345142.0,81.78
Gabon,GAB,2003,55.0,,1382354.0,
Gabon,GAB,2004,55.0,63.0,1421620.0,44.32
Gabon,GAB,2005,55.0,0.0,1463503.0,0.0
Gabon,GAB,2006,55.0,90.0,1508338.0,59.67
Gabon,GAB,2007,62.0,0.0,1556242.0,0.0
Gabon,GAB,2008,67.0,3.0,1607182.0,1.87
Gabon,GAB,2009,63.0,0.0,1661567.0,0.0
Gabon,GAB,2010,62.0,1.0,1719883.0,0.58
Gabon,GAB,2011,72.0,2.0,1781987.0,1.12
Gabon,GAB,2012,71.0,2.0,1846893.0,1.08
Gabon,GAB,2013,70.0,122.0,1913061.0,63.77
Gabon,GAB,2014,61.0,33.0,1978400.0,16.68
Gabon,GAB,2015,68.0,27.0,2040990.0,13.23
Gabon,GAB,2016,64.0,1509.0,2100310.0,718.47
Gabon,GAB,2017,63.0,1075.0,2156902.0,498.4
Gabon,GAB,2018,59.0,1.0,2212320.0,0.45
Gabon,GAB,2019,62.0,2.0,2267711.0,0.88
Gabon,GAB,2020,53.0,9.0,2322538.0,3.88
Gabon,GAB,2021,64.0,134.0,2376729.0,56.38
Gabon,GAB,2022,52.0,1293.0,2430750.0,531.93
Gabon,GAB,2023,66.0,1167.0,2484790.0,469.66
Gabon,GAB,2024,57.0,32.0,2484790.0,12.88
Gambia,GMB,1980,69.0,284.0,713921.0,397.8
Gambia,GMB,1981,70.0,262.0,739132.0,354.47
Gambia,GMB,1982,71.0,1566.0,765759.0,2045.03
Gambia,GMB,1983,70.0,1372.0,794528.0,1726.81
Gambia,GMB,1984,79.0,,825634.0,
Gambia,GMB,1985,75.0,1628.0,858879.0,1895.49
Gambia,GMB,1986,62.0,3997.0,894019.0,4470.82
Gambia,GMB,1987,88.0,,931102.0,
Gambia,GMB,1988,80.0,,970162.0,
Gambia,GMB,1989,85.0,,1011367.0,
Gambia,GMB,1990,86.0,,1054703.0,
Gambia,GMB,1991,87.0,164.0,1099960.0,149.1
Gambia,GMB,1992,83.0,364.0,1145583.0,317.74
Gambia,GMB,1993,87.0,912.0,1188372.0,767.44
Gambia,GMB,1994,89.0,280.0,1227233.0,228.16
Gambia,GMB,1995,91.0,130.0,1264320.0,102.82
Gambia,GMB,1996,94.0,15.0,1301421.0,11.53
Gambia,GMB,1997,91.0,1500.0,1338898.0,1120.32
Gambia,GMB,1998,90.0,,1376994.0,
Gambia,GMB,1999,90.0,856.0,1415786.0,604.61
Gambia,GMB,2000,89.0,336.0,1455095.0,230.91
Gambia,GMB,2001,89.0,99.0,1495023.0,66.22
Gambia,GMB,2002,90.0,32.0,1535700.0,20.84
Gambia,GMB,2003,90.0,119.0,1577619.0,75.43
Gambia,GMB,2004,92.0,0.0,1621309.0,0.0
Gambia,GMB,2005,91.0,0.0,1667035.0,0.0
Gambia,GMB,2006,89.0,0.0,1715285.0,0.0
Gambia,GMB,2007,88.0,0.0,1765778.0,0.0
Gambia,GMB,2008,92.0,0.0,1817859.0,0.0
Gambia,GMB,2009,96.0,0.0,1871428.0,0.0
Gambia,GMB,2010,92.0,2.0,1926634.0,1.04
Gambia,GMB,2011,91.0,0.0,1983785.0,0.0
Gambia,GMB,2012,95.0,0.0,2043097.0,0.0
Gambia,GMB,2013,96.0,0.0,2103825.0,0.0
Gambia,GMB,2014,96.0,1.0,2164535.0,0.46
Gambia,GMB,2015,97.0,71.0,2224530.0,31.92
Gambia,GMB,2016,97.0,45.0,2283775.0,19.7
Gambia,GMB,2017,90.0,1.0,2342191.0,0.43
Gambia,GMB,2018,91.0,4.0,2399633.0,1.67
Gambia,GMB,2019,85.0,1.0,2456847.0,0.41
Gambia,GMB,2020,82.0,,2515744.0,
Gambia,GMB,2021,79.0,0.0,2576015.0,0.0
Gambia,GMB,2022,74.0,58.0,2636472.0,22.0
Gambia,GMB,2023,80.0,38.0,2697846.0,14.09
Gambia,GMB,2024,83.0,8.0,2697846.0,2.97
Georgia,GEO,1991,,352.0,5379509.0,65.43
Georgia,GEO,1992,16.0,115.0,5294186.0,21.72
Georgia,GEO,1993,61.0,409.0,5178784.0,78.98
Georgia,GEO,1994,63.0,723.0,5046267.0,143.27
Georgia,GEO,1995,61.0,181.0,4925742.0,36.75
Georgia,GEO,1996,65.0,304.0,4812774.0,63.17
Georgia,GEO,1997,69.0,342.0,4695359.0,72.84
Georgia,GEO,1998,73.0,218.0,4576447.0,47.64
Georgia,GEO,1999,76.0,144.0,4455581.0,32.32
Georgia,GEO,2000,73.0,50.0,4328361.0,11.55
Georgia,GEO,2001,74.0,35.0,4209641.0,8.31
Georgia,GEO,2002,75.0,199.0,4127854.0,48.21
Georgia,GEO,2003,76.0,216.0,4085489.0,52.87
Georgia,GEO,2004,86.0,6847.0,4056076.0,1688.08
Georgia,GEO,2005,90.0,1356.0,4026135.0,336.8
Georgia,GEO,2006,96.0,334.0,3996584.0,83.57
Georgia,GEO,2007,97.0,44.0,3967592.0,11.09
Georgia,GEO,2008,97.0,56.0,3941192.0,14.21
Georgia,GEO,2009,83.0,23.0,3918935.0,5.87
Georgia,GEO,2010,94.0,22.0,3895932.0,5.65
Georgia,GEO,2011,91.0,64.0,3868724.0,16.54
Georgia,GEO,2012,93.0,31.0,3839208.0,8.07
Georgia,GEO,2013,97.0,7872.0,3809128.0,2066.61
Georgia,GEO,2014,92.0,3188.0,3792921.0,840.51
Georgia,GEO,2015,96.0,431.0,3791570.0,113.67
Georgia,GEO,2016,93.0,14.0,3792061.0,3.69
Georgia,GEO,2017,95.0,94.0,3792860.0,24.78
Georgia,GEO,2018,98.0,2199.0,3794881.0,579.46
Georgia,GEO,2019,99.0,3918.0,3796722.0,1031.94
Georgia,GEO,2020,91.0,20.0,3795680.0,5.27
Georgia,GEO,2021,90.0,5.0,3788450.0,1.32
Georgia,GEO,2022,90.0,12.0,3794782.0,3.16
Georgia,GEO,2023,95.0,39.0,3807494.0,10.24
Georgia,GEO,2024,90.0,350.0,3807494.0,91.92
Germany,DEU,1980,25.0,28745.0,78315373.0,367.04
Germany,DEU,1981,50.0,5290.0,78448044.0,67.43
Germany,DEU,1982,50.0,2029.0,78393670.0,25.88
Germany,DEU,1983,47.0,9798.0,78224137.0,125.26
Germany,DEU,1984,48.0,11759.0,77998197.0,150.76
Germany,DEU,1985,50.0,568.0,77863423.0,7.29
Germany,DEU,1986,70.0,199.0,77923806.0,2.55
Germany,DEU,1987,75.0,189.0,78062321.0,2.42
Germany,DEU,1988,75.0,17.0,78385992.0,0.22
Germany,DEU,1989,75.0,45.0,79007062.0,0.57
Germany,DEU,1990,75.0,,79707963.0,
Germany,DEU,1991,75.0,,80303190.0,
Germany,DEU,1992,75.0,,80934901.0,
Germany,DEU,1993,89.0,,81486771.0,
Germany,DEU,1994,90.0,,81773613.0,
Germany,DEU,1995,92.0,,82019890.0,
Germany,DEU,1996,91.0,,82263195.0,
Germany,DEU,1997,91.0,,82389631.0,
Germany,DEU,1998,92.0,,82011933.0,
Germany,DEU,1999,92.0,,81678279.0,
Germany,DEU,2000,92.0,,81797255.0,
Germany,DEU,2001,94.0,6024.0,81933882.0,73.52
Germany,DEU,2002,94.0,4657.0,82068328.0,56.75
Germany,DEU,2003,95.0,779.0,82111619.0,9.49
Germany,DEU,2004,96.0,121.0,82092706.0,1.47
Germany,DEU,2005,96.0,778.0,82046733.0,9.48
Germany,DEU,2006,96.0,2307.0,81701971.0,28.24
Germany,DEU,2007,97.0,567.0,81298546.0,6.97
Germany,DEU,2008,97.0,917.0,81110780.0,11.31
Germany,DEU,2009,97.0,574.0,80935276.0,7.09
Germany,DEU,2010,97.0,780.0,80830916.0,9.65
Germany,DEU,2011,97.0,1607.0,80857877.0,19.87
Germany,DEU,2012,97.0,166.0,80916391.0,2.05
Germany,DEU,2013,97.0,1771.0,81041581.0,21.85
Germany,DEU,2014,97.0,443.0,81376078.0,5.44
Germany,DEU,2015,97.0,2464.0,82077546.0,30.02
Germany,DEU,2016,97.0,326.0,82760102.0,3.94
Germany,DEU,2017,97.0,929.0,83104010.0,11.18
Germany,DEU,2018,97.0,543.0,83368507.0,6.51
Germany,DEU,2019,97.0,514.0,83559184.0,6.15
Germany,DEU,2020,97.0,76.0,83628711.0,0.91
Germany,DEU,2021,98.0,10.0,83697080.0,0.12
Germany,DEU,2022,96.0,15.0,84086227.0,0.18
Germany,DEU,2023,96.0,79.0,84548233.0,0.93
Germany,DEU,2024,96.0,645.0,84548233.0,7.63
Ghana,GHA,1980,16.0,82684.0,11941451.0,6924.12
Ghana,GHA,1981,23.0,38476.0,12281722.0,3132.79
Ghana,GHA,1982,21.0,79636.0,12643820.0,6298.41
Ghana,GHA,1983,16.0,36561.0,13029841.0,2805.94
Ghana,GHA,1984,10.0,40179.0,13370591.0,3005.03
Ghana,GHA,1985,21.0,64517.0,13661237.0,4722.63
Ghana,GHA,1986,31.0,11099.0,13965221.0,794.76
Ghana,GHA,1987,51.0,24781.0,14289110.0,1734.26
Ghana,GHA,1988,59.0,40456.0,14636577.0,2764.03
Ghana,GHA,1989,65.0,19997.0,15006814.0,1332.53
Ghana,GHA,1990,61.0,32246.0,15394650.0,2094.62
Ghana,GHA,1991,63.0,17135.0,15787495.0,1085.35
Ghana,GHA,1992,64.0,39933.0,16184863.0,2467.31
Ghana,GHA,1993,66.0,34641.0,16589521.0,2088.13
Ghana,GHA,1994,68.0,34821.0,16993190.0,2049.11
Ghana,GHA,1995,70.0,40276.0,17399023.0,2314.84
Ghana,GHA,1996,71.0,34273.0,17810184.0,1924.35
Ghana,GHA,1997,73.0,37261.0,18238961.0,2042.93
Ghana,GHA,1998,78.0,23335.0,18688041.0,1248.66
Ghana,GHA,1999,81.0,15987.0,19149875.0,834.84
Ghana,GHA,2000,90.0,23068.0,19637085.0,1174.72
Ghana,GHA,2001,78.0,13476.0,20167073.0,668.22
Ghana,GHA,2002,78.0,12289.0,20729392.0,592.83
Ghana,GHA,2003,80.0,1939.0,21296710.0,91.05
Ghana,GHA,2004,83.0,60.0,21868298.0,2.74
Ghana,GHA,2005,83.0,435.0,22449446.0,19.38
Ghana,GHA,2006,85.0,420.0,23040704.0,18.23
Ghana,GHA,2007,95.0,6.0,23642284.0,0.25
Ghana,GHA,2008,86.0,82.0,24249945.0,3.38
Ghana,GHA,2009,93.0,101.0,24862667.0,4.06
Ghana,GHA,2010,93.0,641.0,25475000.0,25.16
Ghana,GHA,2011,91.0,120.0,26095091.0,4.6
Ghana,GHA,2012,89.0,1613.0,26734273.0,60.33
Ghana,GHA,2013,89.0,319.0,27386193.0,11.65
Ghana,GHA,2014,92.0,124.0,28041592.0,4.42
Ghana,GHA,2015,89.0,23.0,28696071.0,0.8
Ghana,GHA,2016,89.0,32.0,29356736.0,1.09
Ghana,GHA,2017,95.0,19.0,30008364.0,0.63
Ghana,GHA,2018,92.0,34.0,30637592.0,1.11
Ghana,GHA,2019,92.0,1274.0,31258943.0,40.76
Ghana,GHA,2020,88.0,88.0,31887802.0,2.76
Ghana,GHA,2021,94.0,52.0,32518662.0,1.6
Ghana,GHA,2022,95.0,395.0,33149152.0,11.92
Ghana,GHA,2023,90.0,2282.0,33787916.0,67.54
Ghana,GHA,2024,90.0,1944.0,33787916.0,57.54
Greece,GRC,1980,,13464.0,9653419.0,1394.74
Greece,GRC,1981,,1389.0,9754398.0,142.4
Greece,GRC,1982,,3417.0,9837470.0,347.35
Greece,GRC,1983,,23723.0,9911493.0,2393.48
Greece,GRC,1984,75.0,1200.0,9978779.0,120.26
Greece,GRC,1985,77.0,1484.0,10037038.0,147.85
Greece,GRC,1986,39.0,1050.0,10088766.0,104.08
Greece,GRC,1987,81.0,1891.0,10134533.0,186.59
Greece,GRC,1988,82.0,5100.0,10177007.0,501.13
Greece,GRC,1989,76.0,534.0,10218041.0,52.26
Greece,GRC,1990,76.0,245.0,10258494.0,23.88
Greece,GRC,1991,72.0,1371.0,10306645.0,133.02
Greece,GRC,1992,72.0,3448.0,10359895.0,332.82
Greece,GRC,1993,72.0,503.0,10412752.0,48.31
Greece,GRC,1994,70.0,163.0,10466266.0,15.57
Greece,GRC,1995,70.0,112.0,10519233.0,10.65
Greece,GRC,1996,90.0,6082.0,10570083.0,575.4
Greece,GRC,1997,90.0,136.0,10622327.0,12.8
Greece,GRC,1998,89.0,66.0,10675411.0,6.18
Greece,GRC,1999,88.0,69.0,10727953.0,6.43
Greece,GRC,2000,89.0,56.0,10782638.0,5.19
Greece,GRC,2001,91.0,12.0,10843166.0,1.11
Greece,GRC,2002,92.0,5.0,10890287.0,0.46
Greece,GRC,2003,94.0,,10918467.0,
Greece,GRC,2004,95.0,1.0,10947369.0,0.09
Greece,GRC,2005,96.0,122.0,10981340.0,11.11
Greece,GRC,2006,98.0,,11016107.0,
Greece,GRC,2007,99.0,2.0,11045737.0,0.18
Greece,GRC,2008,99.0,1.0,11076874.0,0.09
Greece,GRC,2009,99.0,2.0,11108067.0,0.18
Greece,GRC,2010,99.0,149.0,11124666.0,13.39
Greece,GRC,2011,99.0,40.0,11108838.0,3.6
Greece,GRC,2012,99.0,3.0,11048291.0,0.27
Greece,GRC,2013,99.0,3.0,10967534.0,0.27
Greece,GRC,2014,97.0,1.0,10893169.0,0.09
Greece,GRC,2015,97.0,1.0,10820902.0,0.09
Greece,GRC,2016,97.0,0.0,10775506.0,0.0
Greece,GRC,2017,97.0,968.0,10753532.0,90.02
Greece,GRC,2018,97.0,2291.0,10730846.0,213.5
Greece,GRC,2019,97.0,45.0,10718581.0,4.2
Greece,GRC,2020,97.0,3.0,10699370.0,0.28
Greece,GRC,2021,97.0,0.0,10579561.0,0.0
Greece,GRC,2022,94.0,0.0,10412481.0,0.0
Greece,GRC,2023,91.0,0.0,10242910.0,0.0
Greece,GRC,2024,91.0,38.0,10242910.0,3.71
Grenada,GRD,1980,,53.0,94554.0,560.53
Grenada,GRD,1981,,9.0,94066.0,95.68
Grenada,GRD,1982,5.0,1713.0,94399.0,18146.38
Grenada,GRD,1983,7.0,268.0,94963.0,2822.15
Grenada,GRD,1984,31.0,11.0,95518.0,115.16
Grenada,GRD,1985,49.0,7.0,96124.0,72.82
Grenada,GRD,1986,62.0,20.0,96807.0,206.6
Grenada,GRD,1987,77.0,6.0,97537.0,61.52
Grenada,GRD,1988,48.0,4.0,98323.0,40.68
Grenada,GRD,1989,89.0,2.0,99133.0,20.17
Grenada,GRD,1990,85.0,6.0,99973.0,60.02
Grenada,GRD,1991,96.0,2.0,100806.0,19.84
Grenada,GRD,1992,73.0,0.0,101618.0,0.0
Grenada,GRD,1993,99.0,0.0,102398.0,0.0
Grenada,GRD,1994,87.0,0.0,103150.0,0.0
Grenada,GRD,1995,88.0,3.0,103890.0,28.88
Grenada,GRD,1996,85.0,0.0,104599.0,0.0
Grenada,GRD,1997,92.0,0.0,105309.0,0.0
Grenada,GRD,1998,97.0,0.0,106023.0,0.0
Grenada,GRD,1999,94.0,0.0,106744.0,0.0
Grenada,GRD,2000,92.0,0.0,107466.0,0.0
Grenada,GRD,2001,99.0,0.0,107998.0,0.0
Grenada,GRD,2002,96.0,0.0,108414.0,0.0
Grenada,GRD,2003,99.0,0.0,108895.0,0.0
Grenada,GRD,2004,74.0,0.0,109338.0,0.0
Grenada,GRD,2005,99.0,0.0,109744.0,0.0
Grenada,GRD,2006,98.0,0.0,110149.0,0.0
Grenada,GRD,2007,98.0,0.0,110532.0,0.0
Grenada,GRD,2008,99.0,0.0,110911.0,0.0
Grenada,GRD,2009,98.0,0.0,111266.0,0.0
Grenada,GRD,2010,95.0,0.0,111600.0,0.0
Grenada,GRD,2011,95.0,0.0,112093.0,0.0
Grenada,GRD,2012,94.0,0.0,112792.0,0.0
Grenada,GRD,2013,94.0,0.0,113499.0,0.0
Grenada,GRD,2014,94.0,0.0,114148.0,0.0
Grenada,GRD,2015,99.0,0.0,114691.0,0.0
Grenada,GRD,2016,95.0,0.0,115147.0,0.0
Grenada,GRD,2017,85.0,0.0,115448.0,0.0
Grenada,GRD,2018,84.0,0.0,115703.0,0.0
Grenada,GRD,2019,94.0,0.0,115995.0,0.0
Grenada,GRD,2020,83.0,0.0,116353.0,0.0
Grenada,GRD,2021,70.0,,116696.0,
Grenada,GRD,2022,76.0,0.0,116928.0,0.0
Grenada,GRD,2023,82.0,0.0,117094.0,0.0
Grenada,GRD,2024,83.0,0.0,117094.0,0.0
Guam,GUM,1980,,7.0,110154.0,63.55
Guam,GUM,1981,,6.0,112917.0,53.14
Guam,GUM,1982,,9.0,115729.0,77.77
Guam,GUM,1983,,3.0,118518.0,25.31
Guam,GUM,1984,,104.0,121316.0,857.27
Guam,GUM,1985,,12.0,124133.0,96.67
Guam,GUM,1986,,6.0,126981.0,47.25
Guam,GUM,1987,,2.0,129867.0,15.4
Guam,GUM,1988,,2.0,132816.0,15.06
Guam,GUM,1989,,3.0,135812.0,22.09
Guam,GUM,1990,,1.0,138623.0,7.21
Guam,GUM,1991,,62.0,141093.0,439.43
Guam,GUM,1992,,4.0,143400.0,27.89
Guam,GUM,1993,,25.0,145670.0,171.62
Guam,GUM,1994,,228.0,147882.0,1541.77
Guam,GUM,1995,,0.0,150064.0,0.0
Guam,GUM,1996,,0.0,152178.0,0.0
Guam,GUM,1997,,0.0,154225.0,0.0
Guam,GUM,1998,,0.0,156244.0,0.0
Guam,GUM,1999,,1.0,158297.0,6.32
Guam,GUM,2000,,0.0,160078.0,0.0
Guam,GUM,2001,,0.0,161339.0,0.0
Guam,GUM,2003,,7.0,163146.0,42.91
Guam,GUM,2004,,2.0,163815.0,12.21
Guam,GUM,2005,,0.0,164373.0,0.0
Guam,GUM,2007,,0.0,165278.0,0.0
Guam,GUM,2008,,0.0,165704.0,0.0
Guam,GUM,2009,,0.0,166189.0,0.0
Guam,GUM,2010,,0.0,166533.0,0.0
Guam,GUM,2011,,1.0,166554.0,6.0
Guam,GUM,2012,,0.0,166348.0,0.0
Guam,GUM,2013,,0.0,165979.0,0.0
Guam,GUM,2015,,0.0,164914.0,0.0
Guam,GUM,2016,,0.0,164240.0,0.0
Guam,GUM,2017,,0.0,163501.0,0.0
Guam,GUM,2018,,0.0,162689.0,0.0
Guam,GUM,2019,,0.0,161819.0,0.0
Guam,GUM,2023,,0.0,166522.0,0.0
Guam,GUM,2024,,0.0,166522.0,0.0
Guatemala,GTM,1980,23.0,2703.0,6900215.0,391.73
Guatemala,GTM,1981,8.0,3472.0,7075648.0,490.7
Guatemala,GTM,1982,12.0,3992.0,7240249.0,551.36
Guatemala,GTM,1983,9.0,2762.0,7419642.0,372.26
Guatemala,GTM,1984,24.0,3072.0,7630682.0,402.59
Guatemala,GTM,1985,23.0,2272.0,7849691.0,289.44
Guatemala,GTM,1986,55.0,1650.0,8070818.0,204.44
Guatemala,GTM,1987,24.0,400.0,8296488.0,48.21
Guatemala,GTM,1988,55.0,182.0,8532104.0,21.33
Guatemala,GTM,1989,60.0,2413.0,8775549.0,274.97
Guatemala,GTM,1990,68.0,8802.0,9024775.0,975.32
Guatemala,GTM,1991,49.0,209.0,9272592.0,22.54
Guatemala,GTM,1992,59.0,97.0,9522265.0,10.19
Guatemala,GTM,1993,71.0,17.0,9779760.0,1.74
Guatemala,GTM,1994,66.0,204.0,10043713.0,20.31
Guatemala,GTM,1995,83.0,23.0,10312999.0,2.23
Guatemala,GTM,1996,69.0,1.0,10583528.0,0.09
Guatemala,GTM,1997,74.0,8.0,10857754.0,0.74
Guatemala,GTM,1998,79.0,1.0,11139147.0,0.09
Guatemala,GTM,1999,83.0,0.0,11422977.0,0.0
Guatemala,GTM,2000,86.0,0.0,11697592.0,0.0
Guatemala,GTM,2001,91.0,0.0,11969423.0,0.0
Guatemala,GTM,2002,92.0,0.0,12246923.0,0.0
Guatemala,GTM,2003,94.0,0.0,12525843.0,0.0
Guatemala,GTM,2004,95.0,0.0,12807409.0,0.0
Guatemala,GTM,2005,93.0,0.0,13087637.0,0.0
Guatemala,GTM,2006,95.0,0.0,13367455.0,0.0
Guatemala,GTM,2007,86.0,0.0,13652042.0,0.0
Guatemala,GTM,2008,96.0,0.0,13935172.0,0.0
Guatemala,GTM,2009,92.0,0.0,14215614.0,0.0
Guatemala,GTM,2010,93.0,0.0,14500118.0,0.0
Guatemala,GTM,2011,89.0,0.0,14792123.0,0.0
Guatemala,GTM,2012,93.0,0.0,15089639.0,0.0
Guatemala,GTM,2013,91.0,0.0,15387339.0,0.0
Guatemala,GTM,2014,68.0,0.0,15681725.0,0.0
Guatemala,GTM,2015,79.0,0.0,15971745.0,0.0
Guatemala,GTM,2016,89.0,0.0,16268761.0,0.0
Guatemala,GTM,2017,94.0,0.0,16567363.0,0.0
Guatemala,GTM,2018,89.0,1.0,16845688.0,0.06
Guatemala,GTM,2019,90.0,0.0,17103803.0,0.0
Guatemala,GTM,2020,89.0,0.0,17357331.0,0.0
Guatemala,GTM,2021,88.0,0.0,17598652.0,0.0
Guatemala,GTM,2022,86.0,0.0,17847877.0,0.0
Guatemala,GTM,2023,89.0,0.0,18124841.0,0.0
Guatemala,GTM,2024,90.0,0.0,18124841.0,0.0
Guinea,GIN,1980,,8552.0,5047423.0,1694.33
Guinea,GIN,1981,15.0,11397.0,5143296.0,2215.89
Guinea,GIN,1982,34.0,15038.0,5247672.0,2865.65
Guinea,GIN,1983,30.0,8856.0,5359815.0,1652.3
Guinea,GIN,1984,29.0,4396.0,5480098.0,802.18
Guinea,GIN,1985,29.0,2969.0,5610369.0,529.2
Guinea,GIN,1986,28.0,2592.0,5750669.0,450.73
Guinea,GIN,1987,28.0,7357.0,5900199.0,1246.91
Guinea,GIN,1988,27.0,3353.0,6056575.0,553.61
Guinea,GIN,1989,27.0,4152.0,6215816.0,667.97
Guinea,GIN,1990,35.0,12756.0,6434383.0,1982.47
Guinea,GIN,1991,42.0,6708.0,6697167.0,1001.62
Guinea,GIN,1992,52.0,1617.0,6914370.0,233.86
Guinea,GIN,1993,55.0,5228.0,7128174.0,733.43
Guinea,GIN,1994,58.0,2372.0,7345106.0,322.94
Guinea,GIN,1995,61.0,1085.0,7553252.0,143.65
Guinea,GIN,1996,61.0,10292.0,7770035.0,1324.58
Guinea,GIN,1997,56.0,10170.0,7931371.0,1282.25
Guinea,GIN,1998,52.0,9170.0,8081993.0,1134.62
Guinea,GIN,1999,40.0,18004.0,8265121.0,2178.31
Guinea,GIN,2000,42.0,11294.0,8428837.0,1339.92
Guinea,GIN,2001,44.0,7408.0,8539963.0,867.45
Guinea,GIN,2002,46.0,2151.0,8674072.0,247.98
Guinea,GIN,2003,48.0,2497.0,8870790.0,281.49
Guinea,GIN,2004,50.0,10.0,9062724.0,1.1
Guinea,GIN,2005,51.0,99.0,9245844.0,10.71
Guinea,GIN,2006,51.0,4.0,9441174.0,0.42
Guinea,GIN,2007,57.0,3.0,9662278.0,0.31
Guinea,GIN,2008,55.0,89.0,9898870.0,8.99
Guinea,GIN,2009,53.0,264.0,10143540.0,26.03
Guinea,GIN,2010,58.0,45.0,10396090.0,4.33
Guinea,GIN,2011,62.0,11.0,10656812.0,1.03
Guinea,GIN,2012,58.0,6.0,10921580.0,0.55
Guinea,GIN,2013,55.0,53.0,11191874.0,4.74
Guinea,GIN,2014,51.0,175.0,11472921.0,15.25
Guinea,GIN,2015,47.0,243.0,11767077.0,20.65
Guinea,GIN,2016,48.0,316.0,12073031.0,26.17
Guinea,GIN,2017,48.0,2036.0,12385668.0,164.38
Guinea,GIN,2018,49.0,482.0,12704776.0,37.94
Guinea,GIN,2019,50.0,4555.0,13034349.0,349.46
Guinea,GIN,2020,50.0,506.0,13371185.0,37.84
Guinea,GIN,2021,51.0,505.0,13710515.0,36.83
Guinea,GIN,2022,51.0,417.0,14055136.0,29.67
Guinea,GIN,2023,52.0,94.0,14405469.0,6.53
Guinea,GIN,2024,60.0,577.0,14405469.0,40.05
Guinea-Bissau,GNB,1980,,1332.0,829314.0,1606.15
Guinea-Bissau,GNB,1981,,2096.0,842436.0,2488.02
Guinea-Bissau,GNB,1982,,1613.0,855899.0,1884.57
Guinea-Bissau,GNB,1983,27.0,3218.0,869596.0,3700.57
Guinea-Bissau,GNB,1984,31.0,355.0,883528.0,401.8
Guinea-Bissau,GNB,1985,35.0,1328.0,897707.0,1479.32
Guinea-Bissau,GNB,1986,59.0,2241.0,912129.0,2456.89
Guinea-Bissau,GNB,1987,68.0,174.0,926872.0,187.73
Guinea-Bissau,GNB,1988,52.0,1103.0,942065.0,1170.83
Guinea-Bissau,GNB,1989,65.0,106.0,957792.0,110.67
Guinea-Bissau,GNB,1990,53.0,259.0,973678.0,266.0
Guinea-Bissau,GNB,1991,52.0,2396.0,994640.0,2408.91
Guinea-Bissau,GNB,1992,60.0,842.0,1024365.0,821.97
Guinea-Bissau,GNB,1993,68.0,1707.0,1058755.0,1612.27
Guinea-Bissau,GNB,1994,68.0,378.0,1092037.0,346.14
Guinea-Bissau,GNB,1995,45.0,528.0,1119950.0,471.45
Guinea-Bissau,GNB,1996,49.0,73.0,1143544.0,63.84
Guinea-Bissau,GNB,1997,51.0,498.0,1165550.0,427.27
Guinea-Bissau,GNB,1998,61.0,,1187478.0,
Guinea-Bissau,GNB,1999,70.0,472.0,1210211.0,390.01
Guinea-Bissau,GNB,2000,71.0,,1234747.0,
Guinea-Bissau,GNB,2001,72.0,126.0,1261281.0,99.9
Guinea-Bissau,GNB,2002,73.0,298.0,1289317.0,231.13
Guinea-Bissau,GNB,2003,74.0,1158.0,1318809.0,878.06
Guinea-Bissau,GNB,2004,75.0,3526.0,1349569.0,2612.69
Guinea-Bissau,GNB,2005,76.0,0.0,1381590.0,0.0
Guinea-Bissau,GNB,2006,74.0,0.0,1415315.0,0.0
Guinea-Bissau,GNB,2007,73.0,1.0,1450989.0,0.69
Guinea-Bissau,GNB,2008,71.0,12.0,1488059.0,8.06
Guinea-Bissau,GNB,2009,69.0,0.0,1526384.0,0.0
Guinea-Bissau,GNB,2010,76.0,26.0,1566352.0,16.6
Guinea-Bissau,GNB,2011,83.0,0.0,1608084.0,0.0
Guinea-Bissau,GNB,2012,81.0,0.0,1651425.0,0.0
Guinea-Bissau,GNB,2013,81.0,0.0,1695980.0,0.0
Guinea-Bissau,GNB,2014,81.0,1.0,1741126.0,0.57
Guinea-Bissau,GNB,2015,80.0,153.0,1786461.0,85.64
Guinea-Bissau,GNB,2016,80.0,0.0,1831898.0,0.0
Guinea-Bissau,GNB,2017,66.0,11.0,1877074.0,5.86
Guinea-Bissau,GNB,2018,79.0,28.0,1922167.0,14.57
Guinea-Bissau,GNB,2019,79.0,60.0,1967704.0,30.49
Guinea-Bissau,GNB,2020,72.0,22.0,2013259.0,10.93
Guinea-Bissau,GNB,2021,63.0,,2058841.0,
Guinea-Bissau,GNB,2022,75.0,213.0,2105535.0,101.16
Guinea-Bissau,GNB,2023,72.0,5.0,2153343.0,2.32
Guinea-Bissau,GNB,2024,65.0,0.0,2153343.0,0.0
Guyana,GUY,1980,,464.0,774372.0,599.2
Guyana,GUY,1981,,7.0,776461.0,9.02
Guyana,GUY,1982,68.0,41.0,776718.0,52.79
Guyana,GUY,1983,51.0,20.0,775897.0,25.78
Guyana,GUY,1984,56.0,294.0,774119.0,379.79
Guyana,GUY,1985,40.0,87.0,771484.0,112.77
Guyana,GUY,1986,42.0,15.0,768104.0,19.53
Guyana,GUY,1987,52.0,22.0,764125.0,28.79
Guyana,GUY,1988,55.0,917.0,759674.0,1207.1
Guyana,GUY,1989,69.0,11.0,754873.0,14.57
Guyana,GUY,1990,73.0,1.0,749891.0,1.33
Guyana,GUY,1991,76.0,12.0,747870.0,16.05
Guyana,GUY,1992,73.0,0.0,749919.0,0.0
Guyana,GUY,1993,92.0,0.0,752969.0,0.0
Guyana,GUY,1994,83.0,0.0,755821.0,0.0
Guyana,GUY,1995,77.0,0.0,758395.0,0.0
Guyana,GUY,1996,91.0,0.0,760535.0,0.0
Guyana,GUY,1997,82.0,0.0,762250.0,0.0
Guyana,GUY,1998,93.0,0.0,763596.0,0.0
Guyana,GUY,1999,87.0,0.0,764490.0,0.0
Guyana,GUY,2000,86.0,0.0,764836.0,0.0
Guyana,GUY,2001,92.0,0.0,764484.0,0.0
Guyana,GUY,2002,93.0,0.0,763657.0,0.0
Guyana,GUY,2003,89.0,0.0,763107.0,0.0
Guyana,GUY,2004,88.0,0.0,762424.0,0.0
Guyana,GUY,2005,92.0,0.0,760922.0,0.0
Guyana,GUY,2006,90.0,0.0,758976.0,0.0
Guyana,GUY,2007,96.0,0.0,756874.0,0.0
Guyana,GUY,2008,95.0,0.0,754614.0,0.0
Guyana,GUY,2009,97.0,0.0,752097.0,0.0
Guyana,GUY,2010,95.0,0.0,749259.0,0.0
Guyana,GUY,2011,98.0,0.0,746161.0,0.0
Guyana,GUY,2012,99.0,0.0,746296.0,0.0
Guyana,GUY,2013,99.0,0.0,750020.0,0.0
Guyana,GUY,2014,99.0,0.0,754231.0,0.0
Guyana,GUY,2015,99.0,0.0,758783.0,0.0
Guyana,GUY,2016,99.0,0.0,763553.0,0.0
Guyana,GUY,2017,99.0,0.0,768483.0,0.0
Guyana,GUY,2018,98.0,0.0,791563.0,0.0
Guyana,GUY,2019,98.0,0.0,807668.0,0.0
Guyana,GUY,2020,98.0,0.0,807486.0,0.0
Guyana,GUY,2021,95.0,0.0,815484.0,0.0
Guyana,GUY,2022,97.0,0.0,821638.0,0.0
Guyana,GUY,2023,98.0,0.0,826357.0,0.0
Guyana,GUY,2024,99.0,0.0,826357.0,0.0
Haiti,HTI,1980,,507.0,5614494.0,90.3
Haiti,HTI,1981,,2502.0,5723727.0,437.13
Haiti,HTI,1982,3.0,1064.0,5835939.0,182.32
Haiti,HTI,1983,6.0,869.0,5951101.0,146.02
Haiti,HTI,1984,8.0,1681.0,6069238.0,276.97
Haiti,HTI,1985,21.0,2111.0,6190868.0,340.99
Haiti,HTI,1986,26.0,269.0,6316123.0,42.59
Haiti,HTI,1987,23.0,3130.0,6445125.0,485.64
Haiti,HTI,1988,59.0,235.0,6578150.0,35.72
Haiti,HTI,1989,31.0,580.0,6714732.0,86.38
Haiti,HTI,1990,31.0,1414.0,6854444.0,206.29
Haiti,HTI,1991,35.0,,6995455.0,
Haiti,HTI,1992,39.0,,7136577.0,
Haiti,HTI,1993,44.0,,7278182.0,
Haiti,HTI,1994,48.0,,7419776.0,
Haiti,HTI,1995,49.0,,7562551.0,
Haiti,HTI,1996,50.0,1.0,7707560.0,0.13
Haiti,HTI,1997,52.0,0.0,7854304.0,0.0
Haiti,HTI,1998,53.0,3.0,8002144.0,0.37
Haiti,HTI,1999,54.0,0.0,8151301.0,0.0
Haiti,HTI,2000,54.0,992.0,8303151.0,119.47
Haiti,HTI,2001,54.0,159.0,8455917.0,18.8
Haiti,HTI,2002,53.0,0.0,8607648.0,0.0
Haiti,HTI,2003,53.0,0.0,8759913.0,0.0
Haiti,HTI,2004,53.0,0.0,8910267.0,0.0
Haiti,HTI,2005,53.0,0.0,9061274.0,0.0
Haiti,HTI,2006,55.0,0.0,9216569.0,0.0
Haiti,HTI,2007,57.0,0.0,9373300.0,0.0
Haiti,HTI,2008,59.0,0.0,9530782.0,0.0
Haiti,HTI,2009,62.0,0.0,9689585.0,0.0
Haiti,HTI,2010,63.0,0.0,9803299.0,0.0
Haiti,HTI,2011,65.0,0.0,9914904.0,0.0
Haiti,HTI,2012,66.0,0.0,10069770.0,0.0
Haiti,HTI,2013,68.0,0.0,10222365.0,0.0
Haiti,HTI,2014,69.0,0.0,10373241.0,0.0
Haiti,HTI,2015,69.0,0.0,10523249.0,0.0
Haiti,HTI,2016,67.0,,10671462.0,
Haiti,HTI,2017,65.0,0.0,10817759.0,0.0
Haiti,HTI,2018,70.0,0.0,10962373.0,0.0
Haiti,HTI,2019,74.0,0.0,11105165.0,0.0
Haiti,HTI,2020,74.0,0.0,11243846.0,0.0
Haiti,HTI,2021,63.0,0.0,11374592.0,0.0
Haiti,HTI,2022,66.0,0.0,11503603.0,0.0
Haiti,HTI,2023,72.0,,11637402.0,
Haiti,HTI,2024,77.0,0.0,11637402.0,0.0
High-income countries,OWID_HIC,1980,48.0,,1106630742.0,
High-income countries,OWID_HIC,1981,55.0,,1115099447.0,
High-income countries,OWID_HIC,1982,57.0,,1123182624.0,
High-income countries,OWID_HIC,1983,65.0,,1131150387.0,
High-income countries,OWID_HIC,1984,70.0,,1138944221.0,
High-income countries,OWID_HIC,1985,74.0,,1146684440.0,
High-income countries,OWID_HIC,1986,76.0,,1154735607.0,
High-income countries,OWID_HIC,1987,75.0,,1163054785.0,
High-income countries,OWID_HIC,1988,81.0,,1171490531.0,
High-income countries,OWID_HIC,1989,83.0,,1179895365.0,
High-income countries,OWID_HIC,1990,85.0,,1187956164.0,
High-income countries,OWID_HIC,1991,84.0,,1196239408.0,
High-income countries,OWID_HIC,1992,83.0,,1203963230.0,
High-income countries,OWID_HIC,1993,84.0,,1210728993.0,
High-income countries,OWID_HIC,1994,87.0,,1217906022.0,
High-income countries,OWID_HIC,1995,88.0,,1224543783.0,
High-income countries,OWID_HIC,1996,90.0,,1230513703.0,
High-income countries,OWID_HIC,1997,90.0,,1236583684.0,
High-income countries,OWID_HIC,1998,90.0,,1242177352.0,
High-income countries,OWID_HIC,1999,91.0,,1247730970.0,
High-income countries,OWID_HIC,2000,92.0,,1253937735.0,
High-income countries,OWID_HIC,2001,92.0,,1260506416.0,
High-income countries,OWID_HIC,2002,93.0,,1267822166.0,
High-income countries,OWID_HIC,2003,93.0,,1275305584.0,
High-income countries,OWID_HIC,2004,94.0,,1282405681.0,
High-income countries,OWID_HIC,2005,93.0,,1289639261.0,
High-income countries,OWID_HIC,2006,94.0,,1297063813.0,
High-income countries,OWID_HIC,2007,94.0,,1305649028.0,
High-income countries,OWID_HIC,2008,94.0,,1314867453.0,
High-income countries,OWID_HIC,2009,93.0,,1323319806.0,
High-income countries,OWID_HIC,2010,94.0,,1331186276.0,
High-income countries,OWID_HIC,2011,94.0,,1339286565.0,
High-income countries,OWID_HIC,2012,94.0,,1347506296.0,
High-income countries,OWID_HIC,2013,94.0,,1355469061.0,
High-income countries,OWID_HIC,2014,95.0,,1363592543.0,
High-income countries,OWID_HIC,2015,94.0,,1372281696.0,
High-income countries,OWID_HIC,2016,94.0,,1380894709.0,
High-income countries,OWID_HIC,2017,94.0,,1388094202.0,
High-income countries,OWID_HIC,2018,94.0,,1394159697.0,
High-income countries,OWID_HIC,2019,94.0,,1400146576.0,
High-income countries,OWID_HIC,2020,94.0,,1403650770.0,
High-income countries,OWID_HIC,2021,94.0,,1404873283.0,
High-income countries,OWID_HIC,2022,94.0,,1410112397.0,
High-income countries,OWID_HIC,2023,94.0,,1416794460.0,
High-income countries,OWID_HIC,2024,94.0,,1416794460.0,
Honduras,HND,1980,31.0,4188.0,3727179.0,1123.64
Honduras,HND,1981,34.0,5857.0,3841781.0,1524.55
Honduras,HND,1982,48.0,2446.0,3958735.0,617.87
Honduras,HND,1983,49.0,1168.0,4078177.0,286.4
Honduras,HND,1984,44.0,5028.0,4199855.0,1197.18
Honduras,HND,1985,53.0,6476.0,4323338.0,1497.92
Honduras,HND,1986,60.0,603.0,4448905.0,135.54
Honduras,HND,1987,57.0,1437.0,4576911.0,313.97
Honduras,HND,1988,76.0,1155.0,4707683.0,245.34
Honduras,HND,1989,94.0,6353.0,4841843.0,1312.1
Honduras,HND,1990,90.0,8360.0,4980493.0,1678.55
Honduras,HND,1991,86.0,95.0,5123797.0,18.54
Honduras,HND,1992,89.0,58.0,5271437.0,11.0
Honduras,HND,1993,94.0,13.0,5423253.0,2.4
Honduras,HND,1994,93.0,3.0,5579247.0,0.54
Honduras,HND,1995,89.0,0.0,5739636.0,0.0
Honduras,HND,1996,91.0,4.0,5903962.0,0.68
Honduras,HND,1997,89.0,5.0,6071458.0,0.82
Honduras,HND,1998,98.0,0.0,6234436.0,0.0
Honduras,HND,1999,98.0,0.0,6400470.0,0.0
Honduras,HND,2000,98.0,0.0,6577781.0,0.0
Honduras,HND,2001,99.0,0.0,6757992.0,0.0
Honduras,HND,2002,97.0,0.0,6938866.0,0.0
Honduras,HND,2003,95.0,0.0,7119213.0,0.0
Honduras,HND,2004,92.0,0.0,7299003.0,0.0
Honduras,HND,2005,96.0,0.0,7478362.0,0.0
Honduras,HND,2006,95.0,0.0,7656832.0,0.0
Honduras,HND,2007,94.0,0.0,7834806.0,0.0
Honduras,HND,2008,93.0,0.0,8012590.0,0.0
Honduras,HND,2009,98.0,0.0,8189904.0,0.0
Honduras,HND,2010,98.0,0.0,8365881.0,0.0
Honduras,HND,2011,97.0,0.0,8540587.0,0.0
Honduras,HND,2012,97.0,0.0,8715081.0,0.0
Honduras,HND,2013,97.0,0.0,8889276.0,0.0
Honduras,HND,2014,97.0,0.0,9063127.0,0.0
Honduras,HND,2015,98.0,0.0,9237306.0,0.0
Honduras,HND,2016,98.0,0.0,9412380.0,0.0
Honduras,HND,2017,98.0,0.0,9588144.0,0.0
Honduras,HND,2018,91.0,0.0,9765209.0,0.0
Honduras,HND,2019,89.0,0.0,9943637.0,0.0
Honduras,HND,2020,82.0,0.0,10119638.0,0.0
Honduras,HND,2021,81.0,0.0,10289881.0,0.0
Honduras,HND,2022,77.0,,10463880.0,
Honduras,HND,2023,77.0,,10644853.0,
Honduras,HND,2024,79.0,0.0,10644853.0,0.0
Hong Kong,HKG,1980,,1669.0,4962488.0,336.32
Hong Kong,HKG,1981,,249.0,5060960.0,49.2
Hong Kong,HKG,1982,,1863.0,5150097.0,361.74
Hong Kong,HKG,1983,,888.0,5235115.0,169.62
Hong Kong,HKG,1984,,678.0,5315980.0,127.54
Hong Kong,HKG,1985,,280.0,5393122.0,51.92
Hong Kong,HKG,1986,,215.0,5451437.0,39.44
Hong Kong,HKG,1987,,194.0,5486376.0,35.36
Hong Kong,HKG,1988,,3162.0,5514904.0,573.36
Hong Kong,HKG,1989,,139.0,5540576.0,25.09
Hong Kong,HKG,1990,,48.0,5560599.0,8.63
Hong Kong,HKG,1991,,278.0,5628091.0,49.4
Hong Kong,HKG,1992,,329.0,5759558.0,57.12
Hong Kong,HKG,1993,,29.0,5902506.0,4.91
Hong Kong,HKG,1994,,210.0,6042259.0,34.76
Hong Kong,HKG,1995,,33.0,6177105.0,5.34
Hong Kong,HKG,1996,,110.0,6302469.0,17.45
Hong Kong,HKG,1997,,318.0,6416674.0,49.56
Hong Kong,HKG,1998,,56.0,6521331.0,8.59
Hong Kong,HKG,1999,,32.0,6616524.0,4.84
Hong Kong,HKG,2000,,60.0,6704665.0,8.95
Hong Kong,HKG,2001,,179.0,6774243.0,26.42
Hong Kong,HKG,2003,,33.0,6858906.0,4.81
Hong Kong,HKG,2007,,88.0,6971344.0,12.62
Hong Kong,HKG,2008,,69.0,7020689.0,9.83
Hong Kong,HKG,2009,,22.0,7064464.0,3.11
Hong Kong,HKG,2010,,13.0,7101614.0,1.83
Hong Kong,HKG,2011,,13.0,7142969.0,1.82
Hong Kong,HKG,2012,,8.0,7201059.0,1.11
Hong Kong,HKG,2013,,8.0,7264330.0,1.1
Hong Kong,HKG,2014,,50.0,7319502.0,6.83
Hong Kong,HKG,2015,,18.0,7366411.0,2.44
Hong Kong,HKG,2016,,9.0,7408006.0,1.21
Hong Kong,HKG,2017,,4.0,7444889.0,0.54
Hong Kong,HKG,2018,,17.0,7471190.0,2.28
Hong Kong,HKG,2019,,90.0,7485817.0,12.02
Hong Kong,HKG,2020,,1.0,7490240.0,0.13
Hong Kong,HKG,2021,,1.0,7484604.0,0.13
Hong Kong,HKG,2022,,3.0,7465913.0,0.4
Hong Kong,HKG,2023,,4.0,7442738.0,0.54
Hong Kong,HKG,2024,,9.0,7442738.0,1.21
Hungary,HUN,1980,99.0,1198.0,10695372.0,112.01
Hungary,HUN,1981,99.0,10573.0,10679329.0,990.04
Hungary,HUN,1982,99.0,2521.0,10656109.0,236.58
Hungary,HUN,1983,99.0,124.0,10622989.0,11.67
Hungary,HUN,1984,99.0,98.0,10584329.0,9.26
Hungary,HUN,1985,99.0,20.0,10547258.0,1.9
Hungary,HUN,1986,99.0,17.0,10511099.0,1.62
Hungary,HUN,1987,99.0,30.0,10475103.0,2.86
Hungary,HUN,1988,99.0,1103.0,10440534.0,105.65
Hungary,HUN,1989,99.0,,10403421.0,
Hungary,HUN,1990,99.0,29.0,10381280.0,2.79
Hungary,HUN,1991,99.0,16.0,10378174.0,1.54
Hungary,HUN,1992,99.0,14.0,10371477.0,1.35
Hungary,HUN,1993,99.0,33.0,10356869.0,3.19
Hungary,HUN,1994,99.0,11.0,10339936.0,1.06
Hungary,HUN,1995,99.0,4.0,10322792.0,0.39
Hungary,HUN,1996,99.0,12.0,10302238.0,1.16
Hungary,HUN,1997,99.0,24.0,10278600.0,2.33
Hungary,HUN,1998,99.0,23.0,10251717.0,2.24
Hungary,HUN,1999,99.0,1.0,10219797.0,0.1
Hungary,HUN,2000,99.0,1.0,10190598.0,0.1
Hungary,HUN,2001,99.0,20.0,10166693.0,1.97
Hungary,HUN,2002,99.0,0.0,10138461.0,0.0
Hungary,HUN,2003,99.0,0.0,10108970.0,0.0
Hungary,HUN,2004,99.0,0.0,10085788.0,0.0
Hungary,HUN,2005,99.0,2.0,10065703.0,0.2
Hungary,HUN,2006,99.0,1.0,10049946.0,0.1
Hungary,HUN,2007,99.0,0.0,10034084.0,0.0
Hungary,HUN,2008,99.0,0.0,10016653.0,0.0
Hungary,HUN,2009,99.0,1.0,10001381.0,0.1
Hungary,HUN,2010,99.0,0.0,9979128.0,0.0
Hungary,HUN,2011,99.0,5.0,9946675.0,0.5
Hungary,HUN,2012,99.0,2.0,9916621.0,0.2
Hungary,HUN,2013,99.0,1.0,9889344.0,0.1
Hungary,HUN,2014,99.0,0.0,9862843.0,0.0
Hungary,HUN,2015,99.0,0.0,9839211.0,0.0
Hungary,HUN,2016,99.0,0.0,9810529.0,0.0
Hungary,HUN,2017,99.0,36.0,9785608.0,3.68
Hungary,HUN,2018,99.0,14.0,9774395.0,1.43
Hungary,HUN,2019,99.0,23.0,9770346.0,2.35
Hungary,HUN,2020,99.0,0.0,9749459.0,0.0
Hungary,HUN,2021,99.0,0.0,9707848.0,0.0
Hungary,HUN,2022,99.0,0.0,9684308.0,0.0
Hungary,HUN,2023,99.0,1.0,9686465.0,0.1
Hungary,HUN,2024,99.0,18.0,9686465.0,1.86
Iceland,ISL,1980,,13.0,228147.0,56.98
Iceland,ISL,1981,,24.0,230754.0,104.01
Iceland,ISL,1982,,14.0,233852.0,59.87
Iceland,ISL,1983,81.0,39.0,236968.0,164.58
Iceland,ISL,1984,96.0,162.0,239513.0,676.37
Iceland,ISL,1985,96.0,374.0,241414.0,1549.21
Iceland,ISL,1986,95.0,132.0,243195.0,542.77
Iceland,ISL,1987,97.0,14.0,245864.0,56.94
Iceland,ISL,1988,99.0,11.0,249734.0,44.05
Iceland,ISL,1989,99.0,23.0,252861.0,90.96
Iceland,ISL,1990,99.0,14.0,254842.0,54.94
Iceland,ISL,1991,99.0,10.0,257817.0,38.79
Iceland,ISL,1992,99.0,8.0,261087.0,30.64
Iceland,ISL,1993,99.0,8.0,263760.0,30.33
Iceland,ISL,1994,98.0,7.0,266063.0,26.31
Iceland,ISL,1995,99.0,2.0,267516.0,7.48
Iceland,ISL,1996,99.0,1.0,268967.0,3.72
Iceland,ISL,1997,99.0,1.0,271194.0,3.69
Iceland,ISL,1998,96.0,,274121.0,
Iceland,ISL,1999,94.0,,277450.0,
Iceland,ISL,2000,91.0,0.0,281293.0,0.0
Iceland,ISL,2001,88.0,0.0,285058.0,0.0
Iceland,ISL,2002,91.0,,287609.0,
Iceland,ISL,2003,93.0,0.0,289616.0,0.0
Iceland,ISL,2004,93.0,0.0,292172.0,0.0
Iceland,ISL,2005,90.0,0.0,296852.0,0.0
Iceland,ISL,2006,95.0,0.0,303883.0,0.0
Iceland,ISL,2007,95.0,0.0,311662.0,0.0
Iceland,ISL,2008,96.0,0.0,317519.0,0.0
Iceland,ISL,2009,92.0,0.0,318619.0,0.0
Iceland,ISL,2010,93.0,0.0,318163.0,0.0
Iceland,ISL,2011,94.0,0.0,319139.0,0.0
Iceland,ISL,2012,90.0,0.0,320851.0,0.0
Iceland,ISL,2013,91.0,0.0,323891.0,0.0
Iceland,ISL,2014,90.0,0.0,327517.0,0.0
Iceland,ISL,2015,93.0,0.0,330962.0,0.0
Iceland,ISL,2016,91.0,1.0,335571.0,2.98
Iceland,ISL,2017,92.0,3.0,343537.0,8.73
Iceland,ISL,2018,93.0,0.0,352860.0,0.0
Iceland,ISL,2019,93.0,9.0,360709.0,24.95
Iceland,ISL,2020,93.0,0.0,366626.0,0.0
Iceland,ISL,2021,92.0,0.0,372647.0,0.0
Iceland,ISL,2022,91.0,0.0,380368.0,0.0
Iceland,ISL,2023,91.0,0.0,387559.0,0.0
Iceland,ISL,2024,97.0,2.0,387559.0,5.16
India,IND,1980,,114036.0,687354029.0,165.91
India,IND,1981,,202054.0,703696251.0,287.13
India,IND,1982,,146196.0,720313473.0,202.96
India,IND,1983,,129639.0,737372683.0,175.81
India,IND,1984,,190881.0,754875449.0,252.86
India,IND,1985,1.0,161216.0,772647800.0,208.65
India,IND,1986,10.0,155076.0,790689977.0,196.13
India,IND,1987,24.0,252940.0,808931268.0,312.68
India,IND,1988,32.0,161379.0,827342994.0,195.06
India,IND,1989,42.0,165771.0,846039528.0,195.94
India,IND,1990,56.0,89612.0,864972221.0,103.6
India,IND,1991,43.0,77859.0,883927605.0,88.08
India,IND,1992,51.0,71798.0,902957075.0,79.51
India,IND,1993,59.0,50391.0,922118380.0,54.65
India,IND,1994,67.0,50518.0,941163772.0,53.68
India,IND,1995,72.0,37494.0,960301046.0,39.04
India,IND,1996,66.0,47072.0,979678460.0,48.05
India,IND,1997,55.0,61004.0,999133764.0,61.06
India,IND,1998,53.0,33990.0,1018665080.0,33.37
India,IND,1999,56.0,21013.0,1038225822.0,20.24
India,IND,2000,56.0,38835.0,1057922731.0,36.71
India,IND,2001,57.0,51780.0,1077898579.0,48.04
India,IND,2002,56.0,40044.0,1097600380.0,36.48
India,IND,2003,60.0,47147.0,1116803000.0,42.22
India,IND,2004,64.0,55443.0,1135991509.0,48.81
India,IND,2005,68.0,36711.0,1154676321.0,31.79
India,IND,2006,69.0,64185.0,1172878888.0,54.72
India,IND,2007,70.0,41144.0,1190676028.0,34.56
India,IND,2008,72.0,44258.0,1207930960.0,36.64
India,IND,2009,78.0,56188.0,1225524764.0,45.85
India,IND,2010,82.0,31458.0,1243481565.0,25.3
India,IND,2011,84.0,33634.0,1261224956.0,26.67
India,IND,2012,83.0,3305.0,1278674501.0,2.58
India,IND,2013,83.0,8285.0,1295829507.0,6.39
India,IND,2014,85.0,26530.0,1312277184.0,20.22
India,IND,2015,87.0,30168.0,1328024494.0,22.72
India,IND,2016,88.0,17250.0,1343944296.0,12.84
India,IND,2017,90.0,12032.0,1359657398.0,8.85
India,IND,2018,93.0,19474.0,1374659067.0,14.17
India,IND,2019,95.0,10430.0,1389030307.0,7.51
India,IND,2020,89.0,5604.0,1402617694.0,4.0
India,IND,2021,89.0,5700.0,1414203896.0,4.03
India,IND,2022,95.0,40967.0,1425423209.0,28.74
India,IND,2023,93.0,65150.0,1438069597.0,45.3
India,IND,2024,97.0,18530.0,1438069597.0,12.89
Indonesia,IDN,1980,,28935.0,148950537.0,194.26
Indonesia,IDN,1981,,33106.0,152485036.0,217.11
Indonesia,IDN,1982,,25152.0,156052153.0,161.18
Indonesia,IDN,1983,6.0,4670.0,159651382.0,29.25
Indonesia,IDN,1984,13.0,18947.0,163251124.0,116.06
Indonesia,IDN,1985,26.0,9458.0,166776183.0,56.71
Indonesia,IDN,1986,45.0,1136.0,170175065.0,6.68
Indonesia,IDN,1987,48.0,395.0,173511157.0,2.28
Indonesia,IDN,1988,51.0,76446.0,176855071.0,432.25
Indonesia,IDN,1989,54.0,229666.0,180201638.0,1274.49
Indonesia,IDN,1990,58.0,92105.0,183501097.0,501.93
Indonesia,IDN,1991,61.0,90358.0,186778239.0,483.77
Indonesia,IDN,1992,65.0,80580.0,190043742.0,424.01
Indonesia,IDN,1993,68.0,63751.0,193305169.0,329.79
Indonesia,IDN,1994,66.0,48147.0,196591829.0,244.91
Indonesia,IDN,1995,63.0,37693.0,199888055.0,188.57
Indonesia,IDN,1996,79.0,35383.0,203204353.0,174.13
Indonesia,IDN,1997,77.0,15313.0,206536089.0,74.14
Indonesia,IDN,1998,77.0,1034.0,209826791.0,4.93
Indonesia,IDN,1999,77.0,4767.0,213004667.0,22.38
Indonesia,IDN,2000,76.0,3344.0,216077789.0,15.48
Indonesia,IDN,2001,76.0,3825.0,219097905.0,17.46
Indonesia,IDN,2002,72.0,14492.0,222088499.0,65.25
Indonesia,IDN,2003,74.0,24457.0,225048005.0,108.67
Indonesia,IDN,2004,76.0,29171.0,227926649.0,127.98
Indonesia,IDN,2005,77.0,15853.0,230871648.0,68.67
Indonesia,IDN,2006,79.0,20422.0,233951650.0,87.29
Indonesia,IDN,2007,76.0,19456.0,237062338.0,82.07
Indonesia,IDN,2008,76.0,15369.0,240157902.0,64.0
Indonesia,IDN,2009,74.0,20818.0,243220024.0,85.59
Indonesia,IDN,2010,78.0,18869.0,246305327.0,76.61
Indonesia,IDN,2011,80.0,21893.0,249470029.0,87.76
Indonesia,IDN,2012,82.0,15489.0,252698525.0,61.29
Indonesia,IDN,2013,87.0,8419.0,255852464.0,32.91
Indonesia,IDN,2014,86.0,12943.0,258877395.0,50.0
Indonesia,IDN,2015,87.0,15099.0,261799249.0,57.67
Indonesia,IDN,2016,88.0,6962.0,264627429.0,26.31
Indonesia,IDN,2017,90.0,9035.0,267346654.0,33.8
Indonesia,IDN,2018,89.0,5300.0,269951847.0,19.63
Indonesia,IDN,2019,88.0,1965.0,272489381.0,7.21
Indonesia,IDN,2020,76.0,524.0,274814861.0,1.91
Indonesia,IDN,2021,72.0,394.0,276758056.0,1.42
Indonesia,IDN,2022,92.0,7704.0,278830527.0,27.63
Indonesia,IDN,2023,82.0,18063.0,281190068.0,64.24
Indonesia,IDN,2024,85.0,6328.0,281190068.0,22.5
Iran,IRN,1980,39.0,31130.0,39842323.0,781.33
Iran,IRN,1981,48.0,35858.0,41989316.0,853.98
Iran,IRN,1982,55.0,47719.0,44272140.0,1077.86
Iran,IRN,1983,38.0,43623.0,46029540.0,947.72
Iran,IRN,1984,38.0,32909.0,47793999.0,688.56
Iran,IRN,1985,62.0,20582.0,49582289.0,415.11
Iran,IRN,1986,55.0,14904.0,51446046.0,289.7
Iran,IRN,1987,55.0,19383.0,53323491.0,363.5
Iran,IRN,1988,83.0,11559.0,55072691.0,209.89
Iran,IRN,1989,79.0,5895.0,56704920.0,103.96
Iran,IRN,1990,85.0,5341.0,58380098.0,91.49
Iran,IRN,1991,84.0,6034.0,59986931.0,100.59
Iran,IRN,1992,96.0,5028.0,61184982.0,82.18
Iran,IRN,1993,96.0,4616.0,61403548.0,75.17
Iran,IRN,1994,97.0,506.0,61520598.0,8.22
Iran,IRN,1995,95.0,263.0,62205571.0,4.23
Iran,IRN,1996,99.0,2329.0,62881298.0,37.04
Iran,IRN,1997,95.0,3901.0,63639637.0,61.3
Iran,IRN,1998,99.0,2869.0,64519866.0,44.47
Iran,IRN,1999,99.0,4137.0,65445389.0,63.21
Iran,IRN,2000,99.0,11874.0,66418661.0,178.78
Iran,IRN,2001,96.0,9582.0,67452005.0,142.06
Iran,IRN,2002,99.0,9554.0,68011318.0,140.48
Iran,IRN,2003,99.0,11644.0,68769343.0,169.32
Iran,IRN,2004,96.0,3.0,70256316.0,0.04
Iran,IRN,2005,94.0,7.0,71828455.0,0.1
Iran,IRN,2006,99.0,220.0,73392747.0,3.0
Iran,IRN,2007,97.0,133.0,74602648.0,1.78
Iran,IRN,2008,98.0,127.0,75514201.0,1.68
Iran,IRN,2009,99.0,262.0,76457831.0,3.43
Iran,IRN,2010,99.0,538.0,77420851.0,6.95
Iran,IRN,2011,99.0,73.0,78383602.0,0.93
Iran,IRN,2012,98.0,332.0,79370583.0,4.18
Iran,IRN,2013,98.0,189.0,80414689.0,2.35
Iran,IRN,2014,99.0,99.0,81502045.0,1.21
Iran,IRN,2015,99.0,615.0,82619365.0,7.44
Iran,IRN,2016,99.0,82.0,83812230.0,0.98
Iran,IRN,2017,99.0,51.0,85026761.0,0.6
Iran,IRN,2018,99.0,203.0,86117999.0,2.36
Iran,IRN,2019,99.0,20.0,87051649.0,0.23
Iran,IRN,2020,99.0,4.0,87723448.0,0.05
Iran,IRN,2021,99.0,103.0,88455490.0,1.16
Iran,IRN,2022,99.0,230.0,89524247.0,2.57
Iran,IRN,2023,99.0,648.0,90608708.0,7.15
Iran,IRN,2024,99.0,449.0,90608708.0,4.96
Iraq,IRQ,1980,9.0,26542.0,13591996.0,1952.77
Iraq,IRQ,1981,10.0,64294.0,14006379.0,4590.34
Iraq,IRQ,1982,11.0,31564.0,14406082.0,2191.02
Iraq,IRQ,1983,12.0,37903.0,14840558.0,2554.01
Iraq,IRQ,1984,25.0,38148.0,15310729.0,2491.59
Iraq,IRQ,1985,70.0,22186.0,15683431.0,1414.61
Iraq,IRQ,1986,75.0,10122.0,16074146.0,629.71
Iraq,IRQ,1987,91.0,7978.0,16521051.0,482.9
Iraq,IRQ,1988,85.0,9284.0,16908823.0,549.06
Iraq,IRQ,1989,79.0,11617.0,17364553.0,669.01
Iraq,IRQ,1990,75.0,3045.0,17581208.0,173.2
Iraq,IRQ,1991,71.0,11358.0,17767257.0,639.27
Iraq,IRQ,1992,67.0,20106.0,18300849.0,1098.64
Iraq,IRQ,1993,63.0,16339.0,19201195.0,850.94
Iraq,IRQ,1994,72.0,10657.0,20139818.0,529.15
Iraq,IRQ,1995,80.0,7650.0,20825859.0,367.33
Iraq,IRQ,1996,82.0,256.0,21501321.0,11.91
Iraq,IRQ,1997,85.0,708.0,22176604.0,31.93
Iraq,IRQ,1998,88.0,43735.0,22884402.0,1911.13
Iraq,IRQ,1999,90.0,9920.0,23636530.0,419.69
Iraq,IRQ,2000,86.0,726.0,24424060.0,29.72
Iraq,IRQ,2001,82.0,4088.0,25197842.0,162.24
Iraq,IRQ,2002,77.0,,26006558.0,
Iraq,IRQ,2003,73.0,,26802660.0,
Iraq,IRQ,2004,69.0,9081.0,27577876.0,329.29
Iraq,IRQ,2005,69.0,908.0,28407450.0,31.96
Iraq,IRQ,2006,62.0,474.0,28616518.0,16.56
Iraq,IRQ,2007,64.0,230.0,28391606.0,8.1
Iraq,IRQ,2008,75.0,5494.0,28971042.0,189.64
Iraq,IRQ,2009,81.0,30328.0,30058207.0,1008.98
Iraq,IRQ,2010,75.0,492.0,31045367.0,15.85
Iraq,IRQ,2011,80.0,15.0,32161425.0,0.47
Iraq,IRQ,2012,74.0,15.0,33654843.0,0.45
Iraq,IRQ,2013,73.0,669.0,35281987.0,18.96
Iraq,IRQ,2014,70.0,1317.0,36550058.0,36.03
Iraq,IRQ,2015,71.0,1433.0,37560535.0,38.15
Iraq,IRQ,2016,79.0,37.0,38469628.0,0.96
Iraq,IRQ,2017,81.0,41.0,39337358.0,1.04
Iraq,IRQ,2018,85.0,489.0,40265629.0,12.14
Iraq,IRQ,2019,86.0,3799.0,41192172.0,92.23
Iraq,IRQ,2020,93.0,,42116602.0,
Iraq,IRQ,2021,84.0,197.0,43071208.0,4.57
Iraq,IRQ,2022,97.0,12.0,44070556.0,0.27
Iraq,IRQ,2023,97.0,12331.0,45074055.0,273.57
Iraq,IRQ,2024,91.0,32494.0,45074055.0,720.9
Ireland,IRL,1980,,1106.0,3415240.0,323.84
Ireland,IRL,1981,,1075.0,3448825.0,311.7
Ireland,IRL,1982,,1897.0,3475532.0,545.82
Ireland,IRL,1983,10.0,6180.0,3497614.0,1766.92
Ireland,IRL,1984,10.0,5725.0,3515953.0,1628.29
Ireland,IRL,1985,63.0,9903.0,3531275.0,2804.37
Ireland,IRL,1986,65.0,451.0,3541875.0,127.33
Ireland,IRL,1987,66.0,201.0,3540382.0,56.77
Ireland,IRL,1988,68.0,936.0,3525092.0,265.52
Ireland,IRL,1989,78.0,1248.0,3511070.0,355.45
Ireland,IRL,1990,78.0,556.0,3514015.0,158.22
Ireland,IRL,1991,78.0,135.0,3534258.0,38.2
Ireland,IRL,1992,78.0,179.0,3558417.0,50.3
Ireland,IRL,1993,78.0,4328.0,3576118.0,1210.25
Ireland,IRL,1994,78.0,1233.0,3590162.0,343.44
Ireland,IRL,1995,77.0,235.0,3610695.0,65.08
Ireland,IRL,1996,77.0,228.0,3638507.0,62.66
Ireland,IRL,1997,77.0,185.0,3672287.0,50.38
Ireland,IRL,1998,77.0,204.0,3711075.0,54.97
Ireland,IRL,1999,77.0,147.0,3752938.0,39.17
Ireland,IRL,2000,79.0,,3802589.0,
Ireland,IRL,2001,73.0,241.0,3862981.0,62.39
Ireland,IRL,2002,73.0,243.0,3928441.0,61.86
Ireland,IRL,2003,78.0,584.0,3992935.0,146.26
Ireland,IRL,2004,81.0,334.0,4066066.0,82.14
Ireland,IRL,2005,84.0,95.0,4155283.0,22.86
Ireland,IRL,2006,86.0,87.0,4268775.0,20.38
Ireland,IRL,2007,87.0,64.0,4393518.0,14.57
Ireland,IRL,2008,89.0,57.0,4485992.0,12.71
Ireland,IRL,2009,90.0,164.0,4533750.0,36.17
Ireland,IRL,2010,90.0,443.0,4559084.0,97.17
Ireland,IRL,2011,92.0,285.0,4579603.0,62.23
Ireland,IRL,2012,92.0,107.0,4600135.0,23.26
Ireland,IRL,2013,93.0,51.0,4624686.0,11.03
Ireland,IRL,2014,93.0,33.0,4658236.0,7.08
Ireland,IRL,2015,93.0,4.0,4702497.0,0.85
Ireland,IRL,2016,92.0,43.0,4753506.0,9.05
Ireland,IRL,2017,92.0,25.0,4810258.0,5.2
Ireland,IRL,2018,92.0,76.0,4872559.0,15.6
Ireland,IRL,2019,91.0,65.0,4933493.0,13.18
Ireland,IRL,2020,92.0,15.0,4982602.0,3.01
Ireland,IRL,2021,90.0,0.0,5028428.0,0.0
Ireland,IRL,2022,90.0,2.0,5110015.0,0.39
Ireland,IRL,2023,89.0,4.0,5196629.0,0.77
Ireland,IRL,2024,90.0,207.0,5196629.0,39.83
Israel,ISR,1980,81.0,215.0,3721666.0,57.77
Israel,ISR,1981,83.0,228.0,3802233.0,59.96
Israel,ISR,1982,88.0,7864.0,3883640.0,2024.9
Israel,ISR,1983,85.0,129.0,3959631.0,32.58
Israel,ISR,1984,85.0,137.0,4033735.0,33.96
Israel,ISR,1985,85.0,3005.0,4105362.0,731.97
Israel,ISR,1986,88.0,1951.0,4168966.0,467.98
Israel,ISR,1987,88.0,438.0,4236875.0,103.38
Israel,ISR,1988,86.0,194.0,4307324.0,45.04
Israel,ISR,1989,88.0,29.0,4381512.0,6.62
Israel,ISR,1990,91.0,230.0,4544995.0,50.61
Israel,ISR,1991,94.0,991.0,4779892.0,207.33
Israel,ISR,1992,94.0,66.0,4957240.0,13.31
Israel,ISR,1993,92.0,141.0,5086041.0,27.72
Israel,ISR,1994,92.0,1555.0,5216697.0,298.08
Israel,ISR,1995,93.0,22.0,5354734.0,4.11
Israel,ISR,1996,96.0,19.0,5499555.0,3.45
Israel,ISR,1997,97.0,12.0,5646476.0,2.13
Israel,ISR,1998,94.0,8.0,5790143.0,1.38
Israel,ISR,1999,94.0,14.0,5946079.0,2.35
Israel,ISR,2000,95.0,36.0,6111194.0,5.89
Israel,ISR,2001,95.0,19.0,6259977.0,3.04
Israel,ISR,2002,95.0,2.0,6387714.0,0.31
Israel,ISR,2003,96.0,124.0,6502821.0,19.07
Israel,ISR,2004,97.0,116.0,6615084.0,17.54
Israel,ISR,2005,94.0,2.0,6728212.0,0.3
Israel,ISR,2006,96.0,9.0,6844029.0,1.32
Israel,ISR,2007,97.0,539.0,6962456.0,77.42
Israel,ISR,2008,98.0,931.0,7082621.0,131.45
Israel,ISR,2009,97.0,5.0,7206096.0,0.69
Israel,ISR,2010,96.0,23.0,7336735.0,3.13
Israel,ISR,2011,97.0,70.0,7471023.0,9.37
Israel,ISR,2012,96.0,211.0,7607781.0,27.73
Israel,ISR,2013,98.0,50.0,7749369.0,6.45
Israel,ISR,2014,97.0,6.0,7897173.0,0.76
Israel,ISR,2015,98.0,80.0,8052916.0,9.93
Israel,ISR,2016,97.0,8.0,8210006.0,0.97
Israel,ISR,2017,98.0,42.0,8361796.0,5.02
Israel,ISR,2018,98.0,3177.0,8510067.0,373.32
Israel,ISR,2019,99.0,1139.0,8657466.0,131.56
Israel,ISR,2020,99.0,6.0,8800380.0,0.68
Israel,ISR,2021,99.0,0.0,8942925.0,0.0
Israel,ISR,2022,98.0,0.0,9103143.0,0.0
Israel,ISR,2023,98.0,,9256311.0,
Israel,ISR,2024,98.0,,9256311.0,
Italy,ITA,1980,,27452.0,56412086.0,486.63
Italy,ITA,1981,,71239.0,56646752.0,1257.6
Italy,ITA,1982,,18423.0,56719178.0,324.81
Italy,ITA,1983,,26371.0,56766114.0,464.56
Italy,ITA,1984,,77149.0,56810355.0,1358.01
Italy,ITA,1985,,75040.0,56855499.0,1319.84
Italy,ITA,1986,,21306.0,56875982.0,374.6
Italy,ITA,1987,,20627.0,56891919.0,362.56
Italy,ITA,1988,,92188.0,56928748.0,1619.36
Italy,ITA,1989,,29214.0,56976750.0,512.74
Italy,ITA,1990,43.0,5223.0,57031457.0,91.58
Italy,ITA,1991,50.0,23458.0,57075394.0,411.0
Italy,ITA,1992,50.0,65013.0,57124993.0,1138.08
Italy,ITA,1993,50.0,16890.0,57170762.0,295.43
Italy,ITA,1994,50.0,6158.0,57420136.0,107.24
Italy,ITA,1995,50.0,37131.0,57403342.0,646.84
Italy,ITA,1996,55.0,32596.0,57162098.0,570.24
Italy,ITA,1997,57.0,41254.0,57189272.0,721.36
Italy,ITA,1998,55.0,4072.0,57215190.0,71.17
Italy,ITA,1999,70.0,2908.0,57240796.0,50.8
Italy,ITA,2000,74.0,1457.0,57272200.0,25.44
Italy,ITA,2001,77.0,,57305760.0,
Italy,ITA,2002,81.0,9385.0,57420636.0,163.44
Italy,ITA,2003,84.0,10982.0,57739697.0,190.2
Italy,ITA,2004,86.0,599.0,58176736.0,10.3
Italy,ITA,2005,87.0,135.0,58519696.0,2.31
Italy,ITA,2006,88.0,439.0,58754434.0,7.47
Italy,ITA,2007,90.0,321.0,59108723.0,5.43
Italy,ITA,2008,90.0,1617.0,59561687.0,27.15
Italy,ITA,2009,90.0,351.0,59904016.0,5.86
Italy,ITA,2010,91.0,372.0,60164212.0,6.18
Italy,ITA,2011,90.0,5189.0,60367882.0,85.96
Italy,ITA,2012,90.0,376.0,60531522.0,6.21
Italy,ITA,2013,90.0,,60653864.0,
Italy,ITA,2014,87.0,,60664169.0,
Italy,ITA,2015,85.0,159.0,60575314.0,2.62
Italy,ITA,2016,87.0,,60478103.0,
Italy,ITA,2017,92.0,4042.0,60390317.0,66.93
Italy,ITA,2018,93.0,2682.0,60277496.0,44.49
Italy,ITA,2019,94.0,1623.0,60130136.0,26.99
Italy,ITA,2020,92.0,103.0,59912763.0,1.72
Italy,ITA,2021,94.0,9.0,59729353.0,0.15
Italy,ITA,2022,94.0,15.0,59619106.0,0.25
Italy,ITA,2023,95.0,44.0,59499452.0,0.74
Italy,ITA,2024,95.0,1045.0,59499452.0,17.56
Jamaica,JAM,1980,,36.0,2145661.0,16.78
Jamaica,JAM,1981,,5266.0,2173823.0,2422.46
Jamaica,JAM,1982,12.0,2815.0,2203895.0,1277.28
Jamaica,JAM,1983,15.0,1164.0,2234834.0,520.84
Jamaica,JAM,1984,60.0,236.0,2264563.0,104.21
Jamaica,JAM,1985,64.0,67.0,2290657.0,29.25
Jamaica,JAM,1986,36.0,30.0,2312124.0,12.98
Jamaica,JAM,1987,62.0,37.0,2329816.0,15.88
Jamaica,JAM,1988,68.0,30.0,2345786.0,12.79
Jamaica,JAM,1989,71.0,5726.0,2361923.0,2424.3
Jamaica,JAM,1990,74.0,3651.0,2379880.0,1534.11
Jamaica,JAM,1991,77.0,308.0,2400873.0,128.29
Jamaica,JAM,1992,63.0,0.0,2424698.0,0.0
Jamaica,JAM,1993,80.0,0.0,2449913.0,0.0
Jamaica,JAM,1994,82.0,0.0,2475225.0,0.0
Jamaica,JAM,1995,90.0,15.0,2500152.0,6.0
Jamaica,JAM,1996,96.0,4.0,2524470.0,1.58
Jamaica,JAM,1997,88.0,0.0,2547853.0,0.0
Jamaica,JAM,1998,88.0,2.0,2569740.0,0.78
Jamaica,JAM,1999,82.0,0.0,2589796.0,0.0
Jamaica,JAM,2000,88.0,0.0,2607827.0,0.0
Jamaica,JAM,2001,85.0,0.0,2624410.0,0.0
Jamaica,JAM,2002,86.0,0.0,2640582.0,0.0
Jamaica,JAM,2003,78.0,0.0,2656629.0,0.0
Jamaica,JAM,2004,86.0,0.0,2672227.0,0.0
Jamaica,JAM,2005,84.0,0.0,2687070.0,0.0
Jamaica,JAM,2006,87.0,0.0,2700973.0,0.0
Jamaica,JAM,2007,76.0,0.0,2713808.0,0.0
Jamaica,JAM,2008,88.0,2.0,2725633.0,0.73
Jamaica,JAM,2009,88.0,0.0,2737001.0,0.0
Jamaica,JAM,2010,89.0,0.0,2748573.0,0.0
Jamaica,JAM,2011,88.0,1.0,2760493.0,0.36
Jamaica,JAM,2012,93.0,0.0,2772432.0,0.0
Jamaica,JAM,2013,94.0,0.0,2783689.0,0.0
Jamaica,JAM,2014,92.0,0.0,2793756.0,0.0
Jamaica,JAM,2015,91.0,0.0,2802536.0,0.0
Jamaica,JAM,2016,95.0,0.0,2809919.0,0.0
Jamaica,JAM,2017,95.0,0.0,2815765.0,0.0
Jamaica,JAM,2018,89.0,0.0,2820103.0,0.0
Jamaica,JAM,2019,94.0,0.0,2823275.0,0.0
Jamaica,JAM,2020,93.0,0.0,2830745.0,0.0
Jamaica,JAM,2021,88.0,0.0,2837680.0,0.0
Jamaica,JAM,2022,91.0,0.0,2839150.0,0.0
Jamaica,JAM,2023,93.0,0.0,2839785.0,0.0
Jamaica,JAM,2024,94.0,0.0,2839785.0,0.0
Japan,JPN,1980,69.0,13219.0,118358761.0,111.69
Japan,JPN,1981,68.0,21471.0,118994054.0,180.44
Japan,JPN,1982,66.0,6716.0,119485775.0,56.21
Japan,JPN,1983,70.0,7281.0,119948943.0,60.7
Japan,JPN,1984,73.0,12268.0,120384395.0,101.91
Japan,JPN,1985,73.0,2810.0,120832158.0,23.26
Japan,JPN,1986,74.0,6323.0,121366733.0,52.1
Japan,JPN,1987,75.0,5872.0,121943588.0,48.15
Japan,JPN,1988,76.0,3109.0,122476957.0,25.38
Japan,JPN,1989,77.0,1753.0,122947411.0,14.26
Japan,JPN,1990,73.0,3259.0,123399767.0,26.41
Japan,JPN,1991,71.0,5452.0,123889870.0,44.01
Japan,JPN,1992,69.0,,124383707.0,
Japan,JPN,1993,68.0,2002.0,124839955.0,16.04
Japan,JPN,1994,81.0,,125286861.0,
Japan,JPN,1995,93.0,,125672659.0,
Japan,JPN,1996,94.0,1640.0,125975304.0,13.02
Japan,JPN,1997,94.0,,126265926.0,
Japan,JPN,1998,95.0,899.0,126549182.0,7.1
Japan,JPN,1999,95.0,,126801566.0,
Japan,JPN,2000,96.0,22497.0,127027794.0,177.1
Japan,JPN,2001,98.0,22552.0,127260144.0,177.21
Japan,JPN,2002,98.0,33812.0,127484599.0,265.22
Japan,JPN,2003,98.0,8286.0,127671254.0,64.9
Japan,JPN,2004,98.0,8752.0,127815769.0,68.47
Japan,JPN,2005,98.0,,127913331.0,
Japan,JPN,2006,97.0,520.0,127997247.0,4.06
Japan,JPN,2007,96.0,,128087683.0,
Japan,JPN,2008,95.0,11015.0,128155992.0,85.95
Japan,JPN,2009,94.0,741.0,128192471.0,5.78
Japan,JPN,2010,94.0,450.0,128185273.0,3.51
Japan,JPN,2011,94.0,434.0,128096430.0,3.39
Japan,JPN,2012,96.0,228.0,127928283.0,1.78
Japan,JPN,2013,95.0,229.0,127723642.0,1.79
Japan,JPN,2014,98.0,462.0,127486601.0,3.62
Japan,JPN,2015,96.0,35.0,127275868.0,0.27
Japan,JPN,2016,96.0,165.0,127159950.0,1.3
Japan,JPN,2017,97.0,187.0,127064686.0,1.47
Japan,JPN,2018,97.0,279.0,126913432.0,2.2
Japan,JPN,2019,96.0,742.0,126699421.0,5.86
Japan,JPN,2020,98.0,12.0,126304533.0,0.1
Japan,JPN,2021,95.0,6.0,125679342.0,0.05
Japan,JPN,2022,98.0,,124997585.0,
Japan,JPN,2023,94.0,,124370947.0,
Japan,JPN,2024,95.0,45.0,124370947.0,0.36
Jordan,JOR,1980,29.0,552.0,2234192.0,247.07
Jordan,JOR,1981,40.0,1174.0,2325528.0,504.83
Jordan,JOR,1982,48.0,1594.0,2426933.0,656.8
Jordan,JOR,1983,56.0,183.0,2537307.0,72.12
Jordan,JOR,1984,65.0,2592.0,2654689.0,976.39
Jordan,JOR,1985,73.0,559.0,2778819.0,201.16
Jordan,JOR,1986,81.0,297.0,2909896.0,102.07
Jordan,JOR,1987,87.0,1645.0,3047634.0,539.76
Jordan,JOR,1988,87.0,4810.0,3193044.0,1506.4
Jordan,JOR,1989,84.0,1397.0,3349638.0,417.06
Jordan,JOR,1990,87.0,290.0,3621915.0,80.07
Jordan,JOR,1991,85.0,143.0,3915152.0,36.52
Jordan,JOR,1992,91.0,1071.0,4127699.0,259.47
Jordan,JOR,1993,88.0,2985.0,4348018.0,686.52
Jordan,JOR,1994,91.0,516.0,4561409.0,113.12
Jordan,JOR,1995,92.0,318.0,4752097.0,66.92
Jordan,JOR,1996,94.0,448.0,4912518.0,91.2
Jordan,JOR,1997,95.0,7026.0,5046287.0,1392.31
Jordan,JOR,1998,93.0,428.0,5164290.0,82.88
Jordan,JOR,1999,83.0,115.0,5276450.0,21.79
Jordan,JOR,2000,94.0,32.0,5386945.0,5.94
Jordan,JOR,2001,99.0,61.0,5498900.0,11.09
Jordan,JOR,2002,95.0,19.0,5616077.0,3.38
Jordan,JOR,2003,96.0,76.0,5741837.0,13.24
Jordan,JOR,2004,99.0,21.0,5882066.0,3.57
Jordan,JOR,2005,95.0,28.0,6029597.0,4.64
Jordan,JOR,2006,99.0,1.0,6427377.0,0.16
Jordan,JOR,2007,95.0,41.0,6827235.0,6.01
Jordan,JOR,2008,95.0,2.0,6989874.0,0.29
Jordan,JOR,2009,95.0,0.0,7141763.0,0.0
Jordan,JOR,2010,98.0,0.0,7297046.0,0.0
Jordan,JOR,2011,98.0,0.0,7480431.0,0.0
Jordan,JOR,2012,98.0,3.0,7587133.0,0.4
Jordan,JOR,2013,97.0,120.0,7991812.0,15.02
Jordan,JOR,2014,98.0,20.0,8791715.0,2.27
Jordan,JOR,2015,94.0,0.0,9544730.0,0.0
Jordan,JOR,2016,96.0,0.0,10006369.0,0.0
Jordan,JOR,2017,93.0,0.0,10234227.0,0.0
Jordan,JOR,2018,92.0,0.0,10462310.0,0.0
Jordan,JOR,2019,87.0,48.0,10671893.0,4.5
Jordan,JOR,2020,76.0,0.0,10865232.0,0.0
Jordan,JOR,2021,81.0,,11066356.0,
Jordan,JOR,2022,86.0,457.0,11256269.0,40.6
Jordan,JOR,2023,95.0,,11439220.0,
Jordan,JOR,2024,99.0,14.0,11439220.0,1.22
Kazakhstan,KAZ,1990,,273.0,17154060.0,15.91
Kazakhstan,KAZ,1991,,1425.0,17278604.0,82.47
Kazakhstan,KAZ,1992,89.0,647.0,17332624.0,37.33
Kazakhstan,KAZ,1993,91.0,3297.0,17274487.0,190.86
Kazakhstan,KAZ,1994,91.0,1788.0,17043775.0,104.91
Kazakhstan,KAZ,1995,95.0,284.0,16730541.0,16.97
Kazakhstan,KAZ,1996,97.0,123.0,16416036.0,7.49
Kazakhstan,KAZ,1997,97.0,120.0,16043250.0,7.48
Kazakhstan,KAZ,1998,99.0,1935.0,15647789.0,123.66
Kazakhstan,KAZ,1999,99.0,1391.0,15455877.0,90.0
Kazakhstan,KAZ,2000,99.0,245.0,15501108.0,15.81
Kazakhstan,KAZ,2001,95.0,94.0,15575550.0,6.04
Kazakhstan,KAZ,2002,95.0,18.0,15656680.0,1.15
Kazakhstan,KAZ,2003,99.0,24.0,15747377.0,1.52
Kazakhstan,KAZ,2004,99.0,2204.0,15850164.0,139.05
Kazakhstan,KAZ,2005,99.0,16118.0,15968118.0,1009.39
Kazakhstan,KAZ,2006,99.0,109.0,16103718.0,6.77
Kazakhstan,KAZ,2007,99.0,13.0,16257212.0,0.8
Kazakhstan,KAZ,2008,99.0,20.0,16426527.0,1.22
Kazakhstan,KAZ,2009,99.0,0.0,16619851.0,0.0
Kazakhstan,KAZ,2010,99.0,4.0,16836808.0,0.24
Kazakhstan,KAZ,2011,99.0,127.0,17065996.0,7.44
Kazakhstan,KAZ,2012,96.0,55.0,17306115.0,3.18
Kazakhstan,KAZ,2013,99.0,73.0,17556502.0,4.16
Kazakhstan,KAZ,2014,99.0,321.0,17816285.0,18.02
Kazakhstan,KAZ,2015,99.0,526.0,18084175.0,29.09
Kazakhstan,KAZ,2016,99.0,122.0,18363600.0,6.64
Kazakhstan,KAZ,2017,99.0,2.0,18651931.0,0.11
Kazakhstan,KAZ,2018,99.0,576.0,18932725.0,30.42
Kazakhstan,KAZ,2019,99.0,13326.0,19209556.0,693.72
Kazakhstan,KAZ,2020,93.0,3270.0,19482116.0,167.85
Kazakhstan,KAZ,2021,97.0,2.0,19743607.0,0.1
Kazakhstan,KAZ,2022,99.0,4.0,20034612.0,0.2
Kazakhstan,KAZ,2023,99.0,15111.0,20330109.0,743.28
Kazakhstan,KAZ,2024,93.0,28147.0,20330109.0,1384.5
Kenya,KEN,1980,,28473.0,16018465.0,1777.51
Kenya,KEN,1981,,257839.0,16601510.0,15531.06
Kenya,KEN,1982,,270767.0,17206177.0,15736.62
Kenya,KEN,1983,,285681.0,17846374.0,16007.79
Kenya,KEN,1984,55.0,200143.0,18514908.0,10809.83
Kenya,KEN,1985,63.0,111492.0,19201772.0,5806.34
Kenya,KEN,1986,65.0,26199.0,19901643.0,1316.42
Kenya,KEN,1987,69.0,49858.0,20616091.0,2418.4
Kenya,KEN,1988,72.0,70200.0,21356222.0,3287.1
Kenya,KEN,1989,75.0,86727.0,22118437.0,3921.03
Kenya,KEN,1990,78.0,77072.0,22892655.0,3366.67
Kenya,KEN,1991,81.0,59937.0,23646514.0,2534.71
Kenya,KEN,1992,84.0,65004.0,24382466.0,2666.01
Kenya,KEN,1993,84.0,961.0,25117192.0,38.26
Kenya,KEN,1994,84.0,4180.0,25857136.0,161.66
Kenya,KEN,1995,83.0,3322.0,26601753.0,124.88
Kenya,KEN,1996,81.0,3572.0,27344211.0,130.63
Kenya,KEN,1997,79.0,3339.0,28101762.0,118.82
Kenya,KEN,1998,78.0,9262.0,28888063.0,320.62
Kenya,KEN,1999,76.0,8601.0,29733413.0,289.27
Kenya,KEN,2000,78.0,21002.0,30642893.0,685.38
Kenya,KEN,2001,77.0,11304.0,31619170.0,357.5
Kenya,KEN,2002,78.0,766.0,32629809.0,23.48
Kenya,KEN,2003,72.0,65.0,33652233.0,1.93
Kenya,KEN,2004,73.0,20.0,34713453.0,0.58
Kenya,KEN,2005,69.0,153.0,35796485.0,4.27
Kenya,KEN,2006,77.0,1847.0,36904010.0,50.05
Kenya,KEN,2007,80.0,1516.0,38036354.0,39.86
Kenya,KEN,2008,90.0,1282.0,39206349.0,32.7
Kenya,KEN,2009,88.0,1218.0,40408887.0,30.14
Kenya,KEN,2010,86.0,95.0,41598570.0,2.28
Kenya,KEN,2011,87.0,2395.0,42758467.0,56.01
Kenya,KEN,2012,93.0,,43888306.0,
Kenya,KEN,2013,94.0,190.0,44986794.0,4.22
Kenya,KEN,2014,95.0,354.0,46051441.0,7.69
Kenya,KEN,2015,96.0,95.0,47088528.0,2.02
Kenya,KEN,2016,93.0,128.0,48139683.0,2.66
Kenya,KEN,2017,84.0,63.0,49197757.0,1.28
Kenya,KEN,2018,92.0,822.0,50207109.0,16.37
Kenya,KEN,2019,92.0,439.0,51202829.0,8.57
Kenya,KEN,2020,89.0,597.0,52217327.0,11.43
Kenya,KEN,2021,90.0,266.0,53219167.0,5.0
Kenya,KEN,2022,89.0,1774.0,54252458.0,32.7
Kenya,KEN,2023,91.0,896.0,55339007.0,16.19
Kenya,KEN,2024,88.0,525.0,55339007.0,9.49
Kiribati,KIR,1980,,170.0,61170.0,2779.14
Kiribati,KIR,1981,,70.0,62137.0,1126.54
Kiribati,KIR,1982,,11.0,63146.0,174.2
Kiribati,KIR,1983,24.0,0.0,64183.0,0.0
Kiribati,KIR,1984,8.0,1417.0,65245.0,21718.14
Kiribati,KIR,1985,4.0,2015.0,66510.0,30296.2
Kiribati,KIR,1986,9.0,2.0,68079.0,29.38
Kiribati,KIR,1987,14.0,22.0,69749.0,315.42
Kiribati,KIR,1988,54.0,264.0,71445.0,3695.15
Kiribati,KIR,1989,63.0,1612.0,73164.0,22032.69
Kiribati,KIR,1990,75.0,30.0,74872.0,400.68
Kiribati,KIR,1991,62.0,8.0,76385.0,104.73
Kiribati,KIR,1992,77.0,4357.0,77655.0,56107.14
Kiribati,KIR,1993,89.0,114.0,78853.0,1445.73
Kiribati,KIR,1994,70.0,292.0,80033.0,3648.49
Kiribati,KIR,1995,47.0,4.0,81251.0,49.23
Kiribati,KIR,1996,64.0,13.0,82637.0,157.31
Kiribati,KIR,1997,82.0,25.0,84161.0,297.05
Kiribati,KIR,1998,77.0,355.0,85672.0,4143.71
Kiribati,KIR,1999,62.0,2.0,87139.0,22.95
Kiribati,KIR,2000,80.0,0.0,88632.0,0.0
Kiribati,KIR,2001,76.0,0.0,90350.0,0.0
Kiribati,KIR,2002,88.0,0.0,92281.0,0.0
Kiribati,KIR,2003,72.0,,94189.0,
Kiribati,KIR,2004,56.0,0.0,96096.0,0.0
Kiribati,KIR,2005,85.0,0.0,98045.0,0.0
Kiribati,KIR,2006,61.0,,100028.0,
Kiribati,KIR,2007,93.0,0.0,102081.0,0.0
Kiribati,KIR,2008,72.0,0.0,104235.0,0.0
Kiribati,KIR,2009,82.0,0.0,106479.0,0.0
Kiribati,KIR,2010,89.0,0.0,108717.0,0.0
Kiribati,KIR,2011,90.0,0.0,110660.0,0.0
Kiribati,KIR,2012,91.0,0.0,112293.0,0.0
Kiribati,KIR,2013,91.0,0.0,113847.0,0.0
Kiribati,KIR,2014,88.0,0.0,115339.0,0.0
Kiribati,KIR,2015,84.0,,116826.0,
Kiribati,KIR,2016,80.0,,118488.0,
Kiribati,KIR,2017,81.0,0.0,120288.0,0.0
Kiribati,KIR,2018,84.0,0.0,122097.0,0.0
Kiribati,KIR,2019,94.0,3.0,123928.0,24.21
Kiribati,KIR,2020,82.0,0.0,126110.0,0.0
Kiribati,KIR,2021,80.0,1.0,128387.0,7.79
Kiribati,KIR,2022,85.0,,130483.0,
Kiribati,KIR,2023,79.0,,132540.0,
Kiribati,KIR,2024,79.0,0.0,132540.0,0.0
Kosovo,OWID_KOS,2022,,0.0,1717950.0,0.0
Kosovo,OWID_KOS,2023,,1.0,1700039.0,0.59
Kuwait,KWT,1980,48.0,1382.0,1504789.0,918.4
Kuwait,KWT,1981,71.0,2595.0,1583428.0,1638.85
Kuwait,KWT,1982,79.0,586.0,1662489.0,352.48
Kuwait,KWT,1983,80.0,1590.0,1744302.0,911.54
Kuwait,KWT,1984,88.0,608.0,1820692.0,333.94
Kuwait,KWT,1985,91.0,2061.0,1894255.0,1088.03
Kuwait,KWT,1986,93.0,237.0,1972520.0,120.15
Kuwait,KWT,1987,95.0,428.0,2053007.0,208.47
Kuwait,KWT,1988,97.0,70.0,2134708.0,32.79
Kuwait,KWT,1989,98.0,71.0,2217470.0,32.02
Kuwait,KWT,1990,66.0,71.0,1684833.0,42.14
Kuwait,KWT,1991,75.0,165.0,1351403.0,122.1
Kuwait,KWT,1992,85.0,383.0,1634968.0,234.26
Kuwait,KWT,1993,95.0,260.0,1672158.0,155.49
Kuwait,KWT,1994,98.0,432.0,1664371.0,259.56
Kuwait,KWT,1995,98.0,12.0,1681518.0,7.14
Kuwait,KWT,1996,99.0,15.0,1730255.0,8.67
Kuwait,KWT,1997,95.0,26.0,1787692.0,14.54
Kuwait,KWT,1998,99.0,90.0,1844308.0,48.8
Kuwait,KWT,1999,96.0,13.0,1900035.0,6.84
Kuwait,KWT,2000,99.0,6.0,1954713.0,3.07
Kuwait,KWT,2001,99.0,,2008127.0,
Kuwait,KWT,2002,97.0,,2059983.0,
Kuwait,KWT,2003,97.0,,2109886.0,
Kuwait,KWT,2004,97.0,23.0,2157329.0,10.66
Kuwait,KWT,2005,99.0,10.0,2236797.0,4.47
Kuwait,KWT,2006,99.0,,2364741.0,
Kuwait,KWT,2007,99.0,,2507890.0,
Kuwait,KWT,2008,99.0,,2651433.0,
Kuwait,KWT,2009,99.0,,2795489.0,
Kuwait,KWT,2010,98.0,13.0,2943374.0,4.42
Kuwait,KWT,2011,99.0,32.0,3132815.0,10.21
Kuwait,KWT,2012,99.0,27.0,3337025.0,8.09
Kuwait,KWT,2013,99.0,62.0,3507755.0,17.68
Kuwait,KWT,2014,94.0,55.0,3665769.0,15.0
Kuwait,KWT,2015,93.0,18.0,3834465.0,4.69
Kuwait,KWT,2016,99.0,8.0,4003976.0,2.0
Kuwait,KWT,2017,99.0,18.0,4154686.0,4.33
Kuwait,KWT,2018,98.0,42.0,4323389.0,9.71
Kuwait,KWT,2019,97.0,12.0,4442201.0,2.7
Kuwait,KWT,2020,95.0,,4400146.0,
Kuwait,KWT,2021,94.0,3.0,4360748.0,0.69
Kuwait,KWT,2022,99.0,7.0,4589514.0,1.53
Kuwait,KWT,2023,99.0,6.0,4838781.0,1.24
Kuwait,KWT,2024,98.0,7.0,4838781.0,1.45
Kyrgyzstan,KGZ,1990,,584.0,4459545.0,130.96
Kyrgyzstan,KGZ,1991,,824.0,4532124.0,181.81
Kyrgyzstan,KGZ,1992,94.0,815.0,4600308.0,177.16
Kyrgyzstan,KGZ,1993,93.0,3825.0,4626809.0,826.7
Kyrgyzstan,KGZ,1994,88.0,168.0,4649190.0,36.14
Kyrgyzstan,KGZ,1995,97.0,17.0,4713641.0,3.61
Kyrgyzstan,KGZ,1996,98.0,74.0,4782885.0,15.47
Kyrgyzstan,KGZ,1997,98.0,998.0,4847998.0,205.86
Kyrgyzstan,KGZ,1998,98.0,2397.0,4907792.0,488.41
Kyrgyzstan,KGZ,1999,99.0,478.0,4968593.0,96.2
Kyrgyzstan,KGZ,2000,98.0,16.0,5025150.0,3.18
Kyrgyzstan,KGZ,2001,99.0,17.0,5071960.0,3.35
Kyrgyzstan,KGZ,2002,98.0,2.0,5116252.0,0.39
Kyrgyzstan,KGZ,2003,99.0,6.0,5159422.0,1.16
Kyrgyzstan,KGZ,2004,99.0,8.0,5203048.0,1.54
Kyrgyzstan,KGZ,2005,99.0,53.0,5246337.0,10.1
Kyrgyzstan,KGZ,2006,97.0,27.0,5282451.0,5.11
Kyrgyzstan,KGZ,2007,99.0,40.0,5313376.0,7.53
Kyrgyzstan,KGZ,2008,99.0,16.0,5342530.0,2.99
Kyrgyzstan,KGZ,2009,99.0,1.0,5398013.0,0.19
Kyrgyzstan,KGZ,2010,99.0,0.0,5491763.0,0.0
Kyrgyzstan,KGZ,2011,97.0,222.0,5594537.0,39.68
Kyrgyzstan,KGZ,2012,98.0,0.0,5696521.0,0.0
Kyrgyzstan,KGZ,2013,99.0,1.0,5797294.0,0.17
Kyrgyzstan,KGZ,2014,96.0,318.0,5898322.0,53.91
Kyrgyzstan,KGZ,2015,99.0,17779.0,6001876.0,2962.24
Kyrgyzstan,KGZ,2016,97.0,0.0,6108460.0,0.0
Kyrgyzstan,KGZ,2017,95.0,5.0,6220148.0,0.8
Kyrgyzstan,KGZ,2018,96.0,1007.0,6341733.0,158.79
Kyrgyzstan,KGZ,2019,96.0,2380.0,6494036.0,366.49
Kyrgyzstan,KGZ,2020,92.0,,6664143.0,
Kyrgyzstan,KGZ,2021,93.0,3.0,6820483.0,0.44
Kyrgyzstan,KGZ,2022,94.0,,6955792.0,
Kyrgyzstan,KGZ,2023,96.0,7046.0,7073523.0,996.11
Kyrgyzstan,KGZ,2024,96.0,14380.0,7073523.0,2032.93
Laos,LAO,1980,,1380.0,3292575.0,419.12
Laos,LAO,1981,7.0,,3366638.0,
Laos,LAO,1982,7.0,383.0,3450022.0,111.01
Laos,LAO,1983,7.0,1076.0,3541003.0,303.87
Laos,LAO,1984,6.0,924.0,3637845.0,254.0
Laos,LAO,1985,6.0,1492.0,3739985.0,398.93
Laos,LAO,1986,10.0,1367.0,3846720.0,355.37
Laos,LAO,1987,11.0,2580.0,3957624.0,651.91
Laos,LAO,1988,23.0,2243.0,4072608.0,550.75
Laos,LAO,1989,20.0,2793.0,4190972.0,666.43
Laos,LAO,1990,32.0,2168.0,4311960.0,502.79
Laos,LAO,1991,47.0,1400.0,4435121.0,315.66
Laos,LAO,1992,46.0,520.0,4559650.0,114.04
Laos,LAO,1993,46.0,1083.0,4685064.0,231.16
Laos,LAO,1994,73.0,984.0,4809223.0,204.61
Laos,LAO,1995,68.0,3174.0,4929410.0,643.89
Laos,LAO,1996,73.0,917.0,5045686.0,181.74
Laos,LAO,1997,67.0,671.0,5152015.0,130.24
Laos,LAO,1998,71.0,4613.0,5248273.0,878.96
Laos,LAO,1999,71.0,2302.0,5340784.0,431.02
Laos,LAO,2000,42.0,332.0,5431213.0,61.13
Laos,LAO,2001,50.0,94.0,5521481.0,17.02
Laos,LAO,2002,55.0,2070.0,5610888.0,368.93
Laos,LAO,2003,42.0,1810.0,5697944.0,317.66
Laos,LAO,2004,36.0,1491.0,5781627.0,257.89
Laos,LAO,2005,41.0,295.0,5869531.0,50.26
Laos,LAO,2006,48.0,58.0,5963199.0,9.73
Laos,LAO,2007,40.0,1678.0,6056237.0,277.07
Laos,LAO,2008,52.0,174.0,6148974.0,28.3
Laos,LAO,2009,59.0,78.0,6241649.0,12.5
Laos,LAO,2010,64.0,153.0,6334198.0,24.15
Laos,LAO,2011,67.0,113.0,6426592.0,17.58
Laos,LAO,2012,69.0,32.0,6518981.0,4.91
Laos,LAO,2013,78.0,71.0,6611385.0,10.74
Laos,LAO,2014,81.0,339.0,6703170.0,50.57
Laos,LAO,2015,78.0,56.0,6801647.0,8.23
Laos,LAO,2016,76.0,8.0,6908800.0,1.16
Laos,LAO,2017,78.0,3.0,7018150.0,0.43
Laos,LAO,2018,75.0,10.0,7128043.0,1.4
Laos,LAO,2019,70.0,1119.0,7237635.0,154.61
Laos,LAO,2020,63.0,138.0,7346534.0,18.78
Laos,LAO,2021,62.0,2.0,7453192.0,0.27
Laos,LAO,2022,65.0,0.0,7559008.0,0.0
Laos,LAO,2023,69.0,2.0,7665001.0,0.26
Laos,LAO,2024,69.0,1.0,7665001.0,0.13
Latin America and the Caribbean (UNICEF),,1980,42.0,,,
Latin America and the Caribbean (UNICEF),,1981,49.0,,,
Latin America and the Caribbean (UNICEF),,1982,48.0,,,
Latin America and the Caribbean (UNICEF),,1983,48.0,,,
Latin America and the Caribbean (UNICEF),,1984,52.0,,,
Latin America and the Caribbean (UNICEF),,1985,60.0,,,
Latin America and the Caribbean (UNICEF),,1986,61.0,,,
Latin America and the Caribbean (UNICEF),,1987,60.0,,,
Latin America and the Caribbean (UNICEF),,1988,66.0,,,
Latin America and the Caribbean (UNICEF),,1989,69.0,,,
Latin America and the Caribbean (UNICEF),,1990,76.0,,,
Latin America and the Caribbean (UNICEF),,1991,80.0,,,
Latin America and the Caribbean (UNICEF),,1992,82.0,,,
Latin America and the Caribbean (UNICEF),,1993,82.0,,,
Latin America and the Caribbean (UNICEF),,1994,82.0,,,
Latin America and the Caribbean (UNICEF),,1995,86.0,,,
Latin America and the Caribbean (UNICEF),,1996,84.0,,,
Latin America and the Caribbean (UNICEF),,1997,89.0,,,
Latin America and the Caribbean (UNICEF),,1998,91.0,,,
Latin America and the Caribbean (UNICEF),,1999,92.0,,,
Latin America and the Caribbean (UNICEF),,2000,93.0,,,
Latin America and the Caribbean (UNICEF),,2001,95.0,,,
Latin America and the Caribbean (UNICEF),,2002,93.0,,,
Latin America and the Caribbean (UNICEF),,2003,94.0,,,
Latin America and the Caribbean (UNICEF),,2004,93.0,,,
Latin America and the Caribbean (UNICEF),,2005,92.0,,,
Latin America and the Caribbean (UNICEF),,2006,94.0,,,
Latin America and the Caribbean (UNICEF),,2007,94.0,,,
Latin America and the Caribbean (UNICEF),,2008,95.0,,,
Latin America and the Caribbean (UNICEF),,2009,94.0,,,
Latin America and the Caribbean (UNICEF),,2010,93.0,,,
Latin America and the Caribbean (UNICEF),,2011,94.0,,,
Latin America and the Caribbean (UNICEF),,2012,95.0,,,
Latin America and the Caribbean (UNICEF),,2013,92.0,,,
Latin America and the Caribbean (UNICEF),,2014,93.0,,,
Latin America and the Caribbean (UNICEF),,2015,93.0,,,
Latin America and the Caribbean (UNICEF),,2016,93.0,,,
Latin America and the Caribbean (UNICEF),,2017,86.0,,,
Latin America and the Caribbean (UNICEF),,2018,91.0,,,
Latin America and the Caribbean (UNICEF),,2019,86.0,,,
Latin America and the Caribbean (UNICEF),,2020,84.0,,,
Latin America and the Caribbean (UNICEF),,2021,83.0,,,
Latin America and the Caribbean (UNICEF),,2022,81.0,,,
Latin America and the Caribbean (UNICEF),,2023,83.0,,,
Latin America and the Caribbean (UNICEF),,2024,86.0,,,
Latvia,LVA,1990,,21.0,2660131.0,7.89
Latvia,LVA,1991,,6.0,2648933.0,2.27
Latvia,LVA,1992,95.0,248.0,2614833.0,94.84
Latvia,LVA,1993,80.0,54.0,2563820.0,21.06
Latvia,LVA,1994,81.0,10.0,2521238.0,3.97
Latvia,LVA,1995,81.0,2.0,2485948.0,0.8
Latvia,LVA,1996,96.0,3.0,2457907.0,1.22
Latvia,LVA,1997,97.0,4.0,2433229.0,1.64
Latvia,LVA,1998,97.0,3.0,2410217.0,1.24
Latvia,LVA,1999,97.0,0.0,2390822.0,0.0
Latvia,LVA,2000,97.0,0.0,2368320.0,0.0
Latvia,LVA,2001,98.0,1.0,2338299.0,0.43
Latvia,LVA,2002,98.0,,2311358.0,
Latvia,LVA,2003,98.0,,2288983.0,
Latvia,LVA,2004,98.0,0.0,2264179.0,0.0
Latvia,LVA,2005,98.0,2.0,2239787.0,0.89
Latvia,LVA,2006,98.0,7.0,2219039.0,3.15
Latvia,LVA,2007,95.0,0.0,2200774.0,0.0
Latvia,LVA,2008,96.0,3.0,2177710.0,1.38
Latvia,LVA,2009,92.0,0.0,2142044.0,0.0
Latvia,LVA,2010,95.0,0.0,2097834.0,0.0
Latvia,LVA,2011,92.0,1.0,2059940.0,0.49
Latvia,LVA,2012,90.0,3.0,2034639.0,1.47
Latvia,LVA,2013,96.0,0.0,2013004.0,0.0
Latvia,LVA,2014,95.0,36.0,1994153.0,18.05
Latvia,LVA,2015,96.0,0.0,1977874.0,0.0
Latvia,LVA,2016,93.0,0.0,1959863.0,0.0
Latvia,LVA,2017,96.0,0.0,1942599.0,0.0
Latvia,LVA,2018,98.0,25.0,1927586.0,12.97
Latvia,LVA,2019,99.0,3.0,1914267.0,1.57
Latvia,LVA,2020,99.0,0.0,1901119.0,0.0
Latvia,LVA,2021,97.0,0.0,1885593.0,0.0
Latvia,LVA,2022,96.0,0.0,1881059.0,0.0
Latvia,LVA,2023,97.0,1.0,1882399.0,0.53
Latvia,LVA,2024,98.0,0.0,1882399.0,0.0
Lebanon,LBN,1981,,3.0,3008985.0,1.0
Lebanon,LBN,1982,1.0,,3054932.0,
Lebanon,LBN,1983,8.0,266.0,3095001.0,85.95
Lebanon,LBN,1984,16.0,,3152742.0,
Lebanon,LBN,1985,23.0,,3217377.0,
Lebanon,LBN,1986,30.0,,3300373.0,
Lebanon,LBN,1987,39.0,,3385557.0,
Lebanon,LBN,1988,48.0,,3454647.0,
Lebanon,LBN,1989,58.0,,3525288.0,
Lebanon,LBN,1990,61.0,,3595175.0,
Lebanon,LBN,1991,65.0,,3668916.0,
Lebanon,LBN,1992,76.0,13.0,3747375.0,3.47
Lebanon,LBN,1993,88.0,396.0,3820652.0,103.65
Lebanon,LBN,1994,88.0,51.0,3889802.0,13.11
Lebanon,LBN,1995,85.0,3.0,3960741.0,0.76
Lebanon,LBN,1996,85.0,2.0,4034782.0,0.5
Lebanon,LBN,1997,89.0,134.0,4108409.0,32.62
Lebanon,LBN,1998,83.0,966.0,4181287.0,231.03
Lebanon,LBN,1999,77.0,8.0,4255278.0,1.88
Lebanon,LBN,2000,71.0,5.0,4329345.0,1.15
Lebanon,LBN,2001,65.0,8.0,4401923.0,1.82
Lebanon,LBN,2002,59.0,36.0,4463505.0,8.07
Lebanon,LBN,2003,53.0,526.0,4525513.0,116.23
Lebanon,LBN,2004,60.0,213.0,4599285.0,46.31
Lebanon,LBN,2005,67.0,618.0,4671105.0,132.3
Lebanon,LBN,2006,75.0,956.0,4751146.0,201.21
Lebanon,LBN,2007,82.0,373.0,4844119.0,77.0
Lebanon,LBN,2008,89.0,24.0,4925359.0,4.87
Lebanon,LBN,2009,88.0,22.0,4992295.0,4.41
Lebanon,LBN,2010,86.0,12.0,5041290.0,2.38
Lebanon,LBN,2011,85.0,9.0,5096018.0,1.77
Lebanon,LBN,2012,83.0,9.0,5235742.0,1.72
Lebanon,LBN,2013,82.0,1761.0,5743441.0,306.61
Lebanon,LBN,2014,82.0,112.0,6346993.0,17.65
Lebanon,LBN,2015,82.0,39.0,6472470.0,6.03
Lebanon,LBN,2016,82.0,44.0,6323061.0,6.96
Lebanon,LBN,2017,82.0,126.0,6160129.0,20.45
Lebanon,LBN,2018,82.0,944.0,5984120.0,157.75
Lebanon,LBN,2019,82.0,1047.0,5794601.0,180.69
Lebanon,LBN,2020,74.0,15.0,5702400.0,2.63
Lebanon,LBN,2021,67.0,,5718129.0,
Lebanon,LBN,2022,67.0,,5744492.0,
Lebanon,LBN,2023,67.0,346.0,5773494.0,59.93
Lebanon,LBN,2024,67.0,74.0,5773494.0,12.82
Lesotho,LSO,1980,49.0,7935.0,1406530.0,5641.54
Lesotho,LSO,1981,49.0,7624.0,1448073.0,5264.93
Lesotho,LSO,1982,51.0,6941.0,1490732.0,4656.1
Lesotho,LSO,1983,53.0,5239.0,1534414.0,3414.33
Lesotho,LSO,1984,63.0,5821.0,1578992.0,3686.53
Lesotho,LSO,1985,73.0,7362.0,1624385.0,4532.18
Lesotho,LSO,1986,76.0,4376.0,1666140.0,2626.43
Lesotho,LSO,1987,78.0,2448.0,1703395.0,1437.13
Lesotho,LSO,1988,79.0,1797.0,1739847.0,1032.85
Lesotho,LSO,1989,79.0,1378.0,1775437.0,776.15
Lesotho,LSO,1990,80.0,2195.0,1809698.0,1212.91
Lesotho,LSO,1991,81.0,2351.0,1842383.0,1276.06
Lesotho,LSO,1992,81.0,1816.0,1873281.0,969.42
Lesotho,LSO,1993,82.0,235.0,1901799.0,123.57
Lesotho,LSO,1994,82.0,573.0,1927708.0,297.24
Lesotho,LSO,1995,83.0,304.0,1951441.0,155.78
Lesotho,LSO,1996,82.0,,1972424.0,
Lesotho,LSO,1997,80.0,0.0,1988140.0,0.0
Lesotho,LSO,1998,79.0,,1998048.0,
Lesotho,LSO,1999,77.0,944.0,2003238.0,471.24
Lesotho,LSO,2000,74.0,660.0,2003919.0,329.35
Lesotho,LSO,2001,70.0,217.0,2000859.0,108.45
Lesotho,LSO,2002,78.0,0.0,1994686.0,0.0
Lesotho,LSO,2003,85.0,1.0,1985060.0,0.5
Lesotho,LSO,2004,84.0,31.0,1971130.0,15.73
Lesotho,LSO,2005,83.0,,1953080.0,
Lesotho,LSO,2006,82.0,1.0,1945066.0,0.51
Lesotho,LSO,2007,81.0,2.0,1953273.0,1.02
Lesotho,LSO,2008,80.0,0.0,1966547.0,0.0
Lesotho,LSO,2009,84.0,0.0,1980884.0,0.0
Lesotho,LSO,2010,88.0,2488.0,1996256.0,1246.33
Lesotho,LSO,2011,92.0,172.0,2014015.0,85.4
Lesotho,LSO,2012,91.0,179.0,2034363.0,87.99
Lesotho,LSO,2013,90.0,516.0,2056509.0,250.91
Lesotho,LSO,2014,92.0,0.0,2080091.0,0.0
Lesotho,LSO,2015,93.0,0.0,2104614.0,0.0
Lesotho,LSO,2016,90.0,0.0,2130424.0,0.0
Lesotho,LSO,2017,89.0,0.0,2157117.0,0.0
Lesotho,LSO,2018,89.0,7.0,2183611.0,3.21
Lesotho,LSO,2019,90.0,464.0,2209414.0,210.01
Lesotho,LSO,2020,90.0,39.0,2235727.0,17.44
Lesotho,LSO,2021,90.0,368.0,2261549.0,162.72
Lesotho,LSO,2022,84.0,3.0,2286112.0,1.31
Lesotho,LSO,2023,76.0,17.0,2311476.0,7.35
Lesotho,LSO,2024,90.0,2.0,2311476.0,0.87
Liberia,LBR,1980,,6567.0,1929260.0,3403.9
Liberia,LBR,1981,,7810.0,1986864.0,3930.82
Liberia,LBR,1982,,6873.0,2045076.0,3360.76
Liberia,LBR,1983,,4835.0,2107114.0,2294.61
Liberia,LBR,1984,,6151.0,2173314.0,2830.24
Liberia,LBR,1985,,2686.0,2240549.0,1198.81
Liberia,LBR,1986,,836.0,2308516.0,362.14
Liberia,LBR,1987,,2178.0,2377233.0,916.19
Liberia,LBR,1988,,2556.0,2446942.0,1044.57
Liberia,LBR,1989,,1866.0,2517864.0,741.1
Liberia,LBR,1992,,5776.0,2072466.0,2787.02
Liberia,LBR,1993,,6398.0,2155135.0,2968.72
Liberia,LBR,1994,,571.0,2149929.0,265.59
Liberia,LBR,1995,,56.0,2169167.0,25.82
Liberia,LBR,1996,,1938.0,2232286.0,868.17
Liberia,LBR,1997,,2961.0,2412995.0,1227.11
Liberia,LBR,1998,,1436.0,2670128.0,537.8
Liberia,LBR,1999,69.0,1679.0,2821689.0,595.03
Liberia,LBR,2000,63.0,5977.0,2928117.0,2041.24
Liberia,LBR,2001,58.0,1379.0,3015343.0,457.33
Liberia,LBR,2002,52.0,131.0,3094793.0,42.33
Liberia,LBR,2003,47.0,142.0,3119534.0,45.52
Liberia,LBR,2004,41.0,4.0,3156893.0,1.27
Liberia,LBR,2005,62.0,8.0,3301016.0,2.42
Liberia,LBR,2006,63.0,20.0,3490792.0,5.73
Liberia,LBR,2007,71.0,1.0,3669050.0,0.27
Liberia,LBR,2008,76.0,1.0,3821006.0,0.26
Liberia,LBR,2009,83.0,6.0,3943035.0,1.52
Liberia,LBR,2010,65.0,2200.0,4058897.0,542.02
Liberia,LBR,2011,71.0,279.0,4221177.0,66.1
Liberia,LBR,2012,80.0,43.0,4373046.0,9.83
Liberia,LBR,2013,74.0,0.0,4470246.0,0.0
Liberia,LBR,2014,58.0,34.0,4564299.0,7.45
Liberia,LBR,2015,64.0,1060.0,4659436.0,227.5
Liberia,LBR,2016,70.0,789.0,4755607.0,165.91
Liberia,LBR,2017,75.0,960.0,4848927.0,197.98
Liberia,LBR,2018,74.0,3781.0,4944728.0,764.65
Liberia,LBR,2019,68.0,1203.0,5043719.0,238.51
Liberia,LBR,2020,61.0,884.0,5149470.0,171.67
Liberia,LBR,2021,58.0,250.0,5259327.0,47.53
Liberia,LBR,2022,79.0,8300.0,5373297.0,1544.68
Liberia,LBR,2023,82.0,4604.0,5493035.0,838.15
Liberia,LBR,2024,82.0,1053.0,5493035.0,191.7
Libya,LBY,1980,61.0,1547.0,3424375.0,451.76
Libya,LBY,1981,66.0,1570.0,3621488.0,433.52
Libya,LBY,1982,65.0,928.0,3724772.0,249.14
Libya,LBY,1983,71.0,996.0,3718966.0,267.82
Libya,LBY,1984,76.0,2526.0,3773639.0,669.38
Libya,LBY,1985,75.0,4193.0,3898746.0,1075.47
Libya,LBY,1986,78.0,851.0,4017403.0,211.83
Libya,LBY,1987,75.0,401.0,4129743.0,97.1
Libya,LBY,1988,76.0,316.0,4237757.0,74.57
Libya,LBY,1989,79.0,207.0,4342927.0,47.66
Libya,LBY,1990,89.0,931.0,4445243.0,209.44
Libya,LBY,1991,87.0,1695.0,4544404.0,372.99
Libya,LBY,1992,88.0,3691.0,4640360.0,795.41
Libya,LBY,1993,91.0,733.0,4733053.0,154.87
Libya,LBY,1994,92.0,1127.0,4822039.0,233.72
Libya,LBY,1995,92.0,,4906851.0,
Libya,LBY,1996,93.0,,4987402.0,
Libya,LBY,1997,91.0,26.0,5064642.0,5.13
Libya,LBY,1998,92.0,50.0,5140711.0,9.73
Libya,LBY,1999,92.0,,5218039.0,
Libya,LBY,2000,93.0,,5305020.0,
Libya,LBY,2001,93.0,633.0,5403639.0,117.14
Libya,LBY,2002,91.0,3890.0,5508412.0,706.19
Libya,LBY,2003,96.0,,5619405.0,
Libya,LBY,2004,99.0,2771.0,5736696.0,483.03
Libya,LBY,2005,97.0,292.0,5858793.0,49.84
Libya,LBY,2006,98.0,1.0,5980212.0,0.17
Libya,LBY,2007,98.0,59.0,6104381.0,9.67
Libya,LBY,2008,98.0,8.0,6235433.0,1.28
Libya,LBY,2009,98.0,329.0,6366689.0,51.68
Libya,LBY,2010,98.0,,6497837.0,
Libya,LBY,2011,98.0,,6343210.0,
Libya,LBY,2012,98.0,320.0,6179327.0,51.79
Libya,LBY,2013,96.0,,6304636.0,
Libya,LBY,2014,93.0,372.0,6427260.0,57.88
Libya,LBY,2015,98.0,82.0,6531825.0,12.55
Libya,LBY,2016,97.0,32.0,6632130.0,4.82
Libya,LBY,2017,95.0,8.0,6738771.0,1.19
Libya,LBY,2018,73.0,1082.0,6849058.0,157.98
Libya,LBY,2019,73.0,188.0,6951040.0,27.05
Libya,LBY,2020,73.0,,7045403.0,
Libya,LBY,2021,73.0,,7135179.0,
Libya,LBY,2022,73.0,32.0,7223804.0,4.43
Libya,LBY,2023,73.0,257.0,7305659.0,35.18
Libya,LBY,2024,89.0,207.0,7305659.0,28.33
Lithuania,LTU,1991,,143.0,3701408.0,38.63
Lithuania,LTU,1992,89.0,200.0,3697552.0,54.09
Lithuania,LTU,1993,92.0,249.0,3680201.0,67.66
Lithuania,LTU,1994,93.0,286.0,3654893.0,78.25
Lithuania,LTU,1995,94.0,188.0,3627038.0,51.83
Lithuania,LTU,1996,96.0,35.0,3599721.0,9.72
Lithuania,LTU,1997,96.0,30.0,3573418.0,8.4
Lithuania,LTU,1998,97.0,18.0,3547768.0,5.07
Lithuania,LTU,1999,97.0,23.0,3522905.0,6.53
Lithuania,LTU,2000,97.0,19.0,3500410.0,5.43
Lithuania,LTU,2001,97.0,7.0,3473008.0,2.02
Lithuania,LTU,2002,98.0,103.0,3444051.0,29.91
Lithuania,LTU,2003,98.0,1.0,3415276.0,0.29
Lithuania,LTU,2004,98.0,1.0,3376703.0,0.3
Lithuania,LTU,2005,97.0,1.0,3322264.0,0.3
Lithuania,LTU,2006,97.0,1.0,3269809.0,0.31
Lithuania,LTU,2007,97.0,0.0,3231378.0,0.0
Lithuania,LTU,2008,97.0,1.0,3198482.0,0.31
Lithuania,LTU,2009,96.0,0.0,3163255.0,0.0
Lithuania,LTU,2010,96.0,2.0,3097721.0,0.65
Lithuania,LTU,2011,94.0,7.0,3028642.0,2.31
Lithuania,LTU,2012,93.0,0.0,2988334.0,0.0
Lithuania,LTU,2013,93.0,35.0,2958359.0,11.83
Lithuania,LTU,2014,93.0,11.0,2933171.0,3.75
Lithuania,LTU,2015,94.0,50.0,2905771.0,17.21
Lithuania,LTU,2016,94.0,22.0,2869109.0,7.67
Lithuania,LTU,2017,94.0,2.0,2829317.0,0.71
Lithuania,LTU,2018,92.0,30.0,2802485.0,10.7
Lithuania,LTU,2019,93.0,834.0,2795057.0,298.38
Lithuania,LTU,2020,90.0,2.0,2795766.0,0.72
Lithuania,LTU,2021,88.0,0.0,2794490.0,0.0
Lithuania,LTU,2022,87.0,0.0,2816923.0,0.0
Lithuania,LTU,2023,87.0,3.0,2854104.0,1.05
Lithuania,LTU,2024,86.0,30.0,2854104.0,10.51
Low-income countries,OWID_LIC,1980,8.0,,226723539.0,
Low-income countries,OWID_LIC,1981,15.0,,231201169.0,
Low-income countries,OWID_LIC,1982,18.0,,236787467.0,
Low-income countries,OWID_LIC,1983,19.0,,243197076.0,
Low-income countries,OWID_LIC,1984,20.0,,249764062.0,
Low-income countries,OWID_LIC,1985,25.0,,256472922.0,
Low-income countries,OWID_LIC,1986,32.0,,263230599.0,
Low-income countries,OWID_LIC,1987,35.0,,270279297.0,
Low-income countries,OWID_LIC,1988,43.0,,277539287.0,
Low-income countries,OWID_LIC,1989,52.0,,285123979.0,
Low-income countries,OWID_LIC,1990,54.0,,292663595.0,
Low-income countries,OWID_LIC,1991,49.0,,300360059.0,
Low-income countries,OWID_LIC,1992,48.0,,309369865.0,
Low-income countries,OWID_LIC,1993,50.0,,319277771.0,
Low-income countries,OWID_LIC,1994,48.0,,328801392.0,
Low-income countries,OWID_LIC,1995,49.0,,338406194.0,
Low-income countries,OWID_LIC,1996,47.0,,348513467.0,
Low-income countries,OWID_LIC,1997,45.0,,358535391.0,
Low-income countries,OWID_LIC,1998,45.0,,368772687.0,
Low-income countries,OWID_LIC,1999,49.0,,379366090.0,
Low-income countries,OWID_LIC,2000,51.0,,389723485.0,
Low-income countries,OWID_LIC,2001,54.0,,400384099.0,
Low-income countries,OWID_LIC,2002,56.0,,412284807.0,
Low-income countries,OWID_LIC,2003,61.0,,424679097.0,
Low-income countries,OWID_LIC,2004,65.0,,436967699.0,
Low-income countries,OWID_LIC,2005,67.0,,449724246.0,
Low-income countries,OWID_LIC,2006,69.0,,463303557.0,
Low-income countries,OWID_LIC,2007,70.0,,477111736.0,
Low-income countries,OWID_LIC,2008,70.0,,490973774.0,
Low-income countries,OWID_LIC,2009,72.0,,505164159.0,
Low-income countries,OWID_LIC,2010,74.0,,519647365.0,
Low-income countries,OWID_LIC,2011,73.0,,534392915.0,
Low-income countries,OWID_LIC,2012,73.0,,549004721.0,
Low-income countries,OWID_LIC,2013,73.0,,563040135.0,
Low-income countries,OWID_LIC,2014,73.0,,577051647.0,
Low-income countries,OWID_LIC,2015,72.0,,591583770.0,
Low-income countries,OWID_LIC,2016,71.0,,607210136.0,
Low-income countries,OWID_LIC,2017,72.0,,623824285.0,
Low-income countries,OWID_LIC,2018,72.0,,641385698.0,
Low-income countries,OWID_LIC,2019,72.0,,659875267.0,
Low-income countries,OWID_LIC,2020,70.0,,678679145.0,
Low-income countries,OWID_LIC,2021,67.0,,697273071.0,
Low-income countries,OWID_LIC,2022,67.0,,715844683.0,
Low-income countries,OWID_LIC,2023,65.0,,735385966.0,
Low-income countries,OWID_LIC,2024,66.0,,735385966.0,
Lower-middle-income countries,OWID_LMC,1980,3.0,,1333878754.0,
Lower-middle-income countries,OWID_LMC,1981,4.0,,1369121632.0,
Lower-middle-income countries,OWID_LMC,1982,5.0,,1404778309.0,
Lower-middle-income countries,OWID_LMC,1983,8.0,,1441034781.0,
Lower-middle-income countries,OWID_LMC,1984,12.0,,1477907041.0,
Lower-middle-income countries,OWID_LMC,1985,17.0,,1515552078.0,
Lower-middle-income countries,OWID_LMC,1986,25.0,,1553815501.0,
Lower-middle-income countries,OWID_LMC,1987,34.0,,1592569215.0,
Lower-middle-income countries,OWID_LMC,1988,42.0,,1631722258.0,
Lower-middle-income countries,OWID_LMC,1989,53.0,,1671269097.0,
Lower-middle-income countries,OWID_LMC,1990,61.0,,1711864220.0,
Lower-middle-income countries,OWID_LMC,1991,55.0,,1752608523.0,
Lower-middle-income countries,OWID_LMC,1992,59.0,,1793067376.0,
Lower-middle-income countries,OWID_LMC,1993,63.0,,1833937911.0,
Lower-middle-income countries,OWID_LMC,1994,67.0,,1874934474.0,
Lower-middle-income countries,OWID_LMC,1995,69.0,,1916258972.0,
Lower-middle-income countries,OWID_LMC,1996,66.0,,1957849353.0,
Lower-middle-income countries,OWID_LMC,1997,62.0,,1999733954.0,
Lower-middle-income countries,OWID_LMC,1998,61.0,,2042077792.0,
Lower-middle-income countries,OWID_LMC,1999,62.0,,2084331968.0,
Lower-middle-income countries,OWID_LMC,2000,62.0,,2126916405.0,
Lower-middle-income countries,OWID_LMC,2001,63.0,,2169845903.0,
Lower-middle-income countries,OWID_LMC,2002,63.0,,2211922405.0,
Lower-middle-income countries,OWID_LMC,2003,66.0,,2253565571.0,
Lower-middle-income countries,OWID_LMC,2004,69.0,,2295613093.0,
Lower-middle-income countries,OWID_LMC,2005,71.0,,2337232229.0,
Lower-middle-income countries,OWID_LMC,2006,71.0,,2379086325.0,
Lower-middle-income countries,OWID_LMC,2007,72.0,,2421832593.0,
Lower-middle-income countries,OWID_LMC,2008,74.0,,2464297892.0,
Lower-middle-income countries,OWID_LMC,2009,78.0,,2507036280.0,
Lower-middle-income countries,OWID_LMC,2010,79.0,,2550520230.0,
Lower-middle-income countries,OWID_LMC,2011,79.0,,2594096178.0,
Lower-middle-income countries,OWID_LMC,2012,78.0,,2637381315.0,
Lower-middle-income countries,OWID_LMC,2013,79.0,,2680848784.0,
Lower-middle-income countries,OWID_LMC,2014,80.0,,2724066420.0,
Lower-middle-income countries,OWID_LMC,2015,81.0,,2765984952.0,
Lower-middle-income countries,OWID_LMC,2016,82.0,,2807490854.0,
Lower-middle-income countries,OWID_LMC,2017,83.0,,2848767185.0,
Lower-middle-income countries,OWID_LMC,2018,85.0,,2889324239.0,
Lower-middle-income countries,OWID_LMC,2019,86.0,,2929401303.0,
Lower-middle-income countries,OWID_LMC,2020,83.0,,2969245757.0,
Lower-middle-income countries,OWID_LMC,2021,81.0,,3007019418.0,
Lower-middle-income countries,OWID_LMC,2022,84.0,,3044254723.0,
Lower-middle-income countries,OWID_LMC,2023,84.0,,3083154885.0,
Lower-middle-income countries,OWID_LMC,2024,86.0,,3083154885.0,
Luxembourg,LUX,1980,,63.0,363711.0,173.21
Luxembourg,LUX,1981,,214.0,364487.0,587.13
Luxembourg,LUX,1982,,243.0,365061.0,665.64
Luxembourg,LUX,1983,39.0,21.0,365495.0,57.46
Luxembourg,LUX,1984,49.0,35.0,365904.0,95.65
Luxembourg,LUX,1985,58.0,62.0,366665.0,169.09
Luxembourg,LUX,1986,68.0,27.0,368409.0,73.29
Luxembourg,LUX,1987,77.0,153.0,370789.0,412.63
Luxembourg,LUX,1988,71.0,18.0,373789.0,48.16
Luxembourg,LUX,1989,80.0,12.0,377384.0,31.8
Luxembourg,LUX,1990,80.0,16.0,381707.0,41.92
Luxembourg,LUX,1991,80.0,1.0,386819.0,2.59
Luxembourg,LUX,1992,80.0,48.0,391972.0,122.46
Luxembourg,LUX,1993,83.0,4.0,397210.0,10.07
Luxembourg,LUX,1994,86.0,1.0,402597.0,2.48
Luxembourg,LUX,1995,88.0,1.0,408237.0,2.45
Luxembourg,LUX,1996,91.0,25.0,413779.0,60.42
Luxembourg,LUX,1997,91.0,1.0,418970.0,2.39
Luxembourg,LUX,1998,92.0,,424158.0,
Luxembourg,LUX,1999,92.0,,429909.0,
Luxembourg,LUX,2000,93.0,0.0,436142.0,0.0
Luxembourg,LUX,2001,94.0,,441754.0,
Luxembourg,LUX,2002,94.0,,446392.0,
Luxembourg,LUX,2003,95.0,1.0,451845.0,2.21
Luxembourg,LUX,2004,95.0,0.0,458305.0,0.0
Luxembourg,LUX,2005,95.0,,465369.0,
Luxembourg,LUX,2006,95.0,8.0,472869.0,16.92
Luxembourg,LUX,2007,96.0,0.0,480277.0,0.0
Luxembourg,LUX,2008,96.0,1.0,488995.0,2.05
Luxembourg,LUX,2009,96.0,0.0,498196.0,0.0
Luxembourg,LUX,2010,96.0,0.0,507418.0,0.0
Luxembourg,LUX,2011,96.0,6.0,518583.0,11.57
Luxembourg,LUX,2012,99.0,2.0,530951.0,3.77
Luxembourg,LUX,2013,99.0,0.0,543358.0,0.0
Luxembourg,LUX,2014,99.0,,556285.0,
Luxembourg,LUX,2015,99.0,0.0,569540.0,0.0
Luxembourg,LUX,2016,99.0,0.0,583511.0,0.0
Luxembourg,LUX,2017,99.0,4.0,596506.0,6.71
Luxembourg,LUX,2018,99.0,4.0,608109.0,6.58
Luxembourg,LUX,2019,96.0,24.0,620167.0,38.7
Luxembourg,LUX,2020,99.0,0.0,630597.0,0.0
Luxembourg,LUX,2021,99.0,0.0,640276.0,0.0
Luxembourg,LUX,2022,99.0,0.0,653315.0,0.0
Luxembourg,LUX,2023,99.0,0.0,665101.0,0.0
Luxembourg,LUX,2024,99.0,3.0,665101.0,4.51
Macao,MAC,1980,,73.0,246108.0,296.62
Macao,MAC,1981,,9.0,252516.0,35.64
Macao,MAC,1982,,0.0,261054.0,0.0
Macao,MAC,1983,,231.0,270519.0,853.91
Macao,MAC,1984,,110.0,280560.0,392.07
Macao,MAC,1985,,265.0,291288.0,909.75
Macao,MAC,1986,,104.0,302680.0,343.6
Macao,MAC,1987,,0.0,314630.0,0.0
Macao,MAC,1988,,642.0,326912.0,1963.83
Macao,MAC,1989,,4.0,339223.0,11.79
Macao,MAC,1990,,19.0,351123.0,54.11
Macao,MAC,1991,,1.0,362275.0,2.76
Macao,MAC,1992,,35.0,372256.0,94.02
Macao,MAC,1993,,21.0,381331.0,55.07
Macao,MAC,1994,,52.0,390126.0,133.29
Macao,MAC,1995,,3.0,398703.0,7.52
Macao,MAC,1997,,3.0,415074.0,7.23
Macao,MAC,1998,,0.0,422816.0,0.0
Macao,MAC,1999,,1.0,430253.0,2.32
Macao,MAC,2000,,5.0,437316.0,11.43
Macao,MAC,2001,,3.0,445121.0,6.74
Macao,MAC,2003,,3.0,469062.0,6.4
Macao,MAC,2004,,0.0,482209.0,0.0
Macao,MAC,2005,,0.0,495416.0,0.0
Macao,MAC,2007,,0.0,522281.0,0.0
Macao,MAC,2008,,4.0,535935.0,7.46
Macao,MAC,2009,,0.0,549492.0,0.0
Macao,MAC,2011,,1.0,575644.0,1.74
Macao,MAC,2012,,1.0,587450.0,1.7
Macao,MAC,2013,,1.0,598752.0,1.67
Macao,MAC,2015,,0.0,622185.0,0.0
Macao,MAC,2016,,0.0,634317.0,0.0
Macao,MAC,2017,,2.0,646558.0,3.09
Macao,MAC,2018,,3.0,658777.0,4.55
Macao,MAC,2019,,37.0,670982.0,55.14
Macao,MAC,2020,,0.0,683069.0,0.0
Macao,MAC,2021,,0.0,694404.0,0.0
Macao,MAC,2022,,0.0,704360.0,0.0
Macao,MAC,2023,,0.0,713916.0,0.0
Macao,MAC,2024,,0.0,713916.0,0.0
Madagascar,MDG,1980,,119679.0,9006039.0,13288.75
Madagascar,MDG,1981,,140653.0,9279017.0,15158.18
Madagascar,MDG,1982,,84494.0,9557679.0,8840.43
Madagascar,MDG,1983,,101925.0,9843046.0,10355.03
Madagascar,MDG,1984,1.0,66894.0,10134559.0,6600.58
Madagascar,MDG,1985,6.0,69884.0,10433143.0,6698.27
Madagascar,MDG,1986,18.0,21546.0,10736862.0,2006.73
Madagascar,MDG,1987,28.0,10841.0,11047297.0,981.33
Madagascar,MDG,1988,36.0,17069.0,11369458.0,1501.3
Madagascar,MDG,1989,44.0,29654.0,11705002.0,2533.45
Madagascar,MDG,1990,47.0,14459.0,12055649.0,1199.35
Madagascar,MDG,1991,54.0,5824.0,12421413.0,468.87
Madagascar,MDG,1992,54.0,1846.0,12800870.0,144.21
Madagascar,MDG,1993,54.0,6060.0,13197353.0,459.18
Madagascar,MDG,1994,63.0,14164.0,13613859.0,1040.41
Madagascar,MDG,1995,55.0,11731.0,14051279.0,834.87
Madagascar,MDG,1996,46.0,5961.0,14510712.0,410.8
Madagascar,MDG,1997,46.0,13865.0,14990818.0,924.9
Madagascar,MDG,1998,51.0,15510.0,15489364.0,1001.33
Madagascar,MDG,1999,55.0,35196.0,16000506.0,2199.68
Madagascar,MDG,2000,57.0,35256.0,16516336.0,2134.61
Madagascar,MDG,2001,59.0,9357.0,17032933.0,549.35
Madagascar,MDG,2002,61.0,10795.0,17549915.0,615.1
Madagascar,MDG,2003,65.0,62233.0,18071860.0,3443.64
Madagascar,MDG,2004,79.0,35558.0,18606606.0,1911.04
Madagascar,MDG,2005,74.0,,19159711.0,
Madagascar,MDG,2006,71.0,2.0,19730916.0,0.1
Madagascar,MDG,2007,81.0,0.0,20318590.0,0.0
Madagascar,MDG,2008,70.0,3.0,20923842.0,0.14
Madagascar,MDG,2009,63.0,0.0,21547277.0,0.0
Madagascar,MDG,2010,66.0,1.0,22183343.0,0.05
Madagascar,MDG,2011,62.0,0.0,22822305.0,0.0
Madagascar,MDG,2012,63.0,2.0,23462444.0,0.09
Madagascar,MDG,2013,64.0,6.0,24109290.0,0.25
Madagascar,MDG,2014,66.0,3.0,24764356.0,0.12
Madagascar,MDG,2015,60.0,3.0,25426703.0,0.12
Madagascar,MDG,2016,62.0,5.0,26099950.0,0.19
Madagascar,MDG,2017,55.0,11.0,26788379.0,0.41
Madagascar,MDG,2018,68.0,21420.0,27494930.0,779.05
Madagascar,MDG,2019,60.0,213231.0,28219559.0,7556.14
Madagascar,MDG,2020,55.0,777.0,28953560.0,26.84
Madagascar,MDG,2021,43.0,44.0,29691087.0,1.48
Madagascar,MDG,2022,44.0,80.0,30437261.0,2.63
Madagascar,MDG,2023,51.0,355.0,31195937.0,11.38
Madagascar,MDG,2024,46.0,104.0,31195937.0,3.33
Malawi,MWI,1980,49.0,162686.0,6265529.0,25965.25
Malawi,MWI,1981,64.0,84610.0,6516460.0,12984.04
Malawi,MWI,1982,64.0,104921.0,6778885.0,15477.62
Malawi,MWI,1983,58.0,150248.0,7051707.0,21306.61
Malawi,MWI,1984,50.0,80766.0,7332811.0,11014.33
Malawi,MWI,1985,49.0,126581.0,7620509.0,16610.57
Malawi,MWI,1986,60.0,105682.0,7906485.0,13366.5
Malawi,MWI,1987,79.0,114061.0,8293173.0,13753.6
Malawi,MWI,1988,82.0,81100.0,8753265.0,9265.11
Malawi,MWI,1989,84.0,93100.0,9176223.0,10145.79
Malawi,MWI,1990,81.0,,9545860.0,
Malawi,MWI,1991,85.0,5730.0,9844228.0,582.07
Malawi,MWI,1992,91.0,32177.0,10135082.0,3174.81
Malawi,MWI,1993,87.0,3614.0,10284027.0,351.42
Malawi,MWI,1994,83.0,2164.0,10164899.0,212.89
Malawi,MWI,1995,90.0,4218.0,10150122.0,415.56
Malawi,MWI,1996,90.0,9120.0,10352227.0,880.97
Malawi,MWI,1997,87.0,10845.0,10562035.0,1026.79
Malawi,MWI,1998,90.0,3591.0,10792877.0,332.72
Malawi,MWI,1999,82.0,152.0,11047812.0,13.76
Malawi,MWI,2000,73.0,304.0,11315947.0,26.86
Malawi,MWI,2001,81.0,150.0,11593057.0,12.94
Malawi,MWI,2002,69.0,92.0,11880443.0,7.74
Malawi,MWI,2003,77.0,167.0,12181575.0,13.71
Malawi,MWI,2004,80.0,1116.0,12500736.0,89.27
Malawi,MWI,2005,82.0,184.0,12840034.0,14.33
Malawi,MWI,2006,85.0,1.0,13198699.0,0.08
Malawi,MWI,2007,83.0,143.0,13576344.0,10.53
Malawi,MWI,2008,88.0,20.0,13976415.0,1.43
Malawi,MWI,2009,92.0,21.0,14395788.0,1.46
Malawi,MWI,2010,93.0,118712.0,14826466.0,8006.76
Malawi,MWI,2011,96.0,26.0,15265026.0,1.7
Malawi,MWI,2012,90.0,11.0,15709577.0,0.7
Malawi,MWI,2013,88.0,1.0,16161816.0,0.06
Malawi,MWI,2014,85.0,3.0,16621534.0,0.18
Malawi,MWI,2015,87.0,0.0,17085587.0,0.0
Malawi,MWI,2016,81.0,0.0,17557741.0,0.0
Malawi,MWI,2017,83.0,4.0,18039714.0,0.22
Malawi,MWI,2018,87.0,1.0,18528086.0,0.05
Malawi,MWI,2019,92.0,17.0,19025748.0,0.89
Malawi,MWI,2020,90.0,76.0,19533885.0,3.89
Malawi,MWI,2021,90.0,5.0,20047264.0,0.25
Malawi,MWI,2022,82.0,29.0,20568731.0,1.41
Malawi,MWI,2023,87.0,173.0,21104480.0,8.2
Malawi,MWI,2024,89.0,958.0,21104480.0,45.39
Malaysia,MYS,1980,,8727.0,12983365.0,672.17
Malaysia,MYS,1981,,5690.0,13399206.0,424.65
Malaysia,MYS,1982,,9268.0,13832796.0,670.0
Malaysia,MYS,1983,11.0,9313.0,14285914.0,651.9
Malaysia,MYS,1984,23.0,8147.0,14759013.0,552.0
Malaysia,MYS,1985,20.0,5163.0,15252262.0,338.51
Malaysia,MYS,1986,35.0,4699.0,15760425.0,298.15
Malaysia,MYS,1987,68.0,5429.0,16276735.0,333.54
Malaysia,MYS,1988,61.0,2304.0,16796612.0,137.17
Malaysia,MYS,1989,61.0,1027.0,17315003.0,59.31
Malaysia,MYS,1990,70.0,563.0,17833179.0,31.57
Malaysia,MYS,1991,80.0,275.0,18342474.0,14.99
Malaysia,MYS,1992,82.0,363.0,18834569.0,19.27
Malaysia,MYS,1993,81.0,542.0,19322667.0,28.05
Malaysia,MYS,1994,95.0,346.0,19820446.0,17.46
Malaysia,MYS,1995,97.0,654.0,20330602.0,32.17
Malaysia,MYS,1996,97.0,460.0,20850085.0,22.06
Malaysia,MYS,1997,98.0,627.0,21375225.0,29.33
Malaysia,MYS,1998,96.0,483.0,21906713.0,22.05
Malaysia,MYS,1999,97.0,2576.0,22435532.0,114.82
Malaysia,MYS,2000,96.0,6187.0,22967817.0,269.38
Malaysia,MYS,2001,95.0,2198.0,23526535.0,93.43
Malaysia,MYS,2002,94.0,408.0,24102477.0,16.93
Malaysia,MYS,2003,93.0,632.0,24679604.0,25.61
Malaysia,MYS,2004,95.0,5729.0,25256773.0,226.83
Malaysia,MYS,2005,96.0,1407.0,25836075.0,54.46
Malaysia,MYS,2006,95.0,564.0,26417909.0,21.35
Malaysia,MYS,2007,95.0,394.0,26998383.0,14.59
Malaysia,MYS,2008,95.0,334.0,27570052.0,12.11
Malaysia,MYS,2009,95.0,153.0,28124779.0,5.44
Malaysia,MYS,2010,95.0,73.0,28655772.0,2.55
Malaysia,MYS,2011,95.0,1569.0,29162034.0,53.8
Malaysia,MYS,2012,95.0,1868.0,29662835.0,62.97
Malaysia,MYS,2013,95.0,195.0,30174269.0,6.46
Malaysia,MYS,2014,92.0,221.0,30696133.0,7.2
Malaysia,MYS,2015,93.0,1318.0,31232796.0,42.2
Malaysia,MYS,2016,96.0,1569.0,31789692.0,49.36
Malaysia,MYS,2017,96.0,1709.0,32355642.0,52.82
Malaysia,MYS,2018,98.0,1981.0,32910963.0,60.19
Malaysia,MYS,2019,97.0,1077.0,33440590.0,32.21
Malaysia,MYS,2020,95.0,478.0,33889554.0,14.1
Malaysia,MYS,2021,96.0,128.0,34282404.0,3.73
Malaysia,MYS,2022,96.0,209.0,34695494.0,6.02
Malaysia,MYS,2023,96.0,2002.0,35126295.0,56.99
Malaysia,MYS,2024,96.0,3791.0,35126295.0,107.92
Maldives,MDV,1980,,,164844.0,
Maldives,MDV,1981,39.0,1479.0,169544.0,8723.4
Maldives,MDV,1982,34.0,0.0,174341.0,0.0
Maldives,MDV,1983,37.0,0.0,179141.0,0.0
Maldives,MDV,1984,40.0,0.0,184212.0,0.0
Maldives,MDV,1985,47.0,2029.0,190182.0,10668.73
Maldives,MDV,1986,50.0,0.0,196949.0,0.0
Maldives,MDV,1987,41.0,0.0,203961.0,0.0
Maldives,MDV,1988,83.0,0.0,210899.0,0.0
Maldives,MDV,1989,88.0,0.0,217749.0,0.0
Maldives,MDV,1990,96.0,0.0,224772.0,0.0
Maldives,MDV,1991,97.0,0.0,231810.0,0.0
Maldives,MDV,1992,98.0,0.0,238559.0,0.0
Maldives,MDV,1993,86.0,61.0,244893.0,249.09
Maldives,MDV,1994,97.0,706.0,250831.0,2814.64
Maldives,MDV,1995,96.0,3070.0,256660.0,11961.35
Maldives,MDV,1996,95.0,0.0,262354.0,0.0
Maldives,MDV,1997,96.0,,267711.0,
Maldives,MDV,1998,98.0,0.0,272734.0,0.0
Maldives,MDV,1999,97.0,,277423.0,
Maldives,MDV,2000,99.0,20.0,282025.0,70.92
Maldives,MDV,2001,98.0,0.0,286778.0,0.0
Maldives,MDV,2002,97.0,926.0,291631.0,3175.25
Maldives,MDV,2003,96.0,75.0,296497.0,252.95
Maldives,MDV,2004,97.0,37.0,301416.0,122.75
Maldives,MDV,2005,97.0,1395.0,306429.0,4552.44
Maldives,MDV,2006,97.0,47.0,313866.0,149.75
Maldives,MDV,2007,97.0,20.0,324489.0,61.64
Maldives,MDV,2008,97.0,0.0,336178.0,0.0
Maldives,MDV,2009,98.0,6.0,348282.0,17.23
Maldives,MDV,2010,97.0,0.0,360802.0,0.0
Maldives,MDV,2011,96.0,0.0,373683.0,0.0
Maldives,MDV,2012,98.0,0.0,386821.0,0.0
Maldives,MDV,2013,99.0,0.0,400077.0,0.0
Maldives,MDV,2014,99.0,0.0,413623.0,0.0
Maldives,MDV,2015,99.0,0.0,428165.0,0.0
Maldives,MDV,2016,99.0,0.0,443316.0,0.0
Maldives,MDV,2017,99.0,1.0,458297.0,2.18
Maldives,MDV,2018,99.0,1.0,473106.0,2.11
Maldives,MDV,2019,99.0,0.0,487737.0,0.0
Maldives,MDV,2020,98.0,15.0,502127.0,29.87
Maldives,MDV,2021,97.0,0.0,516163.0,0.0
Maldives,MDV,2022,98.0,0.0,524116.0,0.0
Maldives,MDV,2023,99.0,5.0,526009.0,9.51
Maldives,MDV,2024,99.0,2.0,526009.0,3.8
Mali,MLI,1980,,10007.0,7530522.0,1328.86
Mali,MLI,1981,,8413.0,7692763.0,1093.63
Mali,MLI,1982,,16432.0,7860196.0,2090.53
Mali,MLI,1983,,8759.0,8034400.0,1090.19
Mali,MLI,1984,,4494.0,8208599.0,547.47
Mali,MLI,1985,19.0,29732.0,8374661.0,3550.23
Mali,MLI,1986,27.0,4669.0,8531272.0,547.28
Mali,MLI,1987,11.0,4352.0,8681167.0,501.32
Mali,MLI,1988,23.0,4478.0,8834001.0,506.91
Mali,MLI,1989,40.0,3605.0,8999935.0,400.56
Mali,MLI,1990,43.0,1388.0,9178826.0,151.22
Mali,MLI,1991,42.0,13473.0,9362885.0,1438.98
Mali,MLI,1992,35.0,7830.0,9553540.0,819.59
Mali,MLI,1993,51.0,10595.0,9754786.0,1086.13
Mali,MLI,1994,46.0,3420.0,9967035.0,343.13
Mali,MLI,1995,52.0,3306.0,10185368.0,324.58
Mali,MLI,1996,57.0,10995.0,10407274.0,1056.47
Mali,MLI,1997,56.0,3531.0,10646499.0,331.66
Mali,MLI,1998,54.0,10240.0,10919577.0,937.77
Mali,MLI,1999,51.0,2506.0,11227420.0,223.2
Mali,MLI,2000,49.0,1578.0,11559291.0,136.51
Mali,MLI,2001,54.0,4464.0,11912162.0,374.74
Mali,MLI,2002,56.0,717.0,12288051.0,58.35
Mali,MLI,2003,57.0,232.0,12684951.0,18.29
Mali,MLI,2004,63.0,172.0,13102415.0,13.13
Mali,MLI,2005,73.0,33.0,13538648.0,2.44
Mali,MLI,2006,68.0,128.0,13990143.0,9.15
Mali,MLI,2007,66.0,2.0,14457776.0,0.14
Mali,MLI,2008,71.0,98.0,14940786.0,6.56
Mali,MLI,2009,73.0,2939.0,15435536.0,190.4
Mali,MLI,2010,78.0,1719.0,15945201.0,107.81
Mali,MLI,2011,72.0,24.0,16469054.0,1.46
Mali,MLI,2012,67.0,341.0,16957039.0,20.11
Mali,MLI,2013,62.0,221.0,17459619.0,12.66
Mali,MLI,2014,65.0,290.0,18020267.0,16.09
Mali,MLI,2015,67.0,215.0,18593022.0,11.56
Mali,MLI,2016,70.0,107.0,19191298.0,5.58
Mali,MLI,2017,70.0,26.0,19813016.0,1.31
Mali,MLI,2018,71.0,499.0,20442031.0,24.41
Mali,MLI,2019,71.0,454.0,21068405.0,21.55
Mali,MLI,2020,62.0,498.0,21713837.0,22.93
Mali,MLI,2021,72.0,2074.0,22388637.0,92.64
Mali,MLI,2022,69.0,765.0,23072641.0,33.16
Mali,MLI,2023,68.0,364.0,23769130.0,15.31
Mali,MLI,2024,72.0,366.0,23769130.0,15.4
Malta,MLT,1980,,14.0,342882.0,40.83
Malta,MLT,1981,,121.0,344754.0,350.97
Malta,MLT,1982,,1530.0,346653.0,4413.64
Malta,MLT,1983,,620.0,348598.0,1778.55
Malta,MLT,1984,10.0,58.0,350555.0,165.45
Malta,MLT,1985,10.0,175.0,352567.0,496.36
Malta,MLT,1986,35.0,1844.0,355082.0,5193.17
Malta,MLT,1987,59.0,46.0,358089.0,128.46
Malta,MLT,1988,41.0,17.0,361226.0,47.06
Malta,MLT,1989,86.0,17.0,364530.0,46.64
Malta,MLT,1990,80.0,6.0,367913.0,16.31
Malta,MLT,1991,90.0,8.0,371335.0,21.54
Malta,MLT,1992,92.0,43.0,374805.0,114.73
Malta,MLT,1993,90.0,3.0,378222.0,7.93
Malta,MLT,1994,71.0,8.0,381467.0,20.97
Malta,MLT,1995,51.0,27.0,384559.0,70.21
Malta,MLT,1996,51.0,16.0,387627.0,41.28
Malta,MLT,1997,56.0,5.0,390687.0,12.8
Malta,MLT,1998,60.0,3.0,393782.0,7.62
Malta,MLT,1999,67.0,1.0,396897.0,2.52
Malta,MLT,2000,74.0,2.0,399905.0,5.0
Malta,MLT,2001,70.0,2.0,402788.0,4.97
Malta,MLT,2002,65.0,7.0,405571.0,17.26
Malta,MLT,2003,90.0,4.0,408236.0,9.8
Malta,MLT,2004,94.0,4.0,410800.0,9.74
Malta,MLT,2005,86.0,6.0,413324.0,14.52
Malta,MLT,2006,94.0,1.0,415463.0,2.41
Malta,MLT,2007,79.0,2.0,417201.0,4.79
Malta,MLT,2008,78.0,1.0,418969.0,2.39
Malta,MLT,2009,82.0,1.0,420800.0,2.38
Malta,MLT,2010,73.0,0.0,422654.0,0.0
Malta,MLT,2011,84.0,3.0,424635.0,7.06
Malta,MLT,2012,93.0,,426616.0,
Malta,MLT,2013,99.0,,428457.0,
Malta,MLT,2014,98.0,0.0,434494.0,0.0
Malta,MLT,2015,89.0,2.0,444978.0,4.49
Malta,MLT,2016,93.0,0.0,455276.0,0.0
Malta,MLT,2017,91.0,0.0,467902.0,0.0
Malta,MLT,2018,96.0,6.0,484560.0,12.38
Malta,MLT,2019,96.0,30.0,504017.0,59.52
Malta,MLT,2020,95.0,2.0,518212.0,3.86
Malta,MLT,2021,90.0,1.0,524383.0,1.91
Malta,MLT,2022,96.0,0.0,528194.0,0.0
Malta,MLT,2023,95.0,0.0,532964.0,0.0
Malta,MLT,2024,88.0,10.0,532964.0,18.76
Marshall Islands,MHL,1980,,0.0,30793.0,0.0
Marshall Islands,MHL,1981,,0.0,32040.0,0.0
Marshall Islands,MHL,1982,,0.0,33418.0,0.0
Marshall Islands,MHL,1983,,0.0,34832.0,0.0
Marshall Islands,MHL,1984,,0.0,36282.0,0.0
Marshall Islands,MHL,1985,,4.0,37779.0,105.88
Marshall Islands,MHL,1986,,1.0,39307.0,25.44
Marshall Islands,MHL,1987,31.0,0.0,40846.0,0.0
Marshall Islands,MHL,1988,25.0,,42338.0,
Marshall Islands,MHL,1989,39.0,13.0,43611.0,298.09
Marshall Islands,MHL,1990,52.0,14.0,44648.0,313.56
Marshall Islands,MHL,1991,74.0,19.0,45587.0,416.79
Marshall Islands,MHL,1992,86.0,10.0,46406.0,215.49
Marshall Islands,MHL,1993,36.0,9.0,47112.0,191.03
Marshall Islands,MHL,1994,59.0,0.0,47731.0,0.0
Marshall Islands,MHL,1995,57.0,,48283.0,
Marshall Islands,MHL,1996,69.0,0.0,48795.0,0.0
Marshall Islands,MHL,1997,52.0,0.0,49277.0,0.0
Marshall Islands,MHL,1998,93.0,0.0,49732.0,0.0
Marshall Islands,MHL,1999,93.0,0.0,50221.0,0.0
Marshall Islands,MHL,2000,94.0,0.0,50721.0,0.0
Marshall Islands,MHL,2001,64.0,0.0,51137.0,0.0
Marshall Islands,MHL,2002,80.0,0.0,51441.0,0.0
Marshall Islands,MHL,2003,90.0,1127.0,51657.0,21816.99
Marshall Islands,MHL,2004,70.0,0.0,51803.0,0.0
Marshall Islands,MHL,2005,86.0,0.0,51928.0,0.0
Marshall Islands,MHL,2006,96.0,0.0,52011.0,0.0
Marshall Islands,MHL,2007,94.0,0.0,52050.0,0.0
Marshall Islands,MHL,2008,86.0,,52049.0,
Marshall Islands,MHL,2009,78.0,0.0,52036.0,0.0
Marshall Islands,MHL,2010,97.0,0.0,52064.0,0.0
Marshall Islands,MHL,2011,88.0,0.0,51927.0,0.0
Marshall Islands,MHL,2012,78.0,0.0,51438.0,0.0
Marshall Islands,MHL,2013,79.0,,50696.0,
Marshall Islands,MHL,2014,79.0,,49815.0,
Marshall Islands,MHL,2015,75.0,,48823.0,
Marshall Islands,MHL,2016,75.0,,47730.0,
Marshall Islands,MHL,2017,83.0,,46544.0,
Marshall Islands,MHL,2018,83.0,,45307.0,
Marshall Islands,MHL,2019,85.0,,44030.0,
Marshall Islands,MHL,2020,89.0,,42728.0,
Marshall Islands,MHL,2021,85.0,0.0,41387.0,0.0
Marshall Islands,MHL,2022,81.0,,40094.0,
Marshall Islands,MHL,2023,88.0,0.0,38849.0,0.0
Marshall Islands,MHL,2024,88.0,0.0,38849.0,0.0
Mauritania,MRT,1980,,11441.0,1474046.0,7761.63
Mauritania,MRT,1981,45.0,8658.0,1516883.0,5707.76
Mauritania,MRT,1982,44.0,6743.0,1561183.0,4319.16
Mauritania,MRT,1983,43.0,15710.0,1606748.0,9777.51
Mauritania,MRT,1984,42.0,11203.0,1653696.0,6774.52
Mauritania,MRT,1985,41.0,15123.0,1702110.0,8884.85
Mauritania,MRT,1986,40.0,5318.0,1751843.0,3035.66
Mauritania,MRT,1987,27.0,2323.0,1803016.0,1288.4
Mauritania,MRT,1988,45.0,434.0,1855862.0,233.85
Mauritania,MRT,1989,42.0,5032.0,1903059.0,2644.16
Mauritania,MRT,1990,38.0,1379.0,1951881.0,706.5
Mauritania,MRT,1991,32.0,4601.0,2009739.0,2289.35
Mauritania,MRT,1992,43.0,4990.0,2088143.0,2389.68
Mauritania,MRT,1993,49.0,5754.0,2174333.0,2646.33
Mauritania,MRT,1994,53.0,2668.0,2249462.0,1186.06
Mauritania,MRT,1995,67.0,195.0,2312027.0,84.34
Mauritania,MRT,1996,66.0,,2358193.0,
Mauritania,MRT,1997,64.0,499.0,2411316.0,206.94
Mauritania,MRT,1998,63.0,1303.0,2474650.0,526.54
Mauritania,MRT,1999,62.0,5263.0,2541700.0,2070.66
Mauritania,MRT,2000,46.0,,2613450.0,
Mauritania,MRT,2001,58.0,1398.0,2678766.0,521.88
Mauritania,MRT,2002,87.0,883.0,2738659.0,322.42
Mauritania,MRT,2003,84.0,3611.0,2802050.0,1288.7
Mauritania,MRT,2004,73.0,5039.0,2868671.0,1756.56
Mauritania,MRT,2005,65.0,127.0,2939060.0,43.21
Mauritania,MRT,2006,62.0,22.0,3013659.0,7.3
Mauritania,MRT,2007,67.0,11.0,3093065.0,3.56
Mauritania,MRT,2008,65.0,4.0,3183276.0,1.26
Mauritania,MRT,2009,59.0,322.0,3284454.0,98.04
Mauritania,MRT,2010,67.0,1292.0,3390968.0,381.01
Mauritania,MRT,2011,67.0,234.0,3502813.0,66.8
Mauritania,MRT,2012,75.0,35.0,3619035.0,9.67
Mauritania,MRT,2013,80.0,62.0,3734324.0,16.6
Mauritania,MRT,2014,75.0,14.0,3848511.0,3.64
Mauritania,MRT,2015,70.0,1.0,3965959.0,0.25
Mauritania,MRT,2016,73.0,13.0,4086655.0,3.18
Mauritania,MRT,2017,75.0,63.0,4210603.0,14.96
Mauritania,MRT,2018,78.0,77.0,4337685.0,17.75
Mauritania,MRT,2019,75.0,196.0,4467714.0,43.87
Mauritania,MRT,2020,82.0,0.0,4600136.0,0.0
Mauritania,MRT,2021,75.0,249.0,4734874.0,52.59
Mauritania,MRT,2022,84.0,96.0,4875644.0,19.69
Mauritania,MRT,2023,92.0,339.0,5022442.0,67.5
Mauritania,MRT,2024,93.0,1107.0,5022442.0,220.41
Mauritius,MUS,1980,,35.0,954221.0,36.68
Mauritius,MUS,1981,,0.0,969222.0,0.0
Mauritius,MUS,1982,34.0,4.0,983609.0,4.07
Mauritius,MUS,1983,53.0,0.0,997375.0,0.0
Mauritius,MUS,1984,55.0,6.0,1011247.0,5.93
Mauritius,MUS,1985,67.0,2.0,1025066.0,1.95
Mauritius,MUS,1986,71.0,5.0,1038348.0,4.82
Mauritius,MUS,1987,69.0,0.0,1051115.0,0.0
Mauritius,MUS,1988,73.0,2.0,1063596.0,1.88
Mauritius,MUS,1989,80.0,0.0,1075985.0,0.0
Mauritius,MUS,1990,76.0,1.0,1089033.0,0.92
Mauritius,MUS,1991,88.0,0.0,1103050.0,0.0
Mauritius,MUS,1992,84.0,7.0,1117676.0,6.26
Mauritius,MUS,1993,84.0,88.0,1132397.0,77.71
Mauritius,MUS,1994,85.0,10.0,1146559.0,8.72
Mauritius,MUS,1995,89.0,6.0,1159824.0,5.17
Mauritius,MUS,1996,61.0,0.0,1172390.0,0.0
Mauritius,MUS,1997,87.0,0.0,1184304.0,0.0
Mauritius,MUS,1998,85.0,,1195111.0,
Mauritius,MUS,1999,80.0,0.0,1205903.0,0.0
Mauritius,MUS,2000,84.0,0.0,1216632.0,0.0
Mauritius,MUS,2001,90.0,0.0,1225807.0,0.0
Mauritius,MUS,2002,84.0,,1234090.0,
Mauritius,MUS,2003,91.0,777.0,1242094.0,625.56
Mauritius,MUS,2004,98.0,28.0,1249799.0,22.4
Mauritius,MUS,2005,98.0,7.0,1257215.0,5.57
Mauritius,MUS,2006,99.0,3.0,1263785.0,2.37
Mauritius,MUS,2007,98.0,13.0,1269522.0,10.24
Mauritius,MUS,2008,98.0,12.0,1274635.0,9.41
Mauritius,MUS,2009,99.0,15.0,1278976.0,11.73
Mauritius,MUS,2010,99.0,12.0,1282710.0,9.36
Mauritius,MUS,2011,99.0,2.0,1286270.0,1.55
Mauritius,MUS,2012,99.0,0.0,1289174.0,0.0
Mauritius,MUS,2013,99.0,0.0,1290988.0,0.0
Mauritius,MUS,2014,98.0,0.0,1292006.0,0.0
Mauritius,MUS,2015,99.0,,1292283.0,
Mauritius,MUS,2016,92.0,0.0,1291807.0,0.0
Mauritius,MUS,2017,89.0,0.0,1290654.0,0.0
Mauritius,MUS,2018,99.0,,1288836.0,
Mauritius,MUS,2019,99.0,98.0,1286269.0,76.19
Mauritius,MUS,2020,98.0,,1283231.0,
Mauritius,MUS,2021,97.0,0.0,1279628.0,0.0
Mauritius,MUS,2022,98.0,0.0,1276134.0,0.0
Mauritius,MUS,2023,96.0,0.0,1273591.0,0.0
Mauritius,MUS,2024,98.0,0.0,1273591.0,0.0
Mexico,MEX,1980,35.0,29730.0,67300338.0,441.75
Mexico,MEX,1981,33.0,11136.0,68892107.0,161.64
Mexico,MEX,1982,37.0,6364.0,70433258.0,90.36
Mexico,MEX,1983,23.0,3368.0,71971238.0,46.8
Mexico,MEX,1984,21.0,5158.0,73506848.0,70.17
Mexico,MEX,1985,64.0,23826.0,75043415.0,317.5
Mexico,MEX,1986,60.0,9824.0,76585638.0,128.27
Mexico,MEX,1987,54.0,2776.0,78136652.0,35.53
Mexico,MEX,1988,70.0,3915.0,79695526.0,49.12
Mexico,MEX,1989,85.0,20381.0,81247174.0,250.85
Mexico,MEX,1990,75.0,68782.0,82820170.0,830.5
Mexico,MEX,1991,89.0,5077.0,84430565.0,60.13
Mexico,MEX,1992,88.0,533.0,86044806.0,6.19
Mexico,MEX,1993,79.0,172.0,87653817.0,1.96
Mexico,MEX,1994,90.0,128.0,89259202.0,1.43
Mexico,MEX,1995,90.0,244.0,90862449.0,2.69
Mexico,MEX,1996,93.0,2.0,92452700.0,0.02
Mexico,MEX,1997,91.0,0.0,94021204.0,0.0
Mexico,MEX,1998,96.0,0.0,95575242.0,0.0
Mexico,MEX,1999,94.0,0.0,97115710.0,0.0
Mexico,MEX,2000,96.0,30.0,98625553.0,0.3
Mexico,MEX,2001,95.0,3.0,100099101.0,0.03
Mexico,MEX,2002,96.0,0.0,101548627.0,0.0
Mexico,MEX,2003,96.0,44.0,102978517.0,0.43
Mexico,MEX,2004,96.0,64.0,104394131.0,0.61
Mexico,MEX,2005,96.0,6.0,105811504.0,0.06
Mexico,MEX,2006,96.0,23.0,107253666.0,0.21
Mexico,MEX,2007,96.0,0.0,108774356.0,0.0
Mexico,MEX,2008,96.0,0.0,110374286.0,0.0
Mexico,MEX,2009,96.0,0.0,111999720.0,0.0
Mexico,MEX,2010,95.0,0.0,113623898.0,0.0
Mexico,MEX,2011,98.0,3.0,115243503.0,0.03
Mexico,MEX,2012,99.0,0.0,116818208.0,0.0
Mexico,MEX,2013,89.0,0.0,118343572.0,0.0
Mexico,MEX,2014,98.0,3.0,119784265.0,0.03
Mexico,MEX,2015,98.0,0.0,121072310.0,0.0
Mexico,MEX,2016,97.0,0.0,122251344.0,0.0
Mexico,MEX,2017,76.0,0.0,123400052.0,0.0
Mexico,MEX,2018,97.0,5.0,124573713.0,0.04
Mexico,MEX,2019,73.0,0.0,125762978.0,0.0
Mexico,MEX,2020,92.0,196.0,126799053.0,1.55
Mexico,MEX,2021,99.0,0.0,127648151.0,0.0
Mexico,MEX,2022,86.0,0.0,128613116.0,0.0
Mexico,MEX,2023,76.0,0.0,129739761.0,0.0
Mexico,MEX,2024,80.0,7.0,129739761.0,0.05
Micronesia (country),FSM,1987,69.0,1.0,94860.0,10.54
Micronesia (country),FSM,1988,84.0,0.0,97110.0,0.0
Micronesia (country),FSM,1989,94.0,0.0,99018.0,0.0
Micronesia (country),FSM,1990,81.0,1.0,100904.0,9.91
Micronesia (country),FSM,1991,76.0,0.0,102764.0,0.0
Micronesia (country),FSM,1992,78.0,41.0,104823.0,391.14
Micronesia (country),FSM,1993,80.0,0.0,107082.0,0.0
Micronesia (country),FSM,1994,83.0,930.0,109090.0,8525.07
Micronesia (country),FSM,1995,90.0,0.0,110244.0,0.0
Micronesia (country),FSM,1996,82.0,,110723.0,
Micronesia (country),FSM,1997,74.0,0.0,111088.0,0.0
Micronesia (country),FSM,1998,82.0,0.0,111394.0,0.0
Micronesia (country),FSM,1999,79.0,0.0,111693.0,0.0
Micronesia (country),FSM,2000,85.0,0.0,112067.0,0.0
Micronesia (country),FSM,2001,84.0,0.0,112378.0,0.0
Micronesia (country),FSM,2002,88.0,,112464.0,
Micronesia (country),FSM,2003,91.0,0.0,112298.0,0.0
Micronesia (country),FSM,2004,85.0,0.0,111939.0,0.0
Micronesia (country),FSM,2005,96.0,0.0,111420.0,0.0
Micronesia (country),FSM,2006,83.0,0.0,110739.0,0.0
Micronesia (country),FSM,2007,92.0,0.0,109896.0,0.0
Micronesia (country),FSM,2008,86.0,,108947.0,
Micronesia (country),FSM,2009,86.0,0.0,107968.0,0.0
Micronesia (country),FSM,2010,80.0,,107559.0,
Micronesia (country),FSM,2011,92.0,0.0,107712.0,0.0
Micronesia (country),FSM,2012,91.0,0.0,107908.0,0.0
Micronesia (country),FSM,2013,91.0,0.0,108133.0,0.0
Micronesia (country),FSM,2014,83.0,140.0,108407.0,1291.43
Micronesia (country),FSM,2015,74.0,0.0,108727.0,0.0
Micronesia (country),FSM,2016,70.0,0.0,109088.0,0.0
Micronesia (country),FSM,2017,76.0,0.0,109495.0,0.0
Micronesia (country),FSM,2018,73.0,0.0,109925.0,0.0
Micronesia (country),FSM,2019,78.0,0.0,110293.0,0.0
Micronesia (country),FSM,2020,79.0,,110930.0,
Micronesia (country),FSM,2021,64.0,,111635.0,
Micronesia (country),FSM,2022,69.0,1.0,112122.0,8.92
Micronesia (country),FSM,2023,86.0,1.0,112646.0,8.88
Micronesia (country),FSM,2024,81.0,,112646.0,
Middle East and North Africa (UNICEF),,1980,20.0,,,
Middle East and North Africa (UNICEF),,1981,23.0,,,
Middle East and North Africa (UNICEF),,1982,29.0,,,
Middle East and North Africa (UNICEF),,1983,28.0,,,
Middle East and North Africa (UNICEF),,1984,32.0,,,
Middle East and North Africa (UNICEF),,1985,54.0,,,
Middle East and North Africa (UNICEF),,1986,57.0,,,
Middle East and North Africa (UNICEF),,1987,60.0,,,
Middle East and North Africa (UNICEF),,1988,74.0,,,
Middle East and North Africa (UNICEF),,1989,78.0,,,
Middle East and North Africa (UNICEF),,1990,79.0,,,
Middle East and North Africa (UNICEF),,1991,79.0,,,
Middle East and North Africa (UNICEF),,1992,79.0,,,
Middle East and North Africa (UNICEF),,1993,79.0,,,
Middle East and North Africa (UNICEF),,1994,78.0,,,
Middle East and North Africa (UNICEF),,1995,79.0,,,
Middle East and North Africa (UNICEF),,1996,83.0,,,
Middle East and North Africa (UNICEF),,1997,82.0,,,
Middle East and North Africa (UNICEF),,1998,84.0,,,
Middle East and North Africa (UNICEF),,1999,84.0,,,
Middle East and North Africa (UNICEF),,2000,85.0,,,
Middle East and North Africa (UNICEF),,2001,85.0,,,
Middle East and North Africa (UNICEF),,2002,84.0,,,
Middle East and North Africa (UNICEF),,2003,84.0,,,
Middle East and North Africa (UNICEF),,2004,85.0,,,
Middle East and North Africa (UNICEF),,2005,86.0,,,
Middle East and North Africa (UNICEF),,2006,86.0,,,
Middle East and North Africa (UNICEF),,2007,87.0,,,
Middle East and North Africa (UNICEF),,2008,87.0,,,
Middle East and North Africa (UNICEF),,2009,89.0,,,
Middle East and North Africa (UNICEF),,2010,91.0,,,
Middle East and North Africa (UNICEF),,2011,90.0,,,
Middle East and North Africa (UNICEF),,2012,88.0,,,
Middle East and North Africa (UNICEF),,2013,89.0,,,
Middle East and North Africa (UNICEF),,2014,88.0,,,
Middle East and North Africa (UNICEF),,2015,88.0,,,
Middle East and North Africa (UNICEF),,2016,90.0,,,
Middle East and North Africa (UNICEF),,2017,89.0,,,
Middle East and North Africa (UNICEF),,2018,87.0,,,
Middle East and North Africa (UNICEF),,2019,87.0,,,
Middle East and North Africa (UNICEF),,2020,86.0,,,
Middle East and North Africa (UNICEF),,2021,85.0,,,
Middle East and North Africa (UNICEF),,2022,85.0,,,
Middle East and North Africa (UNICEF),,2023,83.0,,,
Middle East and North Africa (UNICEF),,2024,81.0,,,
Middle-income countries,,1980,7.0,,,
Middle-income countries,,1981,9.0,,,
Middle-income countries,,1982,10.0,,,
Middle-income countries,,1983,30.0,,,
Middle-income countries,,1984,35.0,,,
Middle-income countries,,1985,42.0,,,
Middle-income countries,,1986,42.0,,,
Middle-income countries,,1987,51.0,,,
Middle-income countries,,1988,61.0,,,
Middle-income countries,,1989,67.0,,,
Middle-income countries,,1990,74.0,,,
Middle-income countries,,1991,68.0,,,
Middle-income countries,,1992,69.0,,,
Middle-income countries,,1993,70.0,,,
Middle-income countries,,1994,72.0,,,
Middle-income countries,,1995,74.0,,,
Middle-income countries,,1996,74.0,,,
Middle-income countries,,1997,71.0,,,
Middle-income countries,,1998,71.0,,,
Middle-income countries,,1999,72.0,,,
Middle-income countries,,2000,72.0,,,
Middle-income countries,,2001,72.0,,,
Middle-income countries,,2002,72.0,,,
Middle-income countries,,2003,73.0,,,
Middle-income countries,,2004,75.0,,,
Middle-income countries,,2005,77.0,,,
Middle-income countries,,2006,79.0,,,
Middle-income countries,,2007,79.0,,,
Middle-income countries,,2008,81.0,,,
Middle-income countries,,2009,84.0,,,
Middle-income countries,,2010,84.0,,,
Middle-income countries,,2011,85.0,,,
Middle-income countries,,2012,85.0,,,
Middle-income countries,,2013,85.0,,,
Middle-income countries,,2014,85.0,,,
Middle-income countries,,2015,86.0,,,
Middle-income countries,,2016,87.0,,,
Middle-income countries,,2017,87.0,,,
Middle-income countries,,2018,88.0,,,
Middle-income countries,,2019,88.0,,,
Middle-income countries,,2020,86.0,,,
Middle-income countries,,2021,84.0,,,
Middle-income countries,,2022,86.0,,,
Middle-income countries,,2023,86.0,,,
Middle-income countries,,2024,87.0,,,
Moldova,MDA,1990,,3242.0,4451150.0,728.35
Moldova,MDA,1991,,621.0,4456609.0,139.34
Moldova,MDA,1992,73.0,322.0,4455714.0,72.27
Moldova,MDA,1993,64.0,866.0,4448241.0,194.68
Moldova,MDA,1994,85.0,3951.0,4434457.0,890.98
Moldova,MDA,1995,91.0,1174.0,4414216.0,265.96
Moldova,MDA,1996,90.0,344.0,4387653.0,78.4
Moldova,MDA,1997,95.0,364.0,4355537.0,83.57
Moldova,MDA,1998,93.0,673.0,4318713.0,155.83
Moldova,MDA,1999,93.0,245.0,4278220.0,57.27
Moldova,MDA,2000,89.0,687.0,4234969.0,162.22
Moldova,MDA,2001,94.0,457.0,4189769.0,109.08
Moldova,MDA,2002,94.0,4929.0,4142937.0,1189.74
Moldova,MDA,2003,96.0,87.0,4095418.0,21.24
Moldova,MDA,2004,96.0,4.0,4046672.0,0.99
Moldova,MDA,2005,97.0,6.0,3988668.0,1.5
Moldova,MDA,2006,96.0,34.0,3921320.0,8.67
Moldova,MDA,2007,96.0,10.0,3851397.0,2.6
Moldova,MDA,2008,95.0,0.0,3779503.0,0.0
Moldova,MDA,2009,90.0,0.0,3706212.0,0.0
Moldova,MDA,2010,97.0,0.0,3631990.0,0.0
Moldova,MDA,2011,91.0,0.0,3557278.0,0.0
Moldova,MDA,2012,91.0,11.0,3482629.0,3.16
Moldova,MDA,2013,91.0,27.0,3408741.0,7.92
Moldova,MDA,2014,90.0,2.0,3342715.0,0.6
Moldova,MDA,2015,89.0,0.0,3287168.0,0.0
Moldova,MDA,2016,88.0,0.0,3237798.0,0.0
Moldova,MDA,2017,93.0,0.0,3193500.0,0.0
Moldova,MDA,2018,93.0,340.0,3153779.0,107.81
Moldova,MDA,2019,97.0,90.0,3112561.0,28.92
Moldova,MDA,2020,84.0,,3069135.0,
Moldova,MDA,2021,83.0,0.0,3023780.0,0.0
Moldova,MDA,2022,84.0,,3039986.0,
Moldova,MDA,2023,85.0,3.0,3067072.0,0.98
Moldova,MDA,2024,84.0,216.0,3067072.0,70.43
Monaco,MCO,1981,,12.0,27318.0,439.27
Monaco,MCO,1982,,0.0,27584.0,0.0
Monaco,MCO,1983,,0.0,27985.0,0.0
Monaco,MCO,1984,,0.0,28380.0,0.0
Monaco,MCO,1985,,0.0,28756.0,0.0
Monaco,MCO,1986,,0.0,29119.0,0.0
Monaco,MCO,1987,,0.0,29470.0,0.0
Monaco,MCO,1988,99.0,0.0,29806.0,0.0
Monaco,MCO,1989,99.0,0.0,30108.0,0.0
Monaco,MCO,1990,99.0,0.0,30382.0,0.0
Monaco,MCO,1991,98.0,,30654.0,
Monaco,MCO,1992,98.0,160.0,30909.0,5176.49
Monaco,MCO,1993,99.0,,31165.0,
Monaco,MCO,1994,99.0,,31398.0,
Monaco,MCO,1995,99.0,,31636.0,
Monaco,MCO,1996,99.0,,31859.0,
Monaco,MCO,1997,99.0,,32090.0,
Monaco,MCO,1998,99.0,0.0,32289.0,0.0
Monaco,MCO,1999,99.0,,32435.0,
Monaco,MCO,2000,98.0,,32477.0,
Monaco,MCO,2001,98.0,,32466.0,
Monaco,MCO,2002,97.0,,32441.0,
Monaco,MCO,2003,97.0,0.0,32396.0,0.0
Monaco,MCO,2004,96.0,,32329.0,
Monaco,MCO,2005,96.0,,32235.0,
Monaco,MCO,2006,94.0,,32083.0,
Monaco,MCO,2007,95.0,,31859.0,
Monaco,MCO,2008,94.0,,31862.0,
Monaco,MCO,2009,92.0,,32390.0,
Monaco,MCO,2010,93.0,,33188.0,
Monaco,MCO,2011,91.0,,33968.0,
Monaco,MCO,2012,91.0,5.0,34738.0,143.93
Monaco,MCO,2013,91.0,,35476.0,
Monaco,MCO,2014,90.0,,36155.0,
Monaco,MCO,2015,89.0,,36785.0,
Monaco,MCO,2016,89.0,,37301.0,
Monaco,MCO,2017,88.0,1.0,37700.0,26.53
Monaco,MCO,2018,88.0,0.0,38179.0,0.0
Monaco,MCO,2019,88.0,1.0,38131.0,26.23
Monaco,MCO,2020,88.0,,38074.0,
Monaco,MCO,2021,88.0,0.0,38548.0,0.0
Monaco,MCO,2022,88.0,,38950.0,
Monaco,MCO,2023,88.0,0.0,38979.0,0.0
Monaco,MCO,2024,88.0,2.0,38979.0,51.31
Mongolia,MNG,1980,17.0,5338.0,1701341.0,3137.53
Mongolia,MNG,1981,12.0,695.0,1742856.0,398.77
Mongolia,MNG,1982,6.0,209.0,1785364.0,117.06
Mongolia,MNG,1983,1.0,1935.0,1829093.0,1057.9
Mongolia,MNG,1984,20.0,29738.0,1874355.0,15865.72
Mongolia,MNG,1985,18.0,525.0,1921519.0,273.22
Mongolia,MNG,1986,11.0,133.0,1970967.0,67.48
Mongolia,MNG,1987,61.0,378.0,2022803.0,186.87
Mongolia,MNG,1988,70.0,3044.0,2076326.0,1466.05
Mongolia,MNG,1989,86.0,2176.0,2124190.0,1024.39
Mongolia,MNG,1990,92.0,296.0,2164578.0,136.75
Mongolia,MNG,1991,82.0,656.0,2202772.0,297.81
Mongolia,MNG,1992,84.0,1069.0,2239130.0,477.42
Mongolia,MNG,1993,84.0,71.0,2273515.0,31.23
Mongolia,MNG,1994,80.0,177.0,2305743.0,76.76
Mongolia,MNG,1995,85.0,555.0,2335717.0,237.61
Mongolia,MNG,1996,89.0,128.0,2363469.0,54.16
Mongolia,MNG,1997,91.0,4.0,2389133.0,1.67
Mongolia,MNG,1998,93.0,8.0,2412793.0,3.32
Mongolia,MNG,1999,93.0,10.0,2434041.0,4.11
Mongolia,MNG,2000,92.0,925.0,2455182.0,376.75
Mongolia,MNG,2001,95.0,10677.0,2477704.0,4309.23
Mongolia,MNG,2002,98.0,1205.0,2500074.0,481.99
Mongolia,MNG,2003,98.0,18.0,2521809.0,7.14
Mongolia,MNG,2004,99.0,0.0,2542801.0,0.0
Mongolia,MNG,2005,97.0,0.0,2563466.0,0.0
Mongolia,MNG,2006,99.0,26.0,2584761.0,10.06
Mongolia,MNG,2007,98.0,12.0,2607976.0,4.6
Mongolia,MNG,2008,97.0,31.0,2634431.0,11.77
Mongolia,MNG,2009,94.0,8.0,2665333.0,3.0
Mongolia,MNG,2010,97.0,7.0,2701739.0,2.59
Mongolia,MNG,2011,98.0,0.0,2745183.0,0.0
Mongolia,MNG,2012,99.0,0.0,2795463.0,0.0
Mongolia,MNG,2013,97.0,0.0,2851887.0,0.0
Mongolia,MNG,2014,98.0,0.0,2913041.0,0.0
Mongolia,MNG,2015,98.0,20359.0,2976528.0,6839.85
Mongolia,MNG,2016,99.0,30273.0,3040815.0,9955.55
Mongolia,MNG,2017,99.0,9.0,3104371.0,2.9
Mongolia,MNG,2018,99.0,1.0,3167714.0,0.32
Mongolia,MNG,2019,98.0,2.0,3232118.0,0.62
Mongolia,MNG,2020,97.0,0.0,3290786.0,0.0
Mongolia,MNG,2021,95.0,,3339676.0,
Mongolia,MNG,2022,94.0,46.0,3386015.0,13.59
Mongolia,MNG,2023,96.0,0.0,3431938.0,0.0
Mongolia,MNG,2024,96.0,12.0,3431938.0,3.5
Montenegro,MNE,2006,90.0,0.0,633876.0,0.0
Montenegro,MNE,2007,90.0,0.0,633388.0,0.0
Montenegro,MNE,2008,89.0,0.0,632855.0,0.0
Montenegro,MNE,2009,86.0,0.0,632445.0,0.0
Montenegro,MNE,2010,90.0,5.0,632088.0,7.91
Montenegro,MNE,2011,91.0,5.0,632689.0,7.9
Montenegro,MNE,2012,90.0,0.0,633546.0,0.0
Montenegro,MNE,2013,88.0,0.0,633199.0,0.0
Montenegro,MNE,2014,76.0,,631377.0,
Montenegro,MNE,2015,64.0,,628145.0,
Montenegro,MNE,2016,47.0,0.0,624246.0,0.0
Montenegro,MNE,2017,58.0,0.0,620112.0,0.0
Montenegro,MNE,2018,42.0,200.0,615798.0,324.78
Montenegro,MNE,2019,37.0,0.0,611671.0,0.0
Montenegro,MNE,2020,24.0,0.0,607934.0,0.0
Montenegro,MNE,2021,18.0,0.0,603854.0,0.0
Montenegro,MNE,2022,33.0,0.0,614649.0,0.0
Montenegro,MNE,2023,24.0,0.0,633553.0,0.0
Montenegro,MNE,2024,23.0,35.0,633553.0,55.24
Montserrat,MSR,1980,,3.0,11364.0,263.99
Montserrat,MSR,1981,,5.0,11275.0,443.46
Montserrat,MSR,1982,,0.0,11200.0,0.0
Montserrat,MSR,1983,,0.0,11148.0,0.0
Montserrat,MSR,1984,,0.0,11078.0,0.0
Montserrat,MSR,1985,,0.0,11018.0,0.0
Montserrat,MSR,1986,,0.0,10967.0,0.0
Montserrat,MSR,1987,,0.0,10920.0,0.0
Montserrat,MSR,1988,,1.0,10872.0,91.98
Montserrat,MSR,1989,,1.0,10798.0,92.61
Montserrat,MSR,1990,,0.0,10700.0,0.0
Montserrat,MSR,1991,,0.0,10464.0,0.0
Montserrat,MSR,1992,,0.0,10013.0,0.0
Montserrat,MSR,1993,,0.0,9454.0,0.0
Montserrat,MSR,1994,,0.0,8867.0,0.0
Montserrat,MSR,1995,,0.0,8257.0,0.0
Montserrat,MSR,1996,,0.0,7626.0,0.0
Montserrat,MSR,1997,,0.0,6979.0,0.0
Montserrat,MSR,1998,,0.0,6321.0,0.0
Montserrat,MSR,1999,,0.0,5685.0,0.0
Montserrat,MSR,2001,,0.0,4616.0,0.0
Montserrat,MSR,2002,,0.0,4500.0,0.0
Montserrat,MSR,2017,,0.0,4624.0,0.0
Montserrat,MSR,2018,,0.0,4595.0,0.0
Montserrat,MSR,2019,,0.0,4564.0,0.0
Montserrat,MSR,2021,,0.0,4505.0,0.0
Montserrat,MSR,2022,,0.0,4476.0,0.0
Montserrat,MSR,2023,,0.0,4440.0,0.0
Montserrat,MSR,2024,,0.0,4440.0,0.0
Morocco,MAR,1980,,86919.0,19459942.0,4466.56
Morocco,MAR,1981,,109486.0,19985407.0,5478.3
Morocco,MAR,1982,17.0,53160.0,20520324.0,2590.6
Morocco,MAR,1983,35.0,80806.0,21060697.0,3836.82
Morocco,MAR,1984,42.0,11484.0,21593777.0,531.82
Morocco,MAR,1985,45.0,4216.0,22113953.0,190.65
Morocco,MAR,1986,58.0,15333.0,22600803.0,678.43
Morocco,MAR,1987,73.0,26621.0,23054390.0,1154.7
Morocco,MAR,1988,81.0,2306.0,23500528.0,98.13
Morocco,MAR,1989,82.0,1689.0,23939414.0,70.55
Morocco,MAR,1990,79.0,1577.0,24375558.0,64.7
Morocco,MAR,1991,80.0,2125.0,24799016.0,85.69
Morocco,MAR,1992,81.0,6008.0,25212469.0,238.29
Morocco,MAR,1993,83.0,8431.0,25614586.0,329.15
Morocco,MAR,1994,87.0,3512.0,26000824.0,135.07
Morocco,MAR,1995,88.0,2380.0,26399431.0,90.15
Morocco,MAR,1996,93.0,1324.0,26808109.0,49.39
Morocco,MAR,1997,92.0,2512.0,27213340.0,92.31
Morocco,MAR,1998,91.0,7863.0,27621638.0,284.67
Morocco,MAR,1999,90.0,10853.0,28027188.0,387.23
Morocco,MAR,2000,93.0,7368.0,28423439.0,259.22
Morocco,MAR,2001,96.0,2724.0,28814646.0,94.54
Morocco,MAR,2002,94.0,6000.0,29198146.0,205.49
Morocco,MAR,2003,90.0,10841.0,29571415.0,366.6
Morocco,MAR,2004,95.0,6399.0,29953021.0,213.63
Morocco,MAR,2005,97.0,,30358145.0,
Morocco,MAR,2006,95.0,1217.0,30771179.0,39.55
Morocco,MAR,2007,95.0,2248.0,31186468.0,72.08
Morocco,MAR,2008,96.0,1455.0,31606769.0,46.03
Morocco,MAR,2009,98.0,834.0,32030779.0,26.04
Morocco,MAR,2010,98.0,633.0,32467009.0,19.5
Morocco,MAR,2011,99.0,982.0,32912585.0,29.84
Morocco,MAR,2012,99.0,668.0,33355246.0,20.03
Morocco,MAR,2013,99.0,92.0,33787573.0,2.72
Morocco,MAR,2014,99.0,10.0,34204784.0,0.29
Morocco,MAR,2015,99.0,17.0,34607590.0,0.49
Morocco,MAR,2016,99.0,,35023459.0,
Morocco,MAR,2017,99.0,,35446395.0,
Morocco,MAR,2018,99.0,483.0,35839760.0,13.48
Morocco,MAR,2019,99.0,,36210907.0,
Morocco,MAR,2020,99.0,,36584208.0,
Morocco,MAR,2021,99.0,,36954443.0,
Morocco,MAR,2022,99.0,,37329068.0,
Morocco,MAR,2023,98.0,,37712516.0,
Morocco,MAR,2024,98.0,,37712516.0,
Mozambique,MOZ,1980,,30070.0,11336220.0,2652.56
Mozambique,MOZ,1981,32.0,16358.0,11568123.0,1414.06
Mozambique,MOZ,1982,58.0,11909.0,11824371.0,1007.16
Mozambique,MOZ,1983,51.0,11734.0,12073825.0,971.85
Mozambique,MOZ,1984,50.0,12508.0,12315953.0,1015.59
Mozambique,MOZ,1985,39.0,16507.0,12548951.0,1315.41
Mozambique,MOZ,1986,39.0,16109.0,12770581.0,1261.41
Mozambique,MOZ,1987,37.0,12749.0,12822573.0,994.26
Mozambique,MOZ,1988,44.0,12142.0,12800556.0,948.55
Mozambique,MOZ,1989,48.0,22832.0,12906842.0,1768.98
Mozambique,MOZ,1990,59.0,18082.0,13094535.0,1380.88
Mozambique,MOZ,1991,55.0,5059.0,13352091.0,378.89
Mozambique,MOZ,1992,56.0,3092.0,13613314.0,227.13
Mozambique,MOZ,1993,62.0,5799.0,14051203.0,412.7
Mozambique,MOZ,1994,65.0,9618.0,15033852.0,639.76
Mozambique,MOZ,1995,71.0,4166.0,15960530.0,261.02
Mozambique,MOZ,1996,58.0,9251.0,16492484.0,560.92
Mozambique,MOZ,1997,61.0,15324.0,16949988.0,904.07
Mozambique,MOZ,1998,64.0,15693.0,17340463.0,904.99
Mozambique,MOZ,1999,67.0,3936.0,17734499.0,221.94
Mozambique,MOZ,2000,71.0,7375.0,18129652.0,406.79
Mozambique,MOZ,2001,74.0,7085.0,18537735.0,382.19
Mozambique,MOZ,2002,77.0,7155.0,18958338.0,377.41
Mozambique,MOZ,2003,80.0,28898.0,19392477.0,1490.17
Mozambique,MOZ,2004,79.0,9396.0,19840312.0,473.58
Mozambique,MOZ,2005,78.0,12598.0,20304577.0,620.45
Mozambique,MOZ,2006,76.0,183.0,20787088.0,8.8
Mozambique,MOZ,2007,75.0,267.0,21287638.0,12.54
Mozambique,MOZ,2008,77.0,4.0,21819037.0,0.18
Mozambique,MOZ,2009,80.0,60.0,22391751.0,2.68
Mozambique,MOZ,2010,82.0,2321.0,22999234.0,100.92
Mozambique,MOZ,2011,82.0,177.0,23649045.0,7.48
Mozambique,MOZ,2012,83.0,145.0,24337849.0,5.96
Mozambique,MOZ,2013,83.0,8.0,25051613.0,0.32
Mozambique,MOZ,2014,83.0,9.0,25788473.0,0.35
Mozambique,MOZ,2015,83.0,79.0,26547576.0,2.98
Mozambique,MOZ,2016,83.0,,27337107.0,
Mozambique,MOZ,2017,83.0,122.0,28166397.0,4.33
Mozambique,MOZ,2018,83.0,16.0,29018647.0,0.55
Mozambique,MOZ,2019,83.0,63.0,29884378.0,2.11
Mozambique,MOZ,2020,73.0,426.0,30783685.0,13.84
Mozambique,MOZ,2021,62.0,619.0,31707798.0,19.52
Mozambique,MOZ,2022,63.0,1047.0,32656242.0,32.06
Mozambique,MOZ,2023,65.0,656.0,33635163.0,19.5
Mozambique,MOZ,2024,65.0,1237.0,33635163.0,36.78
Myanmar,MMR,1980,,21457.0,33227204.0,645.77
Myanmar,MMR,1981,,26821.0,33858786.0,792.14
Myanmar,MMR,1982,,25102.0,34482967.0,727.95
Myanmar,MMR,1983,,18919.0,35162714.0,538.04
Myanmar,MMR,1984,,16580.0,35899313.0,461.85
Myanmar,MMR,1985,,16386.0,36622832.0,447.43
Myanmar,MMR,1986,5.0,3830.0,37314882.0,102.64
Myanmar,MMR,1987,17.0,5540.0,37971601.0,145.9
Myanmar,MMR,1988,32.0,4323.0,38600928.0,111.99
Myanmar,MMR,1989,50.0,3883.0,39214624.0,99.02
Myanmar,MMR,1990,68.0,7900.0,39817253.0,198.41
Myanmar,MMR,1991,67.0,4437.0,40394159.0,109.84
Myanmar,MMR,1992,68.0,1794.0,40950342.0,43.81
Myanmar,MMR,1993,71.0,2682.0,41502423.0,64.62
Myanmar,MMR,1994,77.0,1855.0,42055150.0,44.11
Myanmar,MMR,1995,82.0,1170.0,42605343.0,27.46
Myanmar,MMR,1996,86.0,1684.0,43154858.0,39.02
Myanmar,MMR,1997,88.0,1035.0,43708802.0,23.68
Myanmar,MMR,1998,89.0,1465.0,44257793.0,33.1
Myanmar,MMR,1999,86.0,791.0,44787727.0,17.66
Myanmar,MMR,2000,84.0,845.0,45290850.0,18.66
Myanmar,MMR,2001,73.0,2519.0,45771140.0,55.03
Myanmar,MMR,2002,77.0,736.0,46232656.0,15.92
Myanmar,MMR,2003,80.0,830.0,46667191.0,17.79
Myanmar,MMR,2004,86.0,1329.0,47068779.0,28.24
Myanmar,MMR,2005,84.0,314.0,47438362.0,6.62
Myanmar,MMR,2006,78.0,760.0,47785141.0,15.9
Myanmar,MMR,2007,81.0,1088.0,48125047.0,22.61
Myanmar,MMR,2008,82.0,333.0,48390790.0,6.88
Myanmar,MMR,2009,87.0,329.0,48660458.0,6.76
Myanmar,MMR,2010,88.0,190.0,49024376.0,3.88
Myanmar,MMR,2011,88.0,2046.0,49419825.0,41.4
Myanmar,MMR,2012,84.0,2175.0,49837451.0,43.64
Myanmar,MMR,2013,86.0,1010.0,50262658.0,20.09
Myanmar,MMR,2014,88.0,122.0,50681635.0,2.41
Myanmar,MMR,2015,84.0,6.0,51089060.0,0.12
Myanmar,MMR,2016,91.0,266.0,51495701.0,5.17
Myanmar,MMR,2017,83.0,1293.0,51894939.0,24.92
Myanmar,MMR,2018,93.0,1389.0,52272250.0,26.57
Myanmar,MMR,2019,84.0,5252.0,52640718.0,99.77
Myanmar,MMR,2020,91.0,444.0,53016525.0,8.37
Myanmar,MMR,2021,44.0,8.0,53387103.0,0.15
Myanmar,MMR,2022,75.0,10.0,53756791.0,0.19
Myanmar,MMR,2023,73.0,15.0,54133800.0,0.28
Myanmar,MMR,2024,71.0,30.0,54133800.0,0.55
Namibia,NAM,1987,,16874.0,1167898.0,14448.18
Namibia,NAM,1988,,4482.0,1209700.0,3705.05
Namibia,NAM,1991,76.0,,1415689.0,
Namibia,NAM,1992,76.0,6874.0,1461324.0,4703.95
Namibia,NAM,1993,71.0,1328.0,1508698.0,880.23
Namibia,NAM,1994,70.0,133.0,1556315.0,85.46
Namibia,NAM,1995,68.0,1723.0,1602181.0,1075.41
Namibia,NAM,1996,61.0,4901.0,1646107.0,2977.33
Namibia,NAM,1997,59.0,5359.0,1689274.0,3172.37
Namibia,NAM,1998,64.0,495.0,1732747.0,285.67
Namibia,NAM,1999,65.0,296.0,1776371.0,166.63
Namibia,NAM,2000,69.0,469.0,1818650.0,257.88
Namibia,NAM,2001,58.0,416.0,1857059.0,224.01
Namibia,NAM,2002,68.0,1278.0,1889976.0,676.2
Namibia,NAM,2003,70.0,262.0,1917469.0,136.64
Namibia,NAM,2004,70.0,4.0,1942087.0,2.06
Namibia,NAM,2005,73.0,4.0,1966581.0,2.03
Namibia,NAM,2006,63.0,3.0,1991890.0,1.51
Namibia,NAM,2007,69.0,21.0,2018607.0,10.4
Namibia,NAM,2008,73.0,0.0,2047059.0,0.0
Namibia,NAM,2009,76.0,4076.0,2077400.0,1962.07
Namibia,NAM,2010,75.0,3138.0,2109815.0,1487.33
Namibia,NAM,2011,74.0,79.0,2146331.0,36.81
Namibia,NAM,2012,76.0,86.0,2194656.0,39.19
Namibia,NAM,2013,82.0,1028.0,2252505.0,456.38
Namibia,NAM,2014,83.0,477.0,2312143.0,206.3
Namibia,NAM,2015,85.0,212.0,2374305.0,89.29
Namibia,NAM,2016,75.0,40.0,2439219.0,16.4
Namibia,NAM,2017,80.0,16.0,2506854.0,6.38
Namibia,NAM,2018,82.0,9.0,2577327.0,3.49
Namibia,NAM,2019,80.0,12.0,2650499.0,4.53
Namibia,NAM,2020,90.0,5.0,2728760.0,1.83
Namibia,NAM,2021,91.0,4.0,2810552.0,1.42
Namibia,NAM,2022,89.0,31.0,2889668.0,10.73
Namibia,NAM,2023,86.0,42.0,2963102.0,14.17
Namibia,NAM,2024,79.0,15.0,2963102.0,5.06
Nauru,NRU,1980,,10.0,7670.0,1303.78
Nauru,NRU,1981,,0.0,7866.0,0.0
Nauru,NRU,1982,,1.0,8059.0,124.08
Nauru,NRU,1984,,,8398.0,
Nauru,NRU,1985,,,8573.0,
Nauru,NRU,1986,,1.0,8765.0,114.09
Nauru,NRU,1987,,0.0,8972.0,0.0
Nauru,NRU,1988,,,9183.0,
Nauru,NRU,1989,,0.0,9413.0,0.0
Nauru,NRU,1990,,300.0,9645.0,31104.2
Nauru,NRU,1991,,,9873.0,
Nauru,NRU,1992,,,10042.0,
Nauru,NRU,1993,,,10123.0,
Nauru,NRU,1994,,,10163.0,
Nauru,NRU,1995,,0.0,10187.0,0.0
Nauru,NRU,1996,,,10206.0,
Nauru,NRU,1997,99.0,58.0,10218.0,5676.26
Nauru,NRU,1998,90.0,,10220.0,
Nauru,NRU,1999,49.0,1.0,10207.0,97.97
Nauru,NRU,2000,8.0,0.0,10187.0,0.0
Nauru,NRU,2001,95.0,0.0,10147.0,0.0
Nauru,NRU,2002,40.0,0.0,10105.0,0.0
Nauru,NRU,2003,53.0,,10086.0,
Nauru,NRU,2004,67.0,0.0,10084.0,0.0
Nauru,NRU,2005,80.0,0.0,10071.0,0.0
Nauru,NRU,2006,99.0,0.0,10061.0,0.0
Nauru,NRU,2007,99.0,0.0,10042.0,0.0
Nauru,NRU,2008,99.0,0.0,10032.0,0.0
Nauru,NRU,2009,99.0,0.0,10041.0,0.0
Nauru,NRU,2010,99.0,,10067.0,
Nauru,NRU,2011,99.0,0.0,10116.0,0.0
Nauru,NRU,2012,96.0,11.0,10289.0,1069.1
Nauru,NRU,2013,97.0,,10539.0,
Nauru,NRU,2014,98.0,,10766.0,
Nauru,NRU,2015,98.0,,10975.0,
Nauru,NRU,2016,98.0,0.0,11173.0,0.0
Nauru,NRU,2017,95.0,,11351.0,
Nauru,NRU,2018,99.0,,11499.0,
Nauru,NRU,2019,95.0,0.0,11609.0,0.0
Nauru,NRU,2020,98.0,,11665.0,
Nauru,NRU,2021,98.0,,11727.0,
Nauru,NRU,2022,98.0,,11822.0,
Nauru,NRU,2023,98.0,,11900.0,
Nauru,NRU,2024,98.0,0.0,11900.0,0.0
Nepal,NPL,1980,,561.0,15553106.0,36.07
Nepal,NPL,1981,2.0,254.0,15922422.0,15.95
Nepal,NPL,1982,2.0,1268.0,16297996.0,77.8
Nepal,NPL,1983,11.0,1117.0,16689121.0,66.93
Nepal,NPL,1984,24.0,2042.0,17085243.0,119.52
Nepal,NPL,1985,34.0,952.0,17477694.0,54.47
Nepal,NPL,1986,37.0,68.0,17868128.0,3.81
Nepal,NPL,1987,37.0,190.0,18250512.0,10.41
Nepal,NPL,1988,58.0,193.0,18638660.0,10.35
Nepal,NPL,1989,57.0,171.0,19057811.0,8.97
Nepal,NPL,1990,57.0,182.0,19524579.0,9.32
Nepal,NPL,1991,57.0,93.0,20036507.0,4.64
Nepal,NPL,1992,58.0,136.0,20609708.0,6.6
Nepal,NPL,1993,58.0,59.0,21180158.0,2.79
Nepal,NPL,1994,58.0,1401.0,21717483.0,64.51
Nepal,NPL,1995,56.0,4810.0,22245443.0,216.22
Nepal,NPL,1996,65.0,7213.0,22741867.0,317.17
Nepal,NPL,1997,73.0,12677.0,23219458.0,545.96
Nepal,NPL,1998,67.0,5771.0,23680358.0,243.7
Nepal,NPL,1999,81.0,,24125201.0,
Nepal,NPL,2000,71.0,9397.0,24546509.0,382.82
Nepal,NPL,2001,71.0,10849.0,24946755.0,434.89
Nepal,NPL,2002,71.0,6749.0,25328989.0,266.45
Nepal,NPL,2003,75.0,13344.0,25688762.0,519.45
Nepal,NPL,2004,73.0,12074.0,26016652.0,464.09
Nepal,NPL,2005,74.0,5023.0,26309462.0,190.92
Nepal,NPL,2006,85.0,2838.0,26565430.0,106.83
Nepal,NPL,2007,81.0,1415.0,26788498.0,52.82
Nepal,NPL,2008,79.0,2089.0,26990036.0,77.4
Nepal,NPL,2009,90.0,189.0,27173035.0,6.96
Nepal,NPL,2010,86.0,190.0,27341955.0,6.95
Nepal,NPL,2011,88.0,2359.0,27464499.0,85.89
Nepal,NPL,2012,86.0,3362.0,27534916.0,122.1
Nepal,NPL,2013,88.0,1861.0,27589997.0,67.45
Nepal,NPL,2014,88.0,1279.0,27672373.0,46.22
Nepal,NPL,2015,85.0,1599.0,27823631.0,57.47
Nepal,NPL,2016,83.0,1269.0,27955471.0,45.39
Nepal,NPL,2017,90.0,99.0,28011258.0,3.53
Nepal,NPL,2018,91.0,260.0,28079688.0,9.26
Nepal,NPL,2019,92.0,430.0,28414066.0,15.13
Nepal,NPL,2020,87.0,388.0,28966580.0,13.39
Nepal,NPL,2021,90.0,143.0,29475016.0,4.85
Nepal,NPL,2022,90.0,130.0,29715435.0,4.37
Nepal,NPL,2023,93.0,963.0,29694614.0,32.43
Nepal,NPL,2024,97.0,113.0,29694614.0,3.81
Netherlands,NLD,1980,91.0,178.0,14162686.0,12.57
Netherlands,NLD,1981,91.0,77.0,14262691.0,5.4
Netherlands,NLD,1982,92.0,95.0,14333902.0,6.63
Netherlands,NLD,1983,92.0,480.0,14396898.0,33.34
Netherlands,NLD,1984,92.0,82.0,14462809.0,5.67
Netherlands,NLD,1985,92.0,24.0,14538958.0,1.65
Netherlands,NLD,1986,93.0,90.0,14626488.0,6.15
Netherlands,NLD,1987,93.0,227.0,14724948.0,15.42
Netherlands,NLD,1988,94.0,1519.0,14825915.0,102.46
Netherlands,NLD,1989,94.0,124.0,14921107.0,8.31
Netherlands,NLD,1990,94.0,16.0,15030886.0,1.06
Netherlands,NLD,1991,94.0,59.0,15155093.0,3.89
Netherlands,NLD,1992,95.0,472.0,15276787.0,30.9
Netherlands,NLD,1993,94.0,468.0,15389718.0,30.41
Netherlands,NLD,1994,94.0,302.0,15485453.0,19.5
Netherlands,NLD,1995,94.0,184.0,15565034.0,11.82
Netherlands,NLD,1996,96.0,57.0,15640032.0,3.64
Netherlands,NLD,1997,96.0,21.0,15723621.0,1.34
Netherlands,NLD,1998,96.0,9.0,15827109.0,0.57
Netherlands,NLD,1999,96.0,2368.0,15940183.0,148.56
Netherlands,NLD,2000,96.0,1019.0,16058757.0,63.45
Netherlands,NLD,2001,95.0,,16182705.0,
Netherlands,NLD,2002,95.0,3.0,16288060.0,0.18
Netherlands,NLD,2003,96.0,4.0,16366914.0,0.24
Netherlands,NLD,2004,96.0,11.0,16425562.0,0.67
Netherlands,NLD,2005,95.0,4.0,16465707.0,0.24
Netherlands,NLD,2006,96.0,1.0,16493851.0,0.06
Netherlands,NLD,2007,96.0,10.0,16531360.0,0.6
Netherlands,NLD,2008,96.0,109.0,16597259.0,6.57
Netherlands,NLD,2009,96.0,15.0,16684148.0,0.9
Netherlands,NLD,2010,96.0,15.0,16771232.0,0.89
Netherlands,NLD,2011,96.0,51.0,16851061.0,3.03
Netherlands,NLD,2012,96.0,10.0,16915191.0,0.59
Netherlands,NLD,2013,96.0,2632.0,16967066.0,155.12
Netherlands,NLD,2014,96.0,140.0,17030085.0,8.22
Netherlands,NLD,2015,95.0,7.0,17107429.0,0.41
Netherlands,NLD,2016,94.0,6.0,17204693.0,0.35
Netherlands,NLD,2017,93.0,16.0,17315376.0,0.92
Netherlands,NLD,2018,93.0,24.0,17421285.0,1.38
Netherlands,NLD,2019,94.0,84.0,17537505.0,4.79
Netherlands,NLD,2020,94.0,2.0,17636732.0,0.11
Netherlands,NLD,2021,93.0,0.0,17730565.0,0.0
Netherlands,NLD,2022,89.0,6.0,17904421.0,0.34
Netherlands,NLD,2023,89.0,7.0,18092526.0,0.39
Netherlands,NLD,2024,89.0,202.0,18092526.0,11.16
New Caledonia,NCL,1980,,800.0,149826.0,5339.53
New Caledonia,NCL,1981,,77.0,151458.0,508.39
New Caledonia,NCL,1982,,1448.0,153013.0,9463.25
New Caledonia,NCL,1983,,18.0,155019.0,116.11
New Caledonia,NCL,1984,,79.0,157601.0,501.27
New Caledonia,NCL,1985,,77.0,160252.0,480.49
New Caledonia,NCL,1986,,950.0,162912.0,5831.37
New Caledonia,NCL,1987,,1221.0,165659.0,7370.56
New Caledonia,NCL,1988,,9.0,168521.0,53.41
New Caledonia,NCL,1989,,8.0,172043.0,46.5
New Caledonia,NCL,1990,,18.0,176468.0,102.0
New Caledonia,NCL,1991,,5.0,181251.0,27.59
New Caledonia,NCL,1992,,3.0,186084.0,16.12
New Caledonia,NCL,1993,,6.0,190858.0,31.44
New Caledonia,NCL,1994,,6.0,195626.0,30.67
New Caledonia,NCL,1995,,2.0,200392.0,9.98
New Caledonia,NCL,1997,,0.0,209568.0,0.0
New Caledonia,NCL,2000,,0.0,223110.0,0.0
New Caledonia,NCL,2001,,0.0,227714.0,0.0
New Caledonia,NCL,2003,,0.0,236684.0,0.0
New Caledonia,NCL,2005,,0.0,244391.0,0.0
New Caledonia,NCL,2007,,0.0,250730.0,0.0
New Caledonia,NCL,2008,,0.0,253831.0,0.0
New Caledonia,NCL,2009,,0.0,257261.0,0.0
New Caledonia,NCL,2010,,0.0,261580.0,0.0
New Caledonia,NCL,2011,,0.0,266550.0,0.0
New Caledonia,NCL,2012,,0.0,271640.0,0.0
New Caledonia,NCL,2013,,0.0,276832.0,0.0
New Caledonia,NCL,2017,,1.0,283554.0,3.53
New Caledonia,NCL,2018,,0.0,283551.0,0.0
New Caledonia,NCL,2022,,0.0,287130.0,0.0
New Caledonia,NCL,2023,,0.0,289879.0,0.0
New Caledonia,NCL,2024,,0.0,289879.0,0.0
New Zealand,NZL,1980,80.0,,3146325.0,
New Zealand,NZL,1981,77.0,,3159844.0,
New Zealand,NZL,1982,74.0,,3185129.0,
New Zealand,NZL,1983,71.0,,3219281.0,
New Zealand,NZL,1984,67.0,,3249828.0,
New Zealand,NZL,1985,64.0,,3268030.0,
New Zealand,NZL,1986,60.0,,3281510.0,
New Zealand,NZL,1987,67.0,,3299443.0,
New Zealand,NZL,1988,75.0,,3316026.0,
New Zealand,NZL,1989,83.0,0.0,3333822.0,0.0
New Zealand,NZL,1990,90.0,,3396981.0,
New Zealand,NZL,1991,82.0,9239.0,3480933.0,2654.17
New Zealand,NZL,1992,82.0,,3532246.0,
New Zealand,NZL,1993,85.0,69.0,3573609.0,19.31
New Zealand,NZL,1994,87.0,33.0,3621030.0,9.11
New Zealand,NZL,1995,84.0,,3674434.0,
New Zealand,NZL,1996,92.0,,3729383.0,
New Zealand,NZL,1997,99.0,2041.0,3776950.0,540.38
New Zealand,NZL,1998,81.0,164.0,3811376.0,43.03
New Zealand,NZL,1999,83.0,106.0,3835561.0,27.64
New Zealand,NZL,2000,85.0,65.0,3857576.0,16.85
New Zealand,NZL,2001,85.0,65.0,3891763.0,16.7
New Zealand,NZL,2002,84.0,21.0,3951116.0,5.31
New Zealand,NZL,2003,84.0,66.0,4022585.0,16.41
New Zealand,NZL,2004,83.0,33.0,4083912.0,8.08
New Zealand,NZL,2005,82.0,20.0,4135002.0,4.84
New Zealand,NZL,2006,82.0,20.0,4181943.0,4.78
New Zealand,NZL,2007,79.0,25.0,4223270.0,5.92
New Zealand,NZL,2008,86.0,,4261819.0,
New Zealand,NZL,2009,89.0,198.0,4304304.0,46.0
New Zealand,NZL,2010,91.0,43.0,4347766.0,9.89
New Zealand,NZL,2011,93.0,597.0,4382699.0,136.22
New Zealand,NZL,2012,92.0,68.0,4411682.0,15.41
New Zealand,NZL,2013,92.0,8.0,4453857.0,1.8
New Zealand,NZL,2014,93.0,280.0,4522976.0,61.91
New Zealand,NZL,2015,93.0,10.0,4614035.0,2.17
New Zealand,NZL,2016,92.0,103.0,4714768.0,21.85
New Zealand,NZL,2017,93.0,15.0,4812749.0,3.12
New Zealand,NZL,2018,92.0,30.0,4900840.0,6.12
New Zealand,NZL,2019,92.0,2189.0,4989410.0,438.73
New Zealand,NZL,2020,91.0,7.0,5069895.0,1.38
New Zealand,NZL,2021,91.0,0.0,5107694.0,0.0
New Zealand,NZL,2022,90.0,0.0,5131731.0,0.0
New Zealand,NZL,2023,89.0,,5172837.0,
New Zealand,NZL,2024,89.0,1.0,5172837.0,0.19
Nicaragua,NIC,1980,,3784.0,3252404.0,1163.45
Nicaragua,NIC,1981,,224.0,3345679.0,66.95
Nicaragua,NIC,1982,,226.0,3438747.0,65.72
Nicaragua,NIC,1983,,112.0,3530286.0,31.73
Nicaragua,NIC,1984,,153.0,3619109.0,42.28
Nicaragua,NIC,1985,,956.0,3706480.0,257.93
Nicaragua,NIC,1986,,2550.0,3794161.0,672.09
Nicaragua,NIC,1987,,792.0,3882168.0,204.01
Nicaragua,NIC,1988,,314.0,3972317.0,79.05
Nicaragua,NIC,1989,,0.0,4066483.0,0.0
Nicaragua,NIC,1990,,0.0,4162566.0,0.0
Nicaragua,NIC,1991,,0.0,4259636.0,0.0
Nicaragua,NIC,1992,,2332.0,4357031.0,535.23
Nicaragua,NIC,1993,,339.0,4453733.0,76.12
Nicaragua,NIC,1994,,3.0,4549317.0,0.66
Nicaragua,NIC,1995,,5.0,4642933.0,1.08
Nicaragua,NIC,1996,,0.0,4729979.0,0.0
Nicaragua,NIC,1997,,0.0,4809574.0,0.0
Nicaragua,NIC,1998,,0.0,4883659.0,0.0
Nicaragua,NIC,1999,,0.0,4954021.0,0.0
Nicaragua,NIC,2000,,0.0,5022636.0,0.0
Nicaragua,NIC,2001,,0.0,5087827.0,0.0
Nicaragua,NIC,2002,,0.0,5149914.0,0.0
Nicaragua,NIC,2003,,0.0,5210970.0,0.0
Nicaragua,NIC,2004,,0.0,5272909.0,0.0
Nicaragua,NIC,2005,,0.0,5342108.0,0.0
Nicaragua,NIC,2006,,0.0,5418857.0,0.0
Nicaragua,NIC,2007,,0.0,5497247.0,0.0
Nicaragua,NIC,2008,,0.0,5576597.0,0.0
Nicaragua,NIC,2009,,0.0,5656602.0,0.0
Nicaragua,NIC,2010,,0.0,5737451.0,0.0
Nicaragua,NIC,2011,,0.0,5819051.0,0.0
Nicaragua,NIC,2012,,0.0,5901290.0,0.0
Nicaragua,NIC,2013,,0.0,5983852.0,0.0
Nicaragua,NIC,2014,,0.0,6066493.0,0.0
Nicaragua,NIC,2015,,0.0,6149417.0,0.0
Nicaragua,NIC,2016,,0.0,6232664.0,0.0
Nicaragua,NIC,2017,,0.0,6316235.0,0.0
Nicaragua,NIC,2018,,0.0,6400074.0,0.0
Nicaragua,NIC,2019,,0.0,6483660.0,0.0
Nicaragua,NIC,2020,,0.0,6565267.0,0.0
Nicaragua,NIC,2021,,0.0,6644745.0,0.0
Nicaragua,NIC,2022,,0.0,6730662.0,0.0
Nicaragua,NIC,2023,,0.0,6823619.0,0.0
Nicaragua,NIC,2024,,0.0,6823619.0,0.0
Niger,NER,1980,,36811.0,6135968.0,5999.22
Niger,NER,1981,19.0,36139.0,6322011.0,5716.38
Niger,NER,1982,18.0,39815.0,6512733.0,6113.41
Niger,NER,1983,16.0,30288.0,6708646.0,4514.77
Niger,NER,1984,22.0,42199.0,6909974.0,6106.97
Niger,NER,1985,27.0,64689.0,7118457.0,9087.5
Niger,NER,1986,27.0,17626.0,7335814.0,2402.73
Niger,NER,1987,27.0,14290.0,7561154.0,1889.92
Niger,NER,1988,24.0,16864.0,7793752.0,2163.78
Niger,NER,1989,14.0,22932.0,8034782.0,2854.09
Niger,NER,1990,25.0,20463.0,8286066.0,2469.57
Niger,NER,1991,28.0,90071.0,8546900.0,10538.44
Niger,NER,1992,21.0,31341.0,8817633.0,3554.36
Niger,NER,1993,19.0,36557.0,9100789.0,4016.9
Niger,NER,1994,19.0,48685.0,9398266.0,5180.21
Niger,NER,1995,40.0,67986.0,9714537.0,6998.38
Niger,NER,1996,38.0,68921.0,10044848.0,6861.33
Niger,NER,1997,35.0,32649.0,10383977.0,3144.17
Niger,NER,1998,35.0,11404.0,10741416.0,1061.68
Niger,NER,1999,35.0,36156.0,11117414.0,3252.2
Niger,NER,2000,37.0,21319.0,11509634.0,1852.27
Niger,NER,2001,39.0,61208.0,11920648.0,5134.62
Niger,NER,2002,41.0,31584.0,12349150.0,2557.58
Niger,NER,2003,43.0,54190.0,12796979.0,4234.59
Niger,NER,2004,45.0,63057.0,13265843.0,4753.34
Niger,NER,2005,47.0,2183.0,13756192.0,158.69
Niger,NER,2006,53.0,59.0,14268583.0,4.13
Niger,NER,2007,60.0,282.0,14803604.0,19.05
Niger,NER,2008,66.0,1317.0,15361921.0,85.73
Niger,NER,2009,69.0,801.0,15943673.0,50.24
Niger,NER,2010,67.0,372.0,16548833.0,22.48
Niger,NER,2011,69.0,771.0,17176286.0,44.89
Niger,NER,2012,75.0,272.0,17836770.0,15.25
Niger,NER,2013,80.0,1224.0,18519899.0,66.09
Niger,NER,2014,80.0,1142.0,19215917.0,59.43
Niger,NER,2015,85.0,7693.0,19939496.0,385.82
Niger,NER,2016,76.0,776.0,20685758.0,37.51
Niger,NER,2017,82.0,1171.0,21435449.0,54.63
Niger,NER,2018,77.0,5034.0,22188074.0,226.88
Niger,NER,2019,79.0,10321.0,22947765.0,449.76
Niger,NER,2020,79.0,2754.0,23717615.0,116.12
Niger,NER,2021,80.0,9271.0,24502145.0,378.38
Niger,NER,2022,65.0,12898.0,25311978.0,509.56
Niger,NER,2023,80.0,1708.0,26159863.0,65.29
Niger,NER,2024,81.0,2362.0,26159863.0,90.29
Nigeria,NGA,1980,,162106.0,73764641.0,2197.61
Nigeria,NGA,1981,,129671.0,76068116.0,1704.67
Nigeria,NGA,1982,,139785.0,78378699.0,1783.46
Nigeria,NGA,1983,,136778.0,80438257.0,1700.41
Nigeria,NGA,1984,9.0,182591.0,82526444.0,2212.52
Nigeria,NGA,1985,17.0,161768.0,84897973.0,1905.44
Nigeria,NGA,1986,28.0,115743.0,87235959.0,1326.78
Nigeria,NGA,1987,36.0,77566.0,89591718.0,865.77
Nigeria,NGA,1988,46.0,75908.0,92020088.0,824.91
Nigeria,NGA,1989,59.0,33678.0,94531022.0,356.26
Nigeria,NGA,1990,54.0,115682.0,97120926.0,1191.11
Nigeria,NGA,1991,57.0,44026.0,99720161.0,441.5
Nigeria,NGA,1992,43.0,85965.0,102372779.0,839.73
Nigeria,NGA,1993,40.0,54734.0,105122075.0,520.67
Nigeria,NGA,1994,41.0,106081.0,107935717.0,982.82
Nigeria,NGA,1995,44.0,12393.0,110819430.0,111.83
Nigeria,NGA,1996,38.0,88675.0,113754783.0,779.53
Nigeria,NGA,1997,38.0,21385.0,116754790.0,183.16
Nigeria,NGA,1998,38.0,143098.0,119846261.0,1194.01
Nigeria,NGA,1999,35.0,217151.0,123047324.0,1764.78
Nigeria,NGA,2000,33.0,212183.0,126382490.0,1678.9
Nigeria,NGA,2001,32.0,168107.0,129862594.0,1294.5
Nigeria,NGA,2002,30.0,42007.0,133471995.0,314.73
Nigeria,NGA,2003,34.0,141258.0,137202646.0,1029.56
Nigeria,NGA,2004,37.0,31521.0,141057045.0,223.46
Nigeria,NGA,2005,41.0,110927.0,145017256.0,764.92
Nigeria,NGA,2006,44.0,704.0,149077335.0,4.72
Nigeria,NGA,2007,41.0,2613.0,153267254.0,17.05
Nigeria,NGA,2008,53.0,9960.0,157595014.0,63.2
Nigeria,NGA,2009,64.0,1272.0,162049466.0,7.85
Nigeria,NGA,2010,56.0,8491.0,166642888.0,50.95
Nigeria,NGA,2011,53.0,18843.0,171379602.0,109.95
Nigeria,NGA,2012,41.0,6447.0,176200627.0,36.59
Nigeria,NGA,2013,42.0,52852.0,181049440.0,291.92
Nigeria,NGA,2014,42.0,6855.0,185896917.0,36.88
Nigeria,NGA,2015,42.0,12423.0,190671883.0,65.15
Nigeria,NGA,2016,48.0,17136.0,195443698.0,87.68
Nigeria,NGA,2017,54.0,11190.0,200254580.0,55.88
Nigeria,NGA,2018,56.0,7063.0,204938752.0,34.46
Nigeria,NGA,2019,58.0,28094.0,209485637.0,134.11
Nigeria,NGA,2020,60.0,8877.0,213996185.0,41.48
Nigeria,NGA,2021,56.0,10649.0,218529286.0,48.73
Nigeria,NGA,2022,51.0,23983.0,223150906.0,107.47
Nigeria,NGA,2023,54.0,20143.0,227882949.0,88.39
Nigeria,NGA,2024,57.0,14999.0,227882949.0,65.82
Niue,NIU,1980,77.0,22.0,3550.0,6197.18
Niue,NIU,1981,71.0,2.0,3413.0,585.99
Niue,NIU,1982,65.0,0.0,3281.0,0.0
Niue,NIU,1983,58.0,0.0,3129.0,0.0
Niue,NIU,1984,52.0,0.0,2974.0,0.0
Niue,NIU,1985,52.0,21.0,2803.0,7491.97
Niue,NIU,1986,73.0,7.0,2658.0,2633.56
Niue,NIU,1987,94.0,0.0,2584.0,0.0
Niue,NIU,1988,94.0,1.0,2559.0,390.78
Niue,NIU,1989,99.0,1.0,2537.0,394.17
Niue,NIU,1990,99.0,,2506.0,
Niue,NIU,1991,99.0,121.0,2476.0,48869.14
Niue,NIU,1992,99.0,0.0,2443.0,0.0
Niue,NIU,1993,99.0,0.0,2403.0,0.0
Niue,NIU,1994,99.0,2.0,2362.0,846.74
Niue,NIU,1995,34.0,0.0,2326.0,0.0
Niue,NIU,1996,99.0,0.0,2290.0,0.0
Niue,NIU,1997,99.0,0.0,2242.0,0.0
Niue,NIU,1998,99.0,0.0,2187.0,0.0
Niue,NIU,1999,99.0,0.0,2138.0,0.0
Niue,NIU,2000,99.0,0.0,2068.0,0.0
Niue,NIU,2001,99.0,0.0,2007.0,0.0
Niue,NIU,2002,99.0,0.0,1965.0,0.0
Niue,NIU,2003,86.0,0.0,1928.0,0.0
Niue,NIU,2004,99.0,0.0,1891.0,0.0
Niue,NIU,2005,99.0,0.0,1849.0,0.0
Niue,NIU,2006,99.0,,1818.0,
Niue,NIU,2007,99.0,0.0,1810.0,0.0
Niue,NIU,2008,99.0,0.0,1805.0,0.0
Niue,NIU,2009,99.0,0.0,1801.0,0.0
Niue,NIU,2010,99.0,0.0,1786.0,0.0
Niue,NIU,2011,99.0,0.0,1776.0,0.0
Niue,NIU,2012,99.0,0.0,1784.0,0.0
Niue,NIU,2013,99.0,0.0,1786.0,0.0
Niue,NIU,2014,99.0,,1792.0,
Niue,NIU,2015,99.0,,1803.0,
Niue,NIU,2016,99.0,,1806.0,
Niue,NIU,2017,99.0,,1803.0,
Niue,NIU,2018,99.0,,1805.0,
Niue,NIU,2019,99.0,0.0,1814.0,0.0
Niue,NIU,2020,99.0,,1822.0,
Niue,NIU,2021,99.0,,1836.0,
Niue,NIU,2022,99.0,0.0,1844.0,0.0
Niue,NIU,2023,99.0,,1841.0,
Niue,NIU,2024,99.0,,1841.0,
North America,OWID_NAM,1980,54.755444,,374396450.0,
North America,OWID_NAM,1981,59.1915,,379564365.0,
North America,OWID_NAM,1982,61.435516,,384744475.0,
North America,OWID_NAM,1983,58.897755,,389995274.0,
North America,OWID_NAM,1984,58.636322,,395240041.0,
North America,OWID_NAM,1985,72.268364,,400471527.0,
North America,OWID_NAM,1986,72.50382,,405669376.0,
North America,OWID_NAM,1987,66.45855,,410877360.0,
North America,OWID_NAM,1988,80.65344,,416201801.0,
North America,OWID_NAM,1989,83.92271,,421643657.0,
North America,OWID_NAM,1990,80.420204,,427527970.0,
North America,OWID_NAM,1991,81.73388,,433792318.0,
North America,OWID_NAM,1992,80.04716,,440060892.0,
North America,OWID_NAM,1993,79.626015,,446185596.0,
North America,OWID_NAM,1994,84.79908,,452083583.0,
North America,OWID_NAM,1995,85.29437,,457858573.0,
North America,OWID_NAM,1996,87.0832,,463530247.0,
North America,OWID_NAM,1997,86.80293,,469106576.0,
North America,OWID_NAM,1998,89.08587,,474677559.0,
North America,OWID_NAM,1999,88.62804,,480238641.0,
North America,OWID_NAM,2000,89.02308,,485805117.0,
North America,OWID_NAM,2001,89.04304,,491432309.0,
North America,OWID_NAM,2002,89.39124,,497028245.0,
North America,OWID_NAM,2003,90.221924,,502587589.0,
North America,OWID_NAM,2004,90.26453,,508166874.0,
North America,OWID_NAM,2005,89.85161,,513798980.0,
North America,OWID_NAM,2006,89.89495,,519545243.0,
North America,OWID_NAM,2007,89.52796,,525495121.0,
North America,OWID_NAM,2008,90.02877,,531570001.0,
North America,OWID_NAM,2009,88.918915,,537617447.0,
North America,OWID_NAM,2010,89.6833,,543593308.0,
North America,OWID_NAM,2011,90.22646,,549552428.0,
North America,OWID_NAM,2012,90.44891,,555486393.0,
North America,OWID_NAM,2013,88.11161,,561345659.0,
North America,OWID_NAM,2014,89.70273,,567078666.0,
North America,OWID_NAM,2015,90.27577,,572637322.0,
North America,OWID_NAM,2016,90.330635,,578186332.0,
North America,OWID_NAM,2017,84.561005,,583669319.0,
North America,OWID_NAM,2018,90.29433,,589049569.0,
North America,OWID_NAM,2019,83.472946,,594346844.0,
North America,OWID_NAM,2020,87.9286,,598250669.0,
North America,OWID_NAM,2021,90.18744,,600876349.0,
North America,OWID_NAM,2022,86.51519,,604356255.0,
North America,OWID_NAM,2023,84.62012,,608770547.0,
North Korea,PRK,1980,29.0,0.0,18236783.0,0.0
North Korea,PRK,1981,31.0,0.0,18501303.0,0.0
North Korea,PRK,1982,29.0,0.0,18776359.0,0.0
North Korea,PRK,1983,30.0,0.0,19054039.0,0.0
North Korea,PRK,1984,31.0,0.0,19335049.0,0.0
North Korea,PRK,1985,38.0,0.0,19620396.0,0.0
North Korea,PRK,1986,44.0,0.0,19910856.0,0.0
North Korea,PRK,1987,35.0,0.0,20205485.0,0.0
North Korea,PRK,1988,58.0,0.0,20503161.0,0.0
North Korea,PRK,1989,99.0,0.0,20804363.0,0.0
North Korea,PRK,1990,98.0,0.0,21112134.0,0.0
North Korea,PRK,1991,98.0,0.0,21428637.0,0.0
North Korea,PRK,1992,99.0,0.0,21750912.0,0.0
North Korea,PRK,1993,99.0,0.0,22073354.0,0.0
North Korea,PRK,1994,83.0,0.0,22393967.0,0.0
North Korea,PRK,1995,67.0,0.0,22669307.0,0.0
North Korea,PRK,1996,50.0,0.0,22895753.0,0.0
North Korea,PRK,1997,34.0,0.0,23110836.0,0.0
North Korea,PRK,1998,49.0,0.0,23311570.0,0.0
North Korea,PRK,1999,63.0,0.0,23497594.0,0.0
North Korea,PRK,2000,78.0,,23665909.0,
North Korea,PRK,2001,92.0,0.0,23815364.0,0.0
North Korea,PRK,2002,98.0,0.0,23943975.0,0.0
North Korea,PRK,2003,95.0,0.0,24090382.0,0.0
North Korea,PRK,2004,95.0,0.0,24254946.0,0.0
North Korea,PRK,2005,96.0,0.0,24396434.0,0.0
North Korea,PRK,2006,96.0,0.0,24524508.0,0.0
North Korea,PRK,2007,99.0,3550.0,24646384.0,144.04
North Korea,PRK,2008,98.0,8.0,24764620.0,0.32
North Korea,PRK,2009,98.0,0.0,24878338.0,0.0
North Korea,PRK,2010,99.0,0.0,24987257.0,0.0
North Korea,PRK,2011,99.0,0.0,25097877.0,0.0
North Korea,PRK,2012,99.0,0.0,25211737.0,0.0
North Korea,PRK,2013,99.0,0.0,25329456.0,0.0
North Korea,PRK,2014,99.0,3.0,25451263.0,0.12
North Korea,PRK,2015,98.0,0.0,25575355.0,0.0
North Korea,PRK,2016,99.0,0.0,25698325.0,0.0
North Korea,PRK,2017,99.0,0.0,25817710.0,0.0
North Korea,PRK,2018,98.0,0.0,25931153.0,0.0
North Korea,PRK,2019,99.0,,26037633.0,
North Korea,PRK,2020,99.0,0.0,26136312.0,0.0
North Korea,PRK,2021,99.0,,26232530.0,
North Korea,PRK,2022,99.0,0.0,26328843.0,0.0
North Korea,PRK,2023,99.0,0.0,26418196.0,0.0
North Korea,PRK,2024,99.0,0.0,26418196.0,0.0
North Macedonia,MKD,1991,,181.0,2056002.0,88.03
North Macedonia,MKD,1992,,180.0,2032516.0,88.56
North Macedonia,MKD,1993,98.0,2495.0,2006853.0,1243.24
North Macedonia,MKD,1994,88.0,229.0,1992669.0,114.92
North Macedonia,MKD,1995,97.0,217.0,1998531.0,108.58
North Macedonia,MKD,1996,91.0,1056.0,2012553.0,524.71
North Macedonia,MKD,1997,98.0,364.0,2025764.0,179.69
North Macedonia,MKD,1998,96.0,,2037575.0,
North Macedonia,MKD,1999,98.0,53.0,2048088.0,25.88
North Macedonia,MKD,2000,97.0,36.0,2057254.0,17.5
North Macedonia,MKD,2001,92.0,27.0,2066300.0,13.07
North Macedonia,MKD,2002,98.0,19.0,2074482.0,9.16
North Macedonia,MKD,2003,96.0,18.0,2081417.0,8.65
North Macedonia,MKD,2004,96.0,9.0,2086581.0,4.31
North Macedonia,MKD,2005,96.0,5.0,2089809.0,2.39
North Macedonia,MKD,2006,94.0,3.0,2089232.0,1.44
North Macedonia,MKD,2007,96.0,1.0,2081972.0,0.48
North Macedonia,MKD,2008,98.0,27.0,2070837.0,13.04
North Macedonia,MKD,2009,96.0,5.0,2060601.0,2.43
North Macedonia,MKD,2010,98.0,217.0,2051510.0,105.78
North Macedonia,MKD,2011,97.0,701.0,2040445.0,343.55
North Macedonia,MKD,2012,96.0,7.0,2027288.0,3.45
North Macedonia,MKD,2013,96.0,4.0,2013280.0,1.99
North Macedonia,MKD,2014,93.0,116.0,1997842.0,58.06
North Macedonia,MKD,2015,89.0,1.0,1980366.0,0.5
North Macedonia,MKD,2016,82.0,0.0,1961268.0,0.0
North Macedonia,MKD,2017,83.0,19.0,1940877.0,9.79
North Macedonia,MKD,2018,75.0,64.0,1919730.0,33.34
North Macedonia,MKD,2019,75.0,1337.0,1897643.0,704.56
North Macedonia,MKD,2020,63.0,0.0,1872021.0,0.0
North Macedonia,MKD,2021,70.0,1.0,1851109.0,0.54
North Macedonia,MKD,2022,71.0,0.0,1840236.0,0.0
North Macedonia,MKD,2023,73.0,1.0,1831800.0,0.55
North Macedonia,MKD,2024,73.0,2.0,1831800.0,1.09
Northern Mariana Islands,MNP,1987,,0.0,35755.0,0.0
Northern Mariana Islands,MNP,1988,,0.0,38538.0,0.0
Northern Mariana Islands,MNP,1989,,1.0,41327.0,24.2
Northern Mariana Islands,MNP,1990,,35.0,43364.0,807.12
Northern Mariana Islands,MNP,1992,,7.0,45204.0,154.85
Northern Mariana Islands,MNP,1993,,116.0,45973.0,2523.22
Northern Mariana Islands,MNP,1994,,29.0,46752.0,620.29
Northern Mariana Islands,MNP,1995,,0.0,48192.0,0.0
Northern Mariana Islands,MNP,1997,,1.0,56610.0,17.66
Northern Mariana Islands,MNP,1999,,0.0,65933.0,0.0
Northern Mariana Islands,MNP,2000,,0.0,68374.0,0.0
Northern Mariana Islands,MNP,2003,,0.0,65438.0,0.0
Northern Mariana Islands,MNP,2004,,0.0,63948.0,0.0
Northern Mariana Islands,MNP,2005,,0.0,62372.0,0.0
Northern Mariana Islands,MNP,2007,,0.0,58960.0,0.0
Northern Mariana Islands,MNP,2008,,0.0,57163.0,0.0
Northern Mariana Islands,MNP,2009,,0.0,55346.0,0.0
Northern Mariana Islands,MNP,2010,,0.0,54110.0,0.0
Northern Mariana Islands,MNP,2011,,0.0,53633.0,0.0
Northern Mariana Islands,MNP,2013,,0.0,52777.0,0.0
Northern Mariana Islands,MNP,2018,,0.0,49098.0,0.0
Northern Mariana Islands,MNP,2019,,0.0,48154.0,0.0
Northern Mariana Islands,MNP,2023,,0.0,45166.0,0.0
Northern Mariana Islands,MNP,2024,,0.0,45166.0,0.0
Norway,NOR,1980,,1322.0,4085603.0,323.58
Norway,NOR,1981,,4586.0,4099675.0,1118.63
Norway,NOR,1982,,10974.0,4114742.0,2667.0
Norway,NOR,1983,80.0,6181.0,4128332.0,1497.21
Norway,NOR,1984,80.0,1775.0,4139970.0,428.75
Norway,NOR,1985,90.0,1312.0,4152399.0,315.96
Norway,NOR,1986,87.0,1219.0,4167252.0,292.52
Norway,NOR,1987,87.0,563.0,4186818.0,134.47
Norway,NOR,1988,87.0,133.0,4209470.0,31.6
Norway,NOR,1989,84.0,13.0,4226914.0,3.08
Norway,NOR,1990,87.0,95.0,4241440.0,22.4
Norway,NOR,1991,94.0,17.0,4261618.0,3.99
Norway,NOR,1992,96.0,73.0,4286255.0,17.03
Norway,NOR,1993,93.0,7.0,4311864.0,1.62
Norway,NOR,1994,94.0,6.0,4336467.0,1.38
Norway,NOR,1995,92.0,18.0,4358991.0,4.13
Norway,NOR,1996,92.0,23.0,4381137.0,5.25
Norway,NOR,1997,93.0,11.0,4404988.0,2.5
Norway,NOR,1998,91.0,,4431308.0,
Norway,NOR,1999,90.0,,4461789.0,
Norway,NOR,2000,88.0,0.0,4490864.0,0.0
Norway,NOR,2001,90.0,4.0,4513650.0,0.89
Norway,NOR,2002,87.0,5.0,4538016.0,1.1
Norway,NOR,2003,86.0,8.0,4564666.0,1.75
Norway,NOR,2004,89.0,7.0,4591739.0,1.52
Norway,NOR,2005,90.0,0.0,4623120.0,0.0
Norway,NOR,2006,92.0,0.0,4660487.0,0.0
Norway,NOR,2007,92.0,,4709017.0,
Norway,NOR,2008,93.0,4.0,4768097.0,0.84
Norway,NOR,2009,93.0,2.0,4828625.0,0.41
Norway,NOR,2010,93.0,3.0,4889160.0,0.61
Norway,NOR,2011,93.0,39.0,4952969.0,7.87
Norway,NOR,2012,94.0,4.0,5018453.0,0.8
Norway,NOR,2013,93.0,8.0,5080126.0,1.57
Norway,NOR,2014,94.0,3.0,5137397.0,0.58
Norway,NOR,2015,95.0,14.0,5189777.0,2.7
Norway,NOR,2016,96.0,0.0,5235974.0,0.0
Norway,NOR,2017,96.0,1.0,5276807.0,0.19
Norway,NOR,2018,96.0,12.0,5311751.0,2.26
Norway,NOR,2019,97.0,18.0,5347733.0,3.37
Norway,NOR,2020,97.0,4.0,5379275.0,0.74
Norway,NOR,2021,97.0,0.0,5408082.0,0.0
Norway,NOR,2022,96.0,1.0,5456796.0,0.18
Norway,NOR,2023,96.0,2.0,5519167.0,0.36
Norway,NOR,2024,96.0,10.0,5519167.0,1.81
Oceania,OWID_OCE,1980,10.623831,,22954484.0,
Oceania,OWID_OCE,1981,10.576101,,23307534.0,
Oceania,OWID_OCE,1982,9.394679,,23690693.0,
Oceania,OWID_OCE,1983,45.553635,,24064499.0,
Oceania,OWID_OCE,1984,50.61272,,24421103.0,
Oceania,OWID_OCE,1985,53.774868,,24777609.0,
Oceania,OWID_OCE,1986,55.406876,,25149869.0,
Oceania,OWID_OCE,1987,57.18108,,25544592.0,
Oceania,OWID_OCE,1988,65.51193,,25956460.0,
Oceania,OWID_OCE,1989,72.449486,,26377044.0,
Oceania,OWID_OCE,1990,78.010735,,26839397.0,
Oceania,OWID_OCE,1991,78.01308,,27315331.0,
Oceania,OWID_OCE,1992,78.270485,,27746651.0,
Oceania,OWID_OCE,1993,67.73319,,28154388.0,
Oceania,OWID_OCE,1994,69.39329,,28573089.0,
Oceania,OWID_OCE,1995,71.15461,,29025267.0,
Oceania,OWID_OCE,1996,67.40231,,29498702.0,
Oceania,OWID_OCE,1997,73.015495,,29964609.0,
Oceania,OWID_OCE,1998,73.382324,,30420070.0,
Oceania,OWID_OCE,1999,78.17193,,30880117.0,
Oceania,OWID_OCE,2000,80.21718,,31352968.0,
Oceania,OWID_OCE,2001,79.0698,,31847232.0,
Oceania,OWID_OCE,2002,82.361336,,32366021.0,
Oceania,OWID_OCE,2003,83.414474,,32894563.0,
Oceania,OWID_OCE,2004,83.03664,,33419063.0,
Oceania,OWID_OCE,2005,85.22041,,33956165.0,
Oceania,OWID_OCE,2006,85.541084,,34540362.0,
Oceania,OWID_OCE,2007,82.162125,,35190049.0,
Oceania,OWID_OCE,2008,80.32501,,35890355.0,
Oceania,OWID_OCE,2009,80.34803,,36593549.0,
Oceania,OWID_OCE,2010,80.189156,,37254088.0,
Oceania,OWID_OCE,2011,81.47022,,37890098.0,
Oceania,OWID_OCE,2012,83.49964,,38550537.0,
Oceania,OWID_OCE,2013,83.676056,,39233938.0,
Oceania,OWID_OCE,2014,81.53259,,39918746.0,
Oceania,OWID_OCE,2015,78.857506,,40615015.0,
Oceania,OWID_OCE,2016,75.26629,,41347231.0,
Oceania,OWID_OCE,2017,73.21682,,42093989.0,
Oceania,OWID_OCE,2018,71.384285,,42815501.0,
Oceania,OWID_OCE,2019,71.36082,,43504534.0,
Oceania,OWID_OCE,2020,72.740204,,44079305.0,
Oceania,OWID_OCE,2021,68.6455,,44558542.0,
Oceania,OWID_OCE,2022,73.257454,,45049680.0,
Oceania,OWID_OCE,2023,74.32879,,45563135.0,
Oman,OMN,1980,22.0,10630.0,1001248.0,10616.75
Oman,OMN,1981,10.0,40679.0,1057326.0,38473.47
Oman,OMN,1982,24.0,16645.0,1117686.0,14892.38
Oman,OMN,1983,34.0,9151.0,1181464.0,7745.48
Oman,OMN,1984,53.0,9652.0,1247723.0,7735.69
Oman,OMN,1985,65.0,4161.0,1325489.0,3139.22
Oman,OMN,1986,79.0,2001.0,1413424.0,1415.71
Oman,OMN,1987,86.0,3804.0,1501006.0,2534.3
Oman,OMN,1988,87.0,6052.0,1588573.0,3809.71
Oman,OMN,1989,94.0,4255.0,1676234.0,2538.43
Oman,OMN,1990,98.0,1262.0,1763957.0,715.44
Oman,OMN,1991,96.0,220.0,1851476.0,118.82
Oman,OMN,1992,96.0,1834.0,1938240.0,946.22
Oman,OMN,1993,95.0,3108.0,2021677.0,1537.34
Oman,OMN,1994,97.0,181.0,2081839.0,86.94
Oman,OMN,1995,98.0,68.0,2120531.0,32.07
Oman,OMN,1996,98.0,46.0,2156925.0,21.33
Oman,OMN,1997,98.0,12.0,2190726.0,5.48
Oman,OMN,1998,98.0,5.0,2222492.0,2.25
Oman,OMN,1999,99.0,9.0,2252910.0,3.99
Oman,OMN,2000,99.0,15.0,2282139.0,6.57
Oman,OMN,2001,99.0,15.0,2310223.0,6.49
Oman,OMN,2002,99.0,5.0,2337144.0,2.14
Oman,OMN,2003,98.0,1.0,2363801.0,0.42
Oman,OMN,2004,98.0,18.0,2404822.0,7.48
Oman,OMN,2005,98.0,25.0,2459808.0,10.16
Oman,OMN,2006,96.0,13.0,2514794.0,5.17
Oman,OMN,2007,97.0,24.0,2570175.0,9.34
Oman,OMN,2008,98.0,18.0,2626536.0,6.85
Oman,OMN,2009,99.0,19.0,2684665.0,7.08
Oman,OMN,2010,99.0,3.0,2757450.0,1.09
Oman,OMN,2011,99.0,5.0,3076762.0,1.63
Oman,OMN,2012,99.0,13.0,3547104.0,3.66
Oman,OMN,2013,99.0,0.0,3833915.0,0.0
Oman,OMN,2014,99.0,,4002444.0,
Oman,OMN,2015,99.0,0.0,4184898.0,0.0
Oman,OMN,2016,99.0,111.0,4390880.0,25.28
Oman,OMN,2017,99.0,9.0,4537397.0,1.98
Oman,OMN,2018,99.0,0.0,4597878.0,0.0
Oman,OMN,2019,99.0,0.0,4591248.0,0.0
Oman,OMN,2020,99.0,7.0,4522502.0,1.55
Oman,OMN,2021,99.0,0.0,4500429.0,0.0
Oman,OMN,2022,97.0,5.0,4730229.0,1.06
Oman,OMN,2023,99.0,25.0,5049267.0,4.95
Oman,OMN,2024,99.0,13.0,5049267.0,2.57
Pakistan,PAK,1980,1.0,28573.0,82291008.0,347.22
Pakistan,PAK,1981,2.0,29010.0,85802048.0,338.1
Pakistan,PAK,1982,3.0,19890.0,89089247.0,223.26
Pakistan,PAK,1983,19.0,21004.0,92227711.0,227.74
Pakistan,PAK,1984,33.0,17322.0,95164940.0,182.02
Pakistan,PAK,1985,38.0,26686.0,98229291.0,271.67
Pakistan,PAK,1986,41.0,42304.0,101606770.0,416.35
Pakistan,PAK,1987,43.0,45996.0,105130710.0,437.51
Pakistan,PAK,1988,46.0,55543.0,108724740.0,510.86
Pakistan,PAK,1989,48.0,2349.0,112336634.0,20.91
Pakistan,PAK,1990,50.0,21785.0,116155584.0,187.55
Pakistan,PAK,1991,51.0,617.0,120060409.0,5.14
Pakistan,PAK,1992,52.0,2967.0,123546855.0,24.02
Pakistan,PAK,1993,52.0,1967.0,127020117.0,15.49
Pakistan,PAK,1994,53.0,1421.0,130748076.0,10.87
Pakistan,PAK,1995,47.0,1720.0,134582255.0,12.78
Pakistan,PAK,1996,50.0,1090.0,138557089.0,7.87
Pakistan,PAK,1997,52.0,1848.0,142531801.0,12.97
Pakistan,PAK,1998,54.0,2333.0,146522354.0,15.92
Pakistan,PAK,1999,56.0,2940.0,150565381.0,19.53
Pakistan,PAK,2000,57.0,2064.0,154879124.0,13.33
Pakistan,PAK,2001,59.0,3849.0,159270910.0,24.17
Pakistan,PAK,2002,60.0,3903.0,163222552.0,23.91
Pakistan,PAK,2003,62.0,4740.0,167110250.0,28.36
Pakistan,PAK,2004,63.0,4248.0,171285999.0,24.8
Pakistan,PAK,2005,61.0,2981.0,175453212.0,16.99
Pakistan,PAK,2006,59.0,7641.0,179682690.0,42.52
Pakistan,PAK,2007,57.0,2801.0,184493231.0,15.18
Pakistan,PAK,2008,56.0,1129.0,189499112.0,5.96
Pakistan,PAK,2009,56.0,863.0,194376535.0,4.44
Pakistan,PAK,2010,57.0,4321.0,199239048.0,21.69
Pakistan,PAK,2011,59.0,4386.0,203746069.0,21.53
Pakistan,PAK,2012,63.0,8046.0,207667129.0,38.74
Pakistan,PAK,2013,68.0,8749.0,211073979.0,41.45
Pakistan,PAK,2014,71.0,1370.0,214264649.0,6.39
Pakistan,PAK,2015,75.0,386.0,217290884.0,1.78
Pakistan,PAK,2016,75.0,2703.0,220138863.0,12.28
Pakistan,PAK,2017,76.0,9175.0,223273974.0,41.09
Pakistan,PAK,2018,79.0,33007.0,226928893.0,145.45
Pakistan,PAK,2019,81.0,2066.0,230800908.0,8.95
Pakistan,PAK,2020,83.0,2747.0,235001745.0,11.69
Pakistan,PAK,2021,81.0,10399.0,239477805.0,43.42
Pakistan,PAK,2022,82.0,8378.0,243700667.0,34.38
Pakistan,PAK,2023,84.0,17722.0,247504505.0,71.6
Pakistan,PAK,2024,86.0,24709.0,247504505.0,99.83
Palau,PLW,1980,,0.0,12296.0,0.0
Palau,PLW,1981,,0.0,12423.0,0.0
Palau,PLW,1982,,0.0,12721.0,0.0
Palau,PLW,1983,,0.0,13028.0,0.0
Palau,PLW,1984,,0.0,13359.0,0.0
Palau,PLW,1985,,0.0,13712.0,0.0
Palau,PLW,1986,98.0,0.0,14044.0,0.0
Palau,PLW,1987,98.0,0.0,14357.0,0.0
Palau,PLW,1988,99.0,0.0,14664.0,0.0
Palau,PLW,1989,98.0,1.0,14969.0,66.8
Palau,PLW,1990,98.0,0.0,15282.0,0.0
Palau,PLW,1991,98.0,0.0,15635.0,0.0
Palau,PLW,1992,94.0,0.0,16017.0,0.0
Palau,PLW,1993,32.0,93.0,16397.0,5671.77
Palau,PLW,1994,41.0,0.0,16796.0,0.0
Palau,PLW,1995,99.0,0.0,17217.0,0.0
Palau,PLW,1996,99.0,0.0,17683.0,0.0
Palau,PLW,1997,83.0,0.0,18126.0,0.0
Palau,PLW,1998,74.0,1.0,18548.0,53.91
Palau,PLW,1999,96.0,0.0,18926.0,0.0
Palau,PLW,2000,83.0,0.0,19206.0,0.0
Palau,PLW,2001,91.0,,19379.0,
Palau,PLW,2002,99.0,0.0,19527.0,0.0
Palau,PLW,2003,99.0,,19683.0,
Palau,PLW,2004,99.0,0.0,19841.0,0.0
Palau,PLW,2005,98.0,0.0,19837.0,0.0
Palau,PLW,2006,98.0,0.0,19616.0,0.0
Palau,PLW,2007,91.0,0.0,19324.0,0.0
Palau,PLW,2008,97.0,0.0,19031.0,0.0
Palau,PLW,2009,75.0,0.0,18736.0,0.0
Palau,PLW,2010,39.0,0.0,18420.0,0.0
Palau,PLW,2011,85.0,0.0,18099.0,0.0
Palau,PLW,2012,91.0,0.0,17791.0,0.0
Palau,PLW,2013,99.0,0.0,17670.0,0.0
Palau,PLW,2014,83.0,0.0,17740.0,0.0
Palau,PLW,2015,95.0,0.0,17791.0,0.0
Palau,PLW,2016,96.0,0.0,17824.0,0.0
Palau,PLW,2017,93.0,0.0,17838.0,0.0
Palau,PLW,2018,90.0,,17843.0,
Palau,PLW,2019,97.0,,17821.0,
Palau,PLW,2020,93.0,,17817.0,
Palau,PLW,2021,93.0,,17809.0,
Palau,PLW,2022,96.0,0.0,17784.0,0.0
Palau,PLW,2023,96.0,0.0,17751.0,0.0
Palau,PLW,2024,96.0,0.0,17751.0,0.0
Palestine,PSE,1993,91.0,,2425066.0,
Palestine,PSE,1994,96.0,,2529164.0,
Palestine,PSE,1995,73.0,,2636554.0,
Palestine,PSE,1996,95.0,33.0,2746830.0,12.01
Palestine,PSE,1997,96.0,28.0,2859581.0,9.79
Palestine,PSE,1998,92.0,40.0,2962895.0,13.5
Palestine,PSE,1999,92.0,138.0,3056256.0,45.15
Palestine,PSE,2000,93.0,5.0,3151800.0,1.59
Palestine,PSE,2001,98.0,,3242286.0,
Palestine,PSE,2002,94.0,,3322369.0,
Palestine,PSE,2003,99.0,,3398071.0,
Palestine,PSE,2004,96.0,,3475178.0,
Palestine,PSE,2005,98.0,,3557406.0,
Palestine,PSE,2006,99.0,,3645096.0,
Palestine,PSE,2007,98.0,,3736694.0,
Palestine,PSE,2008,96.0,,3829039.0,
Palestine,PSE,2009,97.0,,3921245.0,
Palestine,PSE,2010,98.0,1.0,4016918.0,0.25
Palestine,PSE,2011,99.0,,4115912.0,
Palestine,PSE,2012,98.0,,4215318.0,
Palestine,PSE,2013,99.0,,4315263.0,
Palestine,PSE,2014,99.0,,4415887.0,
Palestine,PSE,2015,99.0,,4521564.0,
Palestine,PSE,2016,99.0,,4632743.0,
Palestine,PSE,2017,99.0,63.0,4742747.0,13.28
Palestine,PSE,2018,99.0,0.0,4850593.0,0.0
Palestine,PSE,2019,99.0,228.0,4957773.0,45.99
Palestine,PSE,2020,99.0,1001.0,5069692.0,197.45
Palestine,PSE,2021,98.0,11.0,5185341.0,2.12
Palestine,PSE,2022,97.0,,5305274.0,
Palestine,PSE,2023,89.0,3.0,5409201.0,0.55
Palestine,PSE,2024,89.0,,5409201.0,
Panama,PAN,1980,71.0,2096.0,1957543.0,1070.73
Panama,PAN,1981,76.0,4332.0,2004424.0,2161.22
Panama,PAN,1982,64.0,4014.0,2052278.0,1955.88
Panama,PAN,1983,85.0,595.0,2101107.0,283.18
Panama,PAN,1984,72.0,358.0,2150781.0,166.45
Panama,PAN,1985,84.0,4295.0,2200921.0,1951.46
Panama,PAN,1986,74.0,4199.0,2251331.0,1865.12
Panama,PAN,1987,78.0,1885.0,2301979.0,818.86
Panama,PAN,1988,73.0,378.0,2352856.0,160.66
Panama,PAN,1989,73.0,301.0,2403821.0,125.22
Panama,PAN,1990,73.0,1891.0,2455588.0,770.08
Panama,PAN,1991,80.0,2430.0,2508273.0,968.79
Panama,PAN,1992,76.0,845.0,2561342.0,329.91
Panama,PAN,1993,83.0,90.0,2615099.0,34.42
Panama,PAN,1994,84.0,3.0,2669545.0,1.12
Panama,PAN,1995,84.0,19.0,2724555.0,6.97
Panama,PAN,1996,90.0,0.0,2780228.0,0.0
Panama,PAN,1997,92.0,0.0,2836702.0,0.0
Panama,PAN,1998,96.0,0.0,2893918.0,0.0
Panama,PAN,1999,90.0,0.0,2951820.0,0.0
Panama,PAN,2000,97.0,0.0,3010376.0,0.0
Panama,PAN,2001,95.0,0.0,3069545.0,0.0
Panama,PAN,2002,95.0,0.0,3129343.0,0.0
Panama,PAN,2003,95.0,0.0,3189813.0,0.0
Panama,PAN,2004,97.0,0.0,3251158.0,0.0
Panama,PAN,2005,99.0,0.0,3313024.0,0.0
Panama,PAN,2006,95.0,0.0,3375024.0,0.0
Panama,PAN,2007,95.0,0.0,3437490.0,0.0
Panama,PAN,2008,96.0,0.0,3500646.0,0.0
Panama,PAN,2009,96.0,0.0,3564383.0,0.0
Panama,PAN,2010,97.0,0.0,3628537.0,0.0
Panama,PAN,2011,97.0,4.0,3693509.0,1.08
Panama,PAN,2012,98.0,0.0,3759261.0,0.0
Panama,PAN,2013,92.0,0.0,3825333.0,0.0
Panama,PAN,2014,90.0,0.0,3892100.0,0.0
Panama,PAN,2015,93.0,0.0,3960034.0,0.0
Panama,PAN,2016,95.0,0.0,4029085.0,0.0
Panama,PAN,2017,98.0,0.0,4098704.0,0.0
Panama,PAN,2018,98.0,0.0,4167860.0,0.0
Panama,PAN,2019,97.0,0.0,4234698.0,0.0
Panama,PAN,2020,80.0,0.0,4293258.0,0.0
Panama,PAN,2021,92.0,0.0,4345410.0,0.0
Panama,PAN,2022,87.0,0.0,4400775.0,0.0
Panama,PAN,2023,88.0,,4458758.0,
Panama,PAN,2024,93.0,0.0,4458758.0,0.0
Papua New Guinea,PNG,1980,,12125.0,3131516.0,3871.93
Papua New Guinea,PNG,1981,,16519.0,3197030.0,5166.98
Papua New Guinea,PNG,1982,,12771.0,3264301.0,3912.32
Papua New Guinea,PNG,1983,1.0,10023.0,3333642.0,3006.62
Papua New Guinea,PNG,1984,26.0,9874.0,3405200.0,2899.68
Papua New Guinea,PNG,1985,33.0,5680.0,3478945.0,1632.68
Papua New Guinea,PNG,1986,39.0,19024.0,3554802.0,5351.63
Papua New Guinea,PNG,1987,37.0,10206.0,3632546.0,2809.6
Papua New Guinea,PNG,1988,46.0,6543.0,3711894.0,1762.71
Papua New Guinea,PNG,1989,52.0,9799.0,3796088.0,2581.34
Papua New Guinea,PNG,1990,67.0,4575.0,3896482.0,1174.14
Papua New Guinea,PNG,1991,69.0,2740.0,4021840.0,681.28
Papua New Guinea,PNG,1992,70.0,6634.0,4166702.0,1592.15
Papua New Guinea,PNG,1993,28.0,8212.0,4320880.0,1900.54
Papua New Guinea,PNG,1994,36.0,6821.0,4480210.0,1522.47
Papua New Guinea,PNG,1995,42.0,3730.0,4644282.0,803.14
Papua New Guinea,PNG,1996,24.0,2313.0,4813363.0,480.54
Papua New Guinea,PNG,1997,50.0,678.0,4987887.0,135.93
Papua New Guinea,PNG,1998,63.0,1148.0,5166390.0,222.21
Papua New Guinea,PNG,1999,67.0,6304.0,5349333.0,1178.46
Papua New Guinea,PNG,2000,69.0,7135.0,5537068.0,1288.59
Papua New Guinea,PNG,2001,65.0,4023.0,5728444.0,702.28
Papua New Guinea,PNG,2002,73.0,17620.0,5924010.0,2974.34
Papua New Guinea,PNG,2003,77.0,3863.0,6124005.0,630.8
Papua New Guinea,PNG,2004,77.0,1385.0,6328042.0,218.87
Papua New Guinea,PNG,2005,82.0,1222.0,6535905.0,186.97
Papua New Guinea,PNG,2006,82.0,1.0,6747724.0,0.15
Papua New Guinea,PNG,2007,72.0,0.0,6963353.0,0.0
Papua New Guinea,PNG,2008,66.0,0.0,7183002.0,0.0
Papua New Guinea,PNG,2009,65.0,0.0,7406442.0,0.0
Papua New Guinea,PNG,2010,63.0,0.0,7633524.0,0.0
Papua New Guinea,PNG,2011,66.0,0.0,7859349.0,0.0
Papua New Guinea,PNG,2012,71.0,0.0,8081396.0,0.0
Papua New Guinea,PNG,2013,72.0,12.0,8302700.0,1.45
Papua New Guinea,PNG,2014,65.0,2299.0,8523440.0,269.73
Papua New Guinea,PNG,2015,57.0,38.0,8743247.0,4.35
Papua New Guinea,PNG,2016,46.0,0.0,8961717.0,0.0
Papua New Guinea,PNG,2017,41.0,7.0,9178717.0,0.76
Papua New Guinea,PNG,2018,37.0,19.0,9394518.0,2.02
Papua New Guinea,PNG,2019,37.0,1.0,9609014.0,0.1
Papua New Guinea,PNG,2020,44.0,4.0,9815743.0,0.41
Papua New Guinea,PNG,2021,35.0,0.0,10012898.0,0.0
Papua New Guinea,PNG,2022,41.0,2.0,10203177.0,0.2
Papua New Guinea,PNG,2023,52.0,12.0,10389638.0,1.15
Papua New Guinea,PNG,2024,44.0,47.0,10389638.0,4.52
Paraguay,PRY,1980,19.0,745.0,3053239.0,244.0
Paraguay,PRY,1981,16.0,428.0,3137611.0,136.41
Paraguay,PRY,1982,26.0,531.0,3226195.0,164.59
Paraguay,PRY,1983,37.0,1259.0,3318075.0,379.44
Paraguay,PRY,1984,62.0,979.0,3412939.0,286.85
Paraguay,PRY,1985,48.0,666.0,3510678.0,189.71
Paraguay,PRY,1986,46.0,610.0,3611474.0,168.91
Paraguay,PRY,1987,56.0,1742.0,3714892.0,468.92
Paraguay,PRY,1988,63.0,755.0,3820551.0,197.62
Paraguay,PRY,1989,58.0,386.0,3927802.0,98.27
Paraguay,PRY,1990,69.0,1396.0,4035752.0,345.91
Paraguay,PRY,1991,74.0,526.0,4144370.0,126.92
Paraguay,PRY,1992,87.0,864.0,4253608.0,203.12
Paraguay,PRY,1993,96.0,2066.0,4362706.0,473.56
Paraguay,PRY,1994,76.0,122.0,4471423.0,27.28
Paraguay,PRY,1995,75.0,73.0,4579803.0,15.94
Paraguay,PRY,1996,81.0,13.0,4687540.0,2.77
Paraguay,PRY,1997,61.0,143.0,4794415.0,29.83
Paraguay,PRY,1998,71.0,70.0,4900028.0,14.29
Paraguay,PRY,1999,82.0,0.0,5003139.0,0.0
Paraguay,PRY,2000,92.0,0.0,5100875.0,0.0
Paraguay,PRY,2001,90.0,0.0,5187690.0,0.0
Paraguay,PRY,2002,86.0,0.0,5261334.0,0.0
Paraguay,PRY,2003,91.0,0.0,5326437.0,0.0
Paraguay,PRY,2004,91.0,0.0,5388181.0,0.0
Paraguay,PRY,2005,91.0,0.0,5448100.0,0.0
Paraguay,PRY,2006,91.0,0.0,5505145.0,0.0
Paraguay,PRY,2007,91.0,0.0,5559385.0,0.0
Paraguay,PRY,2008,91.0,0.0,5613577.0,0.0
Paraguay,PRY,2009,91.0,0.0,5671243.0,0.0
Paraguay,PRY,2010,93.0,0.0,5737973.0,0.0
Paraguay,PRY,2011,91.0,0.0,5814632.0,0.0
Paraguay,PRY,2012,88.0,0.0,5897011.0,0.0
Paraguay,PRY,2013,88.0,0.0,5982447.0,0.0
Paraguay,PRY,2014,84.0,0.0,6069819.0,0.0
Paraguay,PRY,2015,78.0,0.0,6159106.0,0.0
Paraguay,PRY,2016,85.0,0.0,6249129.0,0.0
Paraguay,PRY,2017,92.0,0.0,6338658.0,0.0
Paraguay,PRY,2018,93.0,0.0,6427382.0,0.0
Paraguay,PRY,2019,87.0,0.0,6515059.0,0.0
Paraguay,PRY,2020,80.0,0.0,6603741.0,0.0
Paraguay,PRY,2021,68.0,0.0,6684184.0,0.0
Paraguay,PRY,2022,54.0,1.0,6760460.0,0.15
Paraguay,PRY,2023,83.0,0.0,6844150.0,0.0
Paraguay,PRY,2024,90.0,0.0,6844150.0,0.0
Peru,PER,1980,23.0,19246.0,17360955.0,1108.58
Peru,PER,1981,26.0,10071.0,17798803.0,565.82
Peru,PER,1982,32.0,12708.0,18246506.0,696.46
Peru,PER,1983,28.0,7619.0,18705961.0,407.3
Peru,PER,1984,35.0,13039.0,19174717.0,680.01
Peru,PER,1985,53.0,9393.0,19648212.0,478.06
Peru,PER,1986,41.0,6099.0,20117127.0,303.17
Peru,PER,1987,56.0,6240.0,20582325.0,303.17
Peru,PER,1988,52.0,5785.0,21054704.0,274.76
Peru,PER,1989,52.0,1145.0,21532587.0,53.18
Peru,PER,1990,64.0,737.0,22014772.0,33.48
Peru,PER,1991,74.0,1014.0,22483784.0,45.1
Peru,PER,1992,83.0,22605.0,22946345.0,985.12
Peru,PER,1993,75.0,1730.0,23413783.0,73.89
Peru,PER,1994,75.0,670.0,23881497.0,28.06
Peru,PER,1995,98.0,353.0,24348922.0,14.5
Peru,PER,1996,87.0,105.0,24811174.0,4.23
Peru,PER,1997,91.0,95.0,25274149.0,3.76
Peru,PER,1998,93.0,10.0,25738101.0,0.39
Peru,PER,1999,93.0,12.0,26186499.0,0.46
Peru,PER,2000,97.0,1.0,26598328.0,0.04
Peru,PER,2001,97.0,0.0,26964610.0,0.0
Peru,PER,2002,95.0,0.0,27288211.0,0.0
Peru,PER,2003,95.0,0.0,27580485.0,0.0
Peru,PER,2004,85.0,0.0,27852190.0,0.0
Peru,PER,2005,77.0,0.0,28101175.0,0.0
Peru,PER,2006,93.0,0.0,28324488.0,0.0
Peru,PER,2007,92.0,0.0,28530704.0,0.0
Peru,PER,2008,92.0,1.0,28719038.0,0.03
Peru,PER,2009,91.0,0.0,28896819.0,0.0
Peru,PER,2010,94.0,0.0,29086021.0,0.0
Peru,PER,2011,96.0,0.0,29304083.0,0.0
Peru,PER,2012,94.0,0.0,29550367.0,0.0
Peru,PER,2013,85.0,0.0,29817908.0,0.0
Peru,PER,2014,89.0,0.0,30115825.0,0.0
Peru,PER,2015,92.0,4.0,30457598.0,0.13
Peru,PER,2016,89.0,0.0,30866497.0,0.0
Peru,PER,2017,88.0,0.0,31324639.0,0.0
Peru,PER,2018,86.0,42.0,31897590.0,1.32
Peru,PER,2019,85.0,2.0,32449302.0,0.06
Peru,PER,2020,77.0,0.0,32838577.0,0.0
Peru,PER,2021,78.0,0.0,33155883.0,0.0
Peru,PER,2022,74.0,0.0,33475436.0,0.0
Peru,PER,2023,84.0,0.0,33845616.0,0.0
Peru,PER,2024,89.0,2.0,33845616.0,0.06
Philippines,PHL,1980,,26765.0,48043744.0,557.1
Philippines,PHL,1981,,27031.0,49311730.0,548.17
Philippines,PHL,1982,9.0,35989.0,50695715.0,709.9
Philippines,PHL,1983,27.0,43684.0,52194624.0,836.94
Philippines,PHL,1984,44.0,75290.0,53726187.0,1401.37
Philippines,PHL,1985,49.0,62959.0,55213007.0,1140.29
Philippines,PHL,1986,51.0,59375.0,56645083.0,1048.19
Philippines,PHL,1987,67.0,81896.0,58157496.0,1408.18
Philippines,PHL,1988,77.0,70801.0,59739056.0,1185.17
Philippines,PHL,1989,83.0,68986.0,61265259.0,1126.02
Philippines,PHL,1990,85.0,42938.0,62854668.0,683.13
Philippines,PHL,1991,83.0,29037.0,64382249.0,451.01
Philippines,PHL,1992,81.0,39304.0,65926130.0,596.18
Philippines,PHL,1993,78.0,7541.0,67530621.0,111.67
Philippines,PHL,1994,75.0,3006.0,69019297.0,43.55
Philippines,PHL,1995,72.0,3913.0,70546245.0,55.47
Philippines,PHL,1996,76.0,,72190237.0,
Philippines,PHL,1997,79.0,9218.0,73908813.0,124.72
Philippines,PHL,1998,80.0,1984.0,75791031.0,26.18
Philippines,PHL,1999,80.0,2981.0,77753256.0,38.34
Philippines,PHL,2000,78.0,7120.0,79625401.0,89.42
Philippines,PHL,2001,81.0,7360.0,81401488.0,90.42
Philippines,PHL,2002,82.0,7003.0,83068889.0,84.3
Philippines,PHL,2003,87.0,10511.0,84731836.0,124.05
Philippines,PHL,2004,92.0,3025.0,86394510.0,35.01
Philippines,PHL,2005,92.0,118.0,88015959.0,1.34
Philippines,PHL,2006,92.0,9.0,89508992.0,0.1
Philippines,PHL,2007,92.0,530.0,91075180.0,5.82
Philippines,PHL,2008,90.0,341.0,92699091.0,3.68
Philippines,PHL,2009,89.0,1469.0,94384256.0,15.56
Philippines,PHL,2010,87.0,6368.0,96337127.0,66.1
Philippines,PHL,2011,86.0,6538.0,98248614.0,66.55
Philippines,PHL,2012,84.0,1536.0,100175511.0,15.33
Philippines,PHL,2013,83.0,2920.0,102076334.0,28.61
Philippines,PHL,2014,81.0,58848.0,103767127.0,567.12
Philippines,PHL,2015,80.0,619.0,105312988.0,5.88
Philippines,PHL,2016,80.0,716.0,106735721.0,6.71
Philippines,PHL,2017,81.0,2428.0,108119691.0,22.46
Philippines,PHL,2018,82.0,20827.0,109465284.0,190.26
Philippines,PHL,2019,83.0,48525.0,110804685.0,437.93
Philippines,PHL,2020,79.0,3832.0,112081270.0,34.19
Philippines,PHL,2021,64.0,206.0,113100947.0,1.82
Philippines,PHL,2022,76.0,589.0,113964343.0,5.17
Philippines,PHL,2023,81.0,2892.0,114891199.0,25.17
Philippines,PHL,2024,80.0,3844.0,114891199.0,33.46
Poland,POL,1980,92.0,24882.0,35576518.0,699.39
Poland,POL,1981,93.0,35283.0,35900913.0,982.79
Poland,POL,1982,93.0,7620.0,36233465.0,210.3
Poland,POL,1983,94.0,11271.0,36573700.0,308.17
Poland,POL,1984,94.0,54403.0,36905795.0,1474.1
Poland,POL,1985,92.0,35680.0,37200850.0,959.12
Poland,POL,1986,92.0,6806.0,37452612.0,181.72
Poland,POL,1987,94.0,1286.0,37665710.0,34.14
Poland,POL,1988,95.0,1005.0,37817863.0,26.57
Poland,POL,1989,95.0,7225.0,37938086.0,190.44
Poland,POL,1990,95.0,56471.0,38055448.0,1483.91
Poland,POL,1991,94.0,2419.0,38152947.0,63.4
Poland,POL,1992,95.0,3695.0,38233636.0,96.64
Poland,POL,1993,95.0,1410.0,38294882.0,36.82
Poland,POL,1994,96.0,864.0,38344312.0,22.53
Poland,POL,1995,96.0,752.0,38364668.0,19.6
Poland,POL,1996,97.0,639.0,38359164.0,16.66
Poland,POL,1997,97.0,338.0,38348307.0,8.81
Poland,POL,1998,97.0,2255.0,38326431.0,58.84
Poland,POL,1999,97.0,99.0,38287717.0,2.59
Poland,POL,2000,97.0,77.0,38258077.0,2.01
Poland,POL,2001,97.0,133.0,38247359.0,3.48
Poland,POL,2002,98.0,34.0,38229407.0,0.89
Poland,POL,2003,97.0,48.0,38203527.0,1.26
Poland,POL,2004,97.0,11.0,38167568.0,0.29
Poland,POL,2005,98.0,13.0,38124377.0,0.34
Poland,POL,2006,99.0,120.0,38071169.0,3.15
Poland,POL,2007,98.0,40.0,38020420.0,1.05
Poland,POL,2008,98.0,,37995902.0,
Poland,POL,2009,98.0,115.0,38002153.0,3.03
Poland,POL,2010,98.0,13.0,38095356.0,0.34
Poland,POL,2011,98.0,,38208644.0,
Poland,POL,2012,98.0,71.0,38247867.0,1.86
Poland,POL,2013,98.0,84.0,38259267.0,2.2
Poland,POL,2014,97.0,,38265113.0,
Poland,POL,2015,96.0,,38266314.0,
Poland,POL,2016,96.0,123.0,38263260.0,3.21
Poland,POL,2017,94.0,63.0,38254964.0,1.65
Poland,POL,2018,93.0,359.0,38241070.0,9.39
Poland,POL,2019,93.0,1367.0,38225884.0,35.76
Poland,POL,2020,92.0,29.0,38171005.0,0.76
Poland,POL,2021,91.0,13.0,38040303.0,0.34
Poland,POL,2022,91.0,27.0,38385734.0,0.7
Poland,POL,2023,92.0,35.0,38762847.0,0.9
Poland,POL,2024,92.0,272.0,38762847.0,7.02
Portugal,PRT,1980,54.0,,9763622.0,
Portugal,PRT,1981,49.0,,9837588.0,
Portugal,PRT,1982,46.0,,9885845.0,
Portugal,PRT,1983,48.0,,9925257.0,
Portugal,PRT,1984,48.0,,9956893.0,
Portugal,PRT,1985,70.0,,9979475.0,
Portugal,PRT,1986,75.0,,9993097.0,
Portugal,PRT,1987,81.0,813.0,10001990.0,81.28
Portugal,PRT,1988,84.0,2285.0,10004588.0,228.4
Portugal,PRT,1989,96.0,11791.0,10001380.0,1178.94
Portugal,PRT,1990,85.0,407.0,9989526.0,40.74
Portugal,PRT,1991,96.0,275.0,9969181.0,27.59
Portugal,PRT,1992,99.0,208.0,9960345.0,20.88
Portugal,PRT,1993,95.0,881.0,9972341.0,88.34
Portugal,PRT,1994,91.0,3230.0,9998487.0,323.05
Portugal,PRT,1995,94.0,192.0,10031756.0,19.14
Portugal,PRT,1996,99.0,112.0,10067655.0,11.12
Portugal,PRT,1997,96.0,129.0,10110548.0,12.76
Portugal,PRT,1998,96.0,96.0,10159524.0,9.45
Portugal,PRT,1999,92.0,50.0,10214877.0,4.89
Portugal,PRT,2000,87.0,45.0,10283196.0,4.38
Portugal,PRT,2001,90.0,,10354329.0,
Portugal,PRT,2002,93.0,8.0,10413045.0,0.77
Portugal,PRT,2003,96.0,8.0,10454246.0,0.77
Portugal,PRT,2004,95.0,5.0,10481386.0,0.48
Portugal,PRT,2005,93.0,7.0,10502993.0,0.67
Portugal,PRT,2006,97.0,0.0,10524123.0,0.0
Portugal,PRT,2007,95.0,0.0,10546822.0,0.0
Portugal,PRT,2008,97.0,1.0,10564086.0,0.09
Portugal,PRT,2009,95.0,3.0,10576265.0,0.28
Portugal,PRT,2010,96.0,5.0,10578659.0,0.47
Portugal,PRT,2011,97.0,2.0,10557050.0,0.19
Portugal,PRT,2012,97.0,23.0,10513155.0,2.19
Portugal,PRT,2013,98.0,1.0,10458287.0,0.1
Portugal,PRT,2014,98.0,,10406203.0,
Portugal,PRT,2015,98.0,0.0,10370264.0,0.0
Portugal,PRT,2016,98.0,34.0,10346377.0,3.29
Portugal,PRT,2017,98.0,34.0,10330838.0,3.29
Portugal,PRT,2018,99.0,162.0,10325355.0,15.69
Portugal,PRT,2019,99.0,10.0,10343218.0,0.97
Portugal,PRT,2020,99.0,10.0,10370519.0,0.96
Portugal,PRT,2021,98.0,0.0,10390957.0,0.0
Portugal,PRT,2022,98.0,0.0,10417074.0,0.0
Portugal,PRT,2023,98.0,0.0,10430735.0,0.0
Portugal,PRT,2024,99.0,35.0,10430735.0,3.36
Qatar,QAT,1980,26.0,392.0,275923.0,1420.69
Qatar,QAT,1981,10.0,1489.0,293561.0,5072.2
Qatar,QAT,1982,22.0,506.0,311544.0,1624.17
Qatar,QAT,1983,69.0,816.0,329720.0,2474.83
Qatar,QAT,1984,62.0,886.0,347894.0,2546.75
Qatar,QAT,1985,62.0,1410.0,365950.0,3852.99
Qatar,QAT,1986,62.0,2095.0,382426.0,5478.18
Qatar,QAT,1987,60.0,409.0,397012.0,1030.2
Qatar,QAT,1988,73.0,382.0,411273.0,928.82
Qatar,QAT,1989,79.0,1083.0,425658.0,2544.3
Qatar,QAT,1990,79.0,314.0,440184.0,713.34
Qatar,QAT,1991,84.0,563.0,454860.0,1237.74
Qatar,QAT,1992,86.0,68.0,469657.0,144.79
Qatar,QAT,1993,86.0,86.0,484553.0,177.48
Qatar,QAT,1994,86.0,31.0,499469.0,62.07
Qatar,QAT,1995,87.0,0.0,514334.0,0.0
Qatar,QAT,1996,90.0,38.0,529024.0,71.83
Qatar,QAT,1997,87.0,439.0,550511.0,797.44
Qatar,QAT,1998,89.0,116.0,580543.0,199.81
Qatar,QAT,1999,87.0,,612510.0,
Qatar,QAT,2000,91.0,46.0,644993.0,71.32
Qatar,QAT,2001,92.0,23.0,677934.0,33.93
Qatar,QAT,2002,99.0,34.0,711215.0,47.81
Qatar,QAT,2003,93.0,24.0,744690.0,32.23
Qatar,QAT,2004,99.0,29.0,773341.0,37.5
Qatar,QAT,2005,99.0,74.0,825419.0,89.65
Qatar,QAT,2006,99.0,144.0,972841.0,148.02
Qatar,QAT,2007,92.0,361.0,1208601.0,298.69
Qatar,QAT,2008,96.0,,1426942.0,
Qatar,QAT,2009,99.0,112.0,1586052.0,70.62
Qatar,QAT,2010,99.0,295.0,1709238.0,172.59
Qatar,QAT,2011,98.0,101.0,1810960.0,55.77
Qatar,QAT,2012,97.0,160.0,1907122.0,83.9
Qatar,QAT,2013,97.0,73.0,2032650.0,35.91
Qatar,QAT,2014,99.0,46.0,2218378.0,20.74
Qatar,QAT,2015,99.0,18.0,2427340.0,7.42
Qatar,QAT,2016,99.0,30.0,2599382.0,11.54
Qatar,QAT,2017,99.0,9.0,2706716.0,3.33
Qatar,QAT,2018,99.0,2.0,2761144.0,0.72
Qatar,QAT,2019,99.0,5.0,2797927.0,1.79
Qatar,QAT,2020,90.0,3.0,2803375.0,1.07
Qatar,QAT,2021,99.0,1.0,2814988.0,0.36
Qatar,QAT,2022,99.0,1.0,2892466.0,0.35
Qatar,QAT,2023,99.0,127.0,2979086.0,42.63
Qatar,QAT,2024,99.0,55.0,2979086.0,18.46
Romania,ROU,1980,,10476.0,22154776.0,472.86
Romania,ROU,1981,,21584.0,22272788.0,969.07
Romania,ROU,1982,,61682.0,22374447.0,2756.81
Romania,ROU,1983,83.0,4723.0,22459213.0,210.29
Romania,ROU,1984,86.0,2108.0,22534002.0,93.55
Romania,ROU,1985,88.0,5007.0,22605815.0,221.49
Romania,ROU,1986,81.0,34037.0,22674739.0,1501.1
Romania,ROU,1987,90.0,11833.0,22745589.0,520.23
Romania,ROU,1988,78.0,1810.0,22815435.0,79.33
Romania,ROU,1989,90.0,3870.0,22887645.0,169.09
Romania,ROU,1990,92.0,4691.0,22939530.0,204.49
Romania,ROU,1991,92.0,1773.0,22947416.0,77.26
Romania,ROU,1992,91.0,6061.0,22912389.0,264.53
Romania,ROU,1993,93.0,28321.0,22842257.0,1239.85
Romania,ROU,1994,91.0,6228.0,22756247.0,273.68
Romania,ROU,1995,93.0,2188.0,22657722.0,96.57
Romania,ROU,1996,94.0,906.0,22541915.0,40.19
Romania,ROU,1997,97.0,23579.0,22411511.0,1052.09
Romania,ROU,1998,97.0,9547.0,22284901.0,428.41
Romania,ROU,1999,98.0,240.0,22166156.0,10.83
Romania,ROU,2000,98.0,35.0,22046264.0,1.59
Romania,ROU,2001,98.0,10.0,21919916.0,0.46
Romania,ROU,2002,98.0,14.0,21770020.0,0.64
Romania,ROU,2003,97.0,9.0,21593448.0,0.42
Romania,ROU,2004,97.0,117.0,21403215.0,5.47
Romania,ROU,2005,97.0,5043.0,21213395.0,237.73
Romania,ROU,2006,95.0,3196.0,21035732.0,151.93
Romania,ROU,2007,97.0,353.0,20870714.0,16.91
Romania,ROU,2008,96.0,12.0,20718745.0,0.58
Romania,ROU,2009,96.0,8.0,20576922.0,0.39
Romania,ROU,2010,95.0,193.0,20432575.0,9.45
Romania,ROU,2011,93.0,4189.0,20282009.0,206.54
Romania,ROU,2012,94.0,7450.0,20158451.0,369.57
Romania,ROU,2013,92.0,1159.0,20062913.0,57.77
Romania,ROU,2014,89.0,59.0,19968179.0,2.95
Romania,ROU,2015,86.0,4.0,19871018.0,0.2
Romania,ROU,2016,86.0,2435.0,19777049.0,123.12
Romania,ROU,2017,87.0,9076.0,19689405.0,460.96
Romania,ROU,2018,90.0,6407.0,19597874.0,326.92
Romania,ROU,2019,90.0,3900.0,19501542.0,199.98
Romania,ROU,2020,87.0,1004.0,19392467.0,51.77
Romania,ROU,2021,86.0,2.0,19248159.0,0.1
Romania,ROU,2022,83.0,17.0,19166776.0,0.89
Romania,ROU,2023,78.0,3677.0,19118482.0,192.33
Romania,ROU,2024,78.0,25505.0,19118482.0,1334.05
Russia,RUS,1990,,18370.0,148979537.0,123.31
Russia,RUS,1991,,20449.0,149448433.0,136.83
Russia,RUS,1992,83.0,18570.0,148915993.0,124.7
Russia,RUS,1993,88.0,74463.0,148135419.0,502.67
Russia,RUS,1994,81.0,28672.0,148200734.0,193.47
Russia,RUS,1995,85.0,6630.0,148291406.0,44.71
Russia,RUS,1996,88.0,7120.0,148084580.0,48.08
Russia,RUS,1997,91.0,2874.0,147853769.0,19.44
Russia,RUS,1998,94.0,6215.0,147635543.0,42.1
Russia,RUS,1999,97.0,7428.0,147241973.0,50.45
Russia,RUS,2000,97.0,4800.0,146717784.0,32.72
Russia,RUS,2001,97.0,2072.0,146117290.0,14.18
Russia,RUS,2002,98.0,580.0,145939502.0,3.97
Russia,RUS,2003,98.0,3291.0,145794230.0,22.57
Russia,RUS,2004,98.0,2444.0,145180091.0,16.83
Russia,RUS,2005,99.0,454.0,144597886.0,3.14
Russia,RUS,2006,99.0,1147.0,144102948.0,7.96
Russia,RUS,2007,99.0,173.0,143859767.0,1.2
Russia,RUS,2008,99.0,27.0,143811837.0,0.19
Russia,RUS,2009,98.0,101.0,143869128.0,0.7
Russia,RUS,2010,98.0,129.0,143934468.0,0.9
Russia,RUS,2011,98.0,629.0,144043751.0,4.37
Russia,RUS,2012,98.0,2123.0,144291025.0,14.71
Russia,RUS,2013,98.0,2339.0,144604105.0,16.18
Russia,RUS,2014,98.0,4711.0,144925639.0,32.51
Russia,RUS,2015,98.0,843.0,145307612.0,5.8
Russia,RUS,2016,98.0,178.0,145778668.0,1.22
Russia,RUS,2017,98.0,721.0,146186798.0,4.93
Russia,RUS,2018,98.0,2539.0,146430146.0,17.34
Russia,RUS,2019,98.0,4491.0,146533063.0,30.65
Russia,RUS,2020,97.0,1212.0,146371295.0,8.28
Russia,RUS,2021,97.0,1.0,145836172.0,0.01
Russia,RUS,2022,97.0,102.0,145579889.0,0.7
Russia,RUS,2023,97.0,13083.0,145440502.0,89.95
Russia,RUS,2024,97.0,22455.0,145440502.0,154.39
Rwanda,RWA,1980,,80402.0,5353263.0,15019.25
Rwanda,RWA,1981,42.0,79384.0,5527236.0,14362.33
Rwanda,RWA,1982,48.0,36792.0,5711555.0,6441.68
Rwanda,RWA,1983,53.0,20001.0,5905311.0,3386.95
Rwanda,RWA,1984,53.0,17269.0,6107628.0,2827.45
Rwanda,RWA,1985,52.0,16760.0,6317230.0,2653.06
Rwanda,RWA,1986,79.0,42749.0,6531887.0,6544.66
Rwanda,RWA,1987,78.0,12387.0,6749494.0,1835.25
Rwanda,RWA,1988,79.0,4364.0,6968075.0,626.28
Rwanda,RWA,1989,83.0,5429.0,7184709.0,755.63
Rwanda,RWA,1990,83.0,8970.0,7375313.0,1216.22
Rwanda,RWA,1991,89.0,5820.0,7526964.0,773.22
Rwanda,RWA,1992,82.0,17429.0,7683266.0,2268.44
Rwanda,RWA,1993,74.0,9861.0,7981142.0,1235.54
Rwanda,RWA,1994,25.0,5999.0,6792358.0,883.2
Rwanda,RWA,1995,84.0,28874.0,5674118.0,5088.72
Rwanda,RWA,1996,76.0,3988.0,6708767.0,594.45
Rwanda,RWA,1997,66.0,787.0,7755237.0,101.48
Rwanda,RWA,1998,72.0,,8081688.0,
Rwanda,RWA,1999,78.0,4359.0,8147917.0,534.98
Rwanda,RWA,2000,74.0,2095.0,8213936.0,255.05
Rwanda,RWA,2001,69.0,896.0,8287091.0,108.12
Rwanda,RWA,2002,69.0,2738.0,8400185.0,325.95
Rwanda,RWA,2003,90.0,1064.0,8586878.0,123.91
Rwanda,RWA,2004,84.0,386.0,8816849.0,43.78
Rwanda,RWA,2005,89.0,129.0,9054532.0,14.25
Rwanda,RWA,2006,95.0,494.0,9299251.0,53.12
Rwanda,RWA,2007,94.0,26.0,9549940.0,2.72
Rwanda,RWA,2008,92.0,6.0,9804268.0,0.61
Rwanda,RWA,2009,95.0,5.0,10060438.0,0.5
Rwanda,RWA,2010,95.0,121.0,10317560.0,11.73
Rwanda,RWA,2011,95.0,31.0,10573742.0,2.93
Rwanda,RWA,2012,97.0,75.0,10829904.0,6.93
Rwanda,RWA,2013,95.0,17.0,11093340.0,1.53
Rwanda,RWA,2014,97.0,10.0,11364758.0,0.88
Rwanda,RWA,2015,96.0,1.0,11640026.0,0.09
Rwanda,RWA,2016,95.0,95.0,11919183.0,7.97
Rwanda,RWA,2017,97.0,145.0,12202062.0,11.88
Rwanda,RWA,2018,99.0,229.0,12488000.0,18.34
Rwanda,RWA,2019,96.0,818.0,12776102.0,64.03
Rwanda,RWA,2020,94.0,108.0,13065838.0,8.27
Rwanda,RWA,2021,87.0,40.0,13355260.0,3.0
Rwanda,RWA,2022,99.0,29.0,13651025.0,2.12
Rwanda,RWA,2023,96.0,108.0,13954473.0,7.74
Rwanda,RWA,2024,97.0,53.0,13954473.0,3.8
Saint Kitts and Nevis,KNA,1980,,305.0,42866.0,7115.2
Saint Kitts and Nevis,KNA,1981,,52.0,42721.0,1217.2
Saint Kitts and Nevis,KNA,1982,,138.0,42549.0,3243.32
Saint Kitts and Nevis,KNA,1983,,556.0,42355.0,13127.14
Saint Kitts and Nevis,KNA,1984,85.0,2.0,42134.0,47.47
Saint Kitts and Nevis,KNA,1985,91.0,27.0,41894.0,644.48
Saint Kitts and Nevis,KNA,1986,96.0,22.0,41642.0,528.31
Saint Kitts and Nevis,KNA,1987,91.0,21.0,41368.0,507.64
Saint Kitts and Nevis,KNA,1988,77.0,12.0,41084.0,292.08
Saint Kitts and Nevis,KNA,1989,90.0,12.0,40777.0,294.28
Saint Kitts and Nevis,KNA,1990,99.0,80.0,40456.0,1977.46
Saint Kitts and Nevis,KNA,1991,99.0,0.0,40382.0,0.0
Saint Kitts and Nevis,KNA,1992,99.0,0.0,40740.0,0.0
Saint Kitts and Nevis,KNA,1993,99.0,0.0,41266.0,0.0
Saint Kitts and Nevis,KNA,1994,99.0,0.0,41798.0,0.0
Saint Kitts and Nevis,KNA,1995,99.0,1.0,42347.0,23.61
Saint Kitts and Nevis,KNA,1996,99.0,0.0,42903.0,0.0
Saint Kitts and Nevis,KNA,1997,97.0,0.0,43453.0,0.0
Saint Kitts and Nevis,KNA,1998,99.0,0.0,44018.0,0.0
Saint Kitts and Nevis,KNA,1999,99.0,0.0,44625.0,0.0
Saint Kitts and Nevis,KNA,2000,99.0,0.0,45272.0,0.0
Saint Kitts and Nevis,KNA,2001,90.0,0.0,45785.0,0.0
Saint Kitts and Nevis,KNA,2002,99.0,0.0,46048.0,0.0
Saint Kitts and Nevis,KNA,2003,98.0,0.0,46200.0,0.0
Saint Kitts and Nevis,KNA,2004,98.0,0.0,46337.0,0.0
Saint Kitts and Nevis,KNA,2005,99.0,0.0,46459.0,0.0
Saint Kitts and Nevis,KNA,2006,99.0,0.0,46592.0,0.0
Saint Kitts and Nevis,KNA,2007,99.0,0.0,46734.0,0.0
Saint Kitts and Nevis,KNA,2008,99.0,0.0,46857.0,0.0
Saint Kitts and Nevis,KNA,2009,99.0,0.0,46941.0,0.0
Saint Kitts and Nevis,KNA,2010,99.0,0.0,46871.0,0.0
Saint Kitts and Nevis,KNA,2011,99.0,0.0,46917.0,0.0
Saint Kitts and Nevis,KNA,2012,95.0,0.0,47056.0,0.0
Saint Kitts and Nevis,KNA,2013,99.0,0.0,47092.0,0.0
Saint Kitts and Nevis,KNA,2014,93.0,0.0,47112.0,0.0
Saint Kitts and Nevis,KNA,2015,95.0,0.0,47108.0,0.0
Saint Kitts and Nevis,KNA,2016,98.0,0.0,47099.0,0.0
Saint Kitts and Nevis,KNA,2017,93.0,0.0,47075.0,0.0
Saint Kitts and Nevis,KNA,2018,96.0,0.0,47032.0,0.0
Saint Kitts and Nevis,KNA,2019,97.0,0.0,46976.0,0.0
Saint Kitts and Nevis,KNA,2020,95.0,0.0,46896.0,0.0
Saint Kitts and Nevis,KNA,2021,96.0,0.0,46786.0,0.0
Saint Kitts and Nevis,KNA,2022,95.0,0.0,46732.0,0.0
Saint Kitts and Nevis,KNA,2023,95.0,0.0,46783.0,0.0
Saint Kitts and Nevis,KNA,2024,95.0,0.0,46783.0,0.0
Saint Lucia,LCA,1980,,35.0,119302.0,293.37
Saint Lucia,LCA,1981,,134.0,121183.0,1105.77
Saint Lucia,LCA,1982,43.0,2039.0,123097.0,16564.17
Saint Lucia,LCA,1983,36.0,71.0,125055.0,567.75
Saint Lucia,LCA,1984,60.0,13.0,127085.0,102.29
Saint Lucia,LCA,1985,68.0,9.0,129174.0,69.67
Saint Lucia,LCA,1986,91.0,32.0,131253.0,243.8
Saint Lucia,LCA,1987,81.0,4.0,133243.0,30.02
Saint Lucia,LCA,1988,83.0,4.0,135019.0,29.63
Saint Lucia,LCA,1989,91.0,10.0,136526.0,73.25
Saint Lucia,LCA,1990,82.0,30.0,137874.0,217.59
Saint Lucia,LCA,1991,97.0,2.0,139536.0,14.33
Saint Lucia,LCA,1992,75.0,0.0,141629.0,0.0
Saint Lucia,LCA,1993,94.0,0.0,143735.0,0.0
Saint Lucia,LCA,1994,92.0,0.0,145901.0,0.0
Saint Lucia,LCA,1995,94.0,2.0,148227.0,13.49
Saint Lucia,LCA,1996,95.0,0.0,150453.0,0.0
Saint Lucia,LCA,1997,95.0,0.0,152584.0,0.0
Saint Lucia,LCA,1998,90.0,0.0,154688.0,0.0
Saint Lucia,LCA,1999,95.0,0.0,156719.0,0.0
Saint Lucia,LCA,2000,88.0,0.0,158624.0,0.0
Saint Lucia,LCA,2001,89.0,0.0,160247.0,0.0
Saint Lucia,LCA,2002,98.0,0.0,161655.0,0.0
Saint Lucia,LCA,2003,90.0,0.0,162985.0,0.0
Saint Lucia,LCA,2004,95.0,0.0,164250.0,0.0
Saint Lucia,LCA,2005,94.0,0.0,165460.0,0.0
Saint Lucia,LCA,2006,94.0,0.0,166657.0,0.0
Saint Lucia,LCA,2007,94.0,0.0,167766.0,0.0
Saint Lucia,LCA,2008,99.0,0.0,168816.0,0.0
Saint Lucia,LCA,2009,99.0,0.0,169880.0,0.0
Saint Lucia,LCA,2010,95.0,0.0,170921.0,0.0
Saint Lucia,LCA,2011,91.0,0.0,171814.0,0.0
Saint Lucia,LCA,2012,99.0,0.0,172595.0,0.0
Saint Lucia,LCA,2013,99.0,0.0,173380.0,0.0
Saint Lucia,LCA,2014,99.0,0.0,174145.0,0.0
Saint Lucia,LCA,2015,97.0,0.0,174919.0,0.0
Saint Lucia,LCA,2016,99.0,0.0,175651.0,0.0
Saint Lucia,LCA,2017,87.0,0.0,176352.0,0.0
Saint Lucia,LCA,2018,86.0,0.0,177032.0,0.0
Saint Lucia,LCA,2019,96.0,0.0,177675.0,0.0
Saint Lucia,LCA,2020,89.0,0.0,178261.0,0.0
Saint Lucia,LCA,2021,77.0,0.0,178540.0,0.0
Saint Lucia,LCA,2022,81.0,0.0,178794.0,0.0
Saint Lucia,LCA,2023,85.0,0.0,179291.0,0.0
Saint Lucia,LCA,2024,83.0,0.0,179291.0,0.0
Saint Vincent and the Grenadines,VCT,1980,,257.0,104229.0,2465.72
Saint Vincent and the Grenadines,VCT,1981,,19.0,105092.0,180.79
Saint Vincent and the Grenadines,VCT,1982,40.0,757.0,105986.0,7142.45
Saint Vincent and the Grenadines,VCT,1983,59.0,63.0,106858.0,589.57
Saint Vincent and the Grenadines,VCT,1984,92.0,15.0,107706.0,139.27
Saint Vincent and the Grenadines,VCT,1985,74.0,5.0,108526.0,46.07
Saint Vincent and the Grenadines,VCT,1986,88.0,2.0,109302.0,18.3
Saint Vincent and the Grenadines,VCT,1987,91.0,1.0,110018.0,9.09
Saint Vincent and the Grenadines,VCT,1988,97.0,10.0,110678.0,90.35
Saint Vincent and the Grenadines,VCT,1989,99.0,1.0,111290.0,8.99
Saint Vincent and the Grenadines,VCT,1990,96.0,1.0,111825.0,8.94
Saint Vincent and the Grenadines,VCT,1991,99.0,0.0,112236.0,0.0
Saint Vincent and the Grenadines,VCT,1992,99.0,0.0,112524.0,0.0
Saint Vincent and the Grenadines,VCT,1993,99.0,0.0,112753.0,0.0
Saint Vincent and the Grenadines,VCT,1994,99.0,0.0,112933.0,0.0
Saint Vincent and the Grenadines,VCT,1995,99.0,0.0,113064.0,0.0
Saint Vincent and the Grenadines,VCT,1996,99.0,0.0,113136.0,0.0
Saint Vincent and the Grenadines,VCT,1997,99.0,0.0,113158.0,0.0
Saint Vincent and the Grenadines,VCT,1998,99.0,0.0,113195.0,0.0
Saint Vincent and the Grenadines,VCT,1999,87.0,0.0,113384.0,0.0
Saint Vincent and the Grenadines,VCT,2000,96.0,0.0,113561.0,0.0
Saint Vincent and the Grenadines,VCT,2001,98.0,0.0,113506.0,0.0
Saint Vincent and the Grenadines,VCT,2002,99.0,0.0,113365.0,0.0
Saint Vincent and the Grenadines,VCT,2003,94.0,0.0,113149.0,0.0
Saint Vincent and the Grenadines,VCT,2004,99.0,0.0,112856.0,0.0
Saint Vincent and the Grenadines,VCT,2005,97.0,0.0,112465.0,0.0
Saint Vincent and the Grenadines,VCT,2006,99.0,0.0,112027.0,0.0
Saint Vincent and the Grenadines,VCT,2007,99.0,0.0,111544.0,0.0
Saint Vincent and the Grenadines,VCT,2008,99.0,0.0,111047.0,0.0
Saint Vincent and the Grenadines,VCT,2009,99.0,0.0,110521.0,0.0
Saint Vincent and the Grenadines,VCT,2010,99.0,0.0,109974.0,0.0
Saint Vincent and the Grenadines,VCT,2011,97.0,0.0,109367.0,0.0
Saint Vincent and the Grenadines,VCT,2012,94.0,0.0,108753.0,0.0
Saint Vincent and the Grenadines,VCT,2013,99.0,0.0,108156.0,0.0
Saint Vincent and the Grenadines,VCT,2014,99.0,0.0,107555.0,0.0
Saint Vincent and the Grenadines,VCT,2015,99.0,0.0,106975.0,0.0
Saint Vincent and the Grenadines,VCT,2016,99.0,0.0,106365.0,0.0
Saint Vincent and the Grenadines,VCT,2017,99.0,0.0,105674.0,0.0
Saint Vincent and the Grenadines,VCT,2018,99.0,0.0,104939.0,0.0
Saint Vincent and the Grenadines,VCT,2019,99.0,0.0,104183.0,0.0
Saint Vincent and the Grenadines,VCT,2020,99.0,0.0,103540.0,0.0
Saint Vincent and the Grenadines,VCT,2021,96.0,0.0,102848.0,0.0
Saint Vincent and the Grenadines,VCT,2022,99.0,0.0,102063.0,0.0
Saint Vincent and the Grenadines,VCT,2023,90.0,,101331.0,
Saint Vincent and the Grenadines,VCT,2024,99.0,0.0,101331.0,0.0
Samoa,WSM,1980,,376.0,164335.0,2288.01
Samoa,WSM,1981,,72.0,165684.0,434.56
Samoa,WSM,1982,59.0,28.0,166496.0,168.17
Samoa,WSM,1983,78.0,7.0,166724.0,41.99
Samoa,WSM,1984,83.0,0.0,166805.0,0.0
Samoa,WSM,1985,81.0,1095.0,166862.0,6562.31
Samoa,WSM,1986,91.0,1.0,167071.0,5.99
Samoa,WSM,1987,78.0,0.0,167671.0,0.0
Samoa,WSM,1988,75.0,0.0,168360.0,0.0
Samoa,WSM,1989,82.0,1.0,168779.0,5.92
Samoa,WSM,1990,89.0,0.0,169061.0,0.0
Samoa,WSM,1991,77.0,0.0,169378.0,0.0
Samoa,WSM,1992,90.0,4.0,170340.0,23.48
Samoa,WSM,1993,92.0,7.0,171786.0,40.75
Samoa,WSM,1994,94.0,0.0,173167.0,0.0
Samoa,WSM,1995,96.0,0.0,174585.0,0.0
Samoa,WSM,1996,96.0,87.0,176086.0,494.08
Samoa,WSM,1997,99.0,0.0,177561.0,0.0
Samoa,WSM,1998,99.0,8.0,178921.0,44.71
Samoa,WSM,1999,91.0,,180279.0,
Samoa,WSM,2000,93.0,,181695.0,
Samoa,WSM,2001,92.0,,183174.0,
Samoa,WSM,2002,99.0,,184482.0,
Samoa,WSM,2003,62.0,0.0,185447.0,0.0
Samoa,WSM,2004,25.0,0.0,186265.0,0.0
Samoa,WSM,2005,57.0,0.0,186993.0,0.0
Samoa,WSM,2006,54.0,0.0,187724.0,0.0
Samoa,WSM,2007,63.0,,188766.0,
Samoa,WSM,2008,44.0,,190117.0,
Samoa,WSM,2009,45.0,0.0,191530.0,0.0
Samoa,WSM,2010,56.0,8.0,193035.0,41.44
Samoa,WSM,2011,59.0,0.0,194726.0,0.0
Samoa,WSM,2012,76.0,1.0,196518.0,5.09
Samoa,WSM,2013,92.0,,198284.0,
Samoa,WSM,2014,85.0,,200051.0,
Samoa,WSM,2015,75.0,,201794.0,
Samoa,WSM,2016,75.0,,203509.0,
Samoa,WSM,2017,67.0,3.0,205423.0,14.6
Samoa,WSM,2018,40.0,0.0,207595.0,0.0
Samoa,WSM,2019,96.0,5687.0,209794.0,27107.54
Samoa,WSM,2020,66.0,11.0,211957.0,51.9
Samoa,WSM,2021,62.0,0.0,213792.0,0.0
Samoa,WSM,2022,82.0,0.0,215270.0,0.0
Samoa,WSM,2023,87.0,0.0,216673.0,0.0
Samoa,WSM,2024,85.0,0.0,216673.0,0.0
San Marino,SMR,1983,,,22255.0,
San Marino,SMR,1984,,,22372.0,
San Marino,SMR,1985,,,22509.0,
San Marino,SMR,1986,,,22663.0,
San Marino,SMR,1987,,,22710.0,
San Marino,SMR,1988,,,22865.0,
San Marino,SMR,1989,,,23175.0,
San Marino,SMR,1990,,1.0,23501.0,42.55
San Marino,SMR,1991,99.0,1.0,23823.0,41.98
San Marino,SMR,1992,99.0,7.0,24149.0,289.87
San Marino,SMR,1993,96.0,6.0,24499.0,244.91
San Marino,SMR,1994,97.0,,24853.0,
San Marino,SMR,1995,97.0,,25183.0,
San Marino,SMR,1996,98.0,,25503.0,
San Marino,SMR,1997,98.0,22.0,25821.0,852.02
San Marino,SMR,1998,99.0,,26149.0,
San Marino,SMR,1999,99.0,0.0,26485.0,0.0
San Marino,SMR,2000,99.0,1.0,26823.0,37.28
San Marino,SMR,2001,97.0,,27173.0,
San Marino,SMR,2002,96.0,,27515.0,
San Marino,SMR,2003,94.0,3.0,27871.0,107.64
San Marino,SMR,2004,94.0,0.0,28230.0,0.0
San Marino,SMR,2005,94.0,0.0,28600.0,0.0
San Marino,SMR,2006,90.0,0.0,28966.0,0.0
San Marino,SMR,2007,90.0,0.0,29334.0,0.0
San Marino,SMR,2008,86.0,,29721.0,
San Marino,SMR,2009,88.0,0.0,30115.0,0.0
San Marino,SMR,2010,88.0,0.0,30648.0,0.0
San Marino,SMR,2011,90.0,0.0,32194.0,0.0
San Marino,SMR,2012,84.0,1.0,33494.0,29.86
San Marino,SMR,2013,82.0,,33641.0,
San Marino,SMR,2014,81.0,,33753.0,
San Marino,SMR,2015,84.0,,33927.0,
San Marino,SMR,2016,82.0,0.0,34188.0,0.0
San Marino,SMR,2017,86.0,0.0,34405.0,0.0
San Marino,SMR,2018,89.0,0.0,34557.0,0.0
San Marino,SMR,2019,86.0,12.0,34674.0,346.08
San Marino,SMR,2020,90.0,0.0,34796.0,0.0
San Marino,SMR,2021,89.0,0.0,34599.0,0.0
San Marino,SMR,2022,91.0,0.0,34113.0,0.0
San Marino,SMR,2023,89.0,0.0,33761.0,0.0
San Marino,SMR,2024,85.0,2.0,33761.0,59.24
Sao Tome and Principe,STP,1980,,519.0,98563.0,5265.67
Sao Tome and Principe,STP,1981,25.0,194.0,100629.0,1927.87
Sao Tome and Principe,STP,1982,32.0,3.0,102528.0,29.26
Sao Tome and Principe,STP,1983,40.0,216.0,104397.0,2069.02
Sao Tome and Principe,STP,1984,48.0,576.0,106410.0,5413.03
Sao Tome and Principe,STP,1985,35.0,62.0,108669.0,570.54
Sao Tome and Principe,STP,1986,58.0,69.0,111163.0,620.71
Sao Tome and Principe,STP,1987,69.0,0.0,113934.0,0.0
Sao Tome and Principe,STP,1988,69.0,118.0,116955.0,1008.94
Sao Tome and Principe,STP,1989,45.0,,119990.0,
Sao Tome and Principe,STP,1990,71.0,10.0,122993.0,81.31
Sao Tome and Principe,STP,1991,77.0,0.0,125711.0,0.0
Sao Tome and Principe,STP,1992,52.0,0.0,128127.0,0.0
Sao Tome and Principe,STP,1993,57.0,88.0,130478.0,674.44
Sao Tome and Principe,STP,1994,65.0,319.0,132745.0,2403.1
Sao Tome and Principe,STP,1995,74.0,23.0,134905.0,170.49
Sao Tome and Principe,STP,1996,57.0,0.0,136974.0,0.0
Sao Tome and Principe,STP,1997,60.0,0.0,138935.0,0.0
Sao Tome and Principe,STP,1998,59.0,,140765.0,
Sao Tome and Principe,STP,1999,64.0,,142459.0,
Sao Tome and Principe,STP,2000,69.0,0.0,144029.0,0.0
Sao Tome and Principe,STP,2001,75.0,0.0,146386.0,0.0
Sao Tome and Principe,STP,2002,85.0,0.0,149932.0,0.0
Sao Tome and Principe,STP,2003,87.0,0.0,153824.0,0.0
Sao Tome and Principe,STP,2004,91.0,0.0,157721.0,0.0
Sao Tome and Principe,STP,2005,88.0,0.0,161650.0,0.0
Sao Tome and Principe,STP,2006,85.0,0.0,165651.0,0.0
Sao Tome and Principe,STP,2007,86.0,0.0,169709.0,0.0
Sao Tome and Principe,STP,2008,93.0,0.0,173808.0,0.0
Sao Tome and Principe,STP,2009,90.0,0.0,177866.0,0.0
Sao Tome and Principe,STP,2010,92.0,0.0,181810.0,0.0
Sao Tome and Principe,STP,2011,91.0,0.0,185665.0,0.0
Sao Tome and Principe,STP,2012,92.0,0.0,189452.0,0.0
Sao Tome and Principe,STP,2013,91.0,0.0,193158.0,0.0
Sao Tome and Principe,STP,2014,92.0,0.0,196780.0,0.0
Sao Tome and Principe,STP,2015,93.0,3.0,200308.0,14.98
Sao Tome and Principe,STP,2016,93.0,0.0,203702.0,0.0
Sao Tome and Principe,STP,2017,90.0,0.0,206986.0,0.0
Sao Tome and Principe,STP,2018,95.0,0.0,210198.0,0.0
Sao Tome and Principe,STP,2019,95.0,0.0,213405.0,0.0
Sao Tome and Principe,STP,2020,86.0,,217450.0,
Sao Tome and Principe,STP,2021,77.0,0.0,221975.0,0.0
Sao Tome and Principe,STP,2022,82.0,,226313.0,
Sao Tome and Principe,STP,2023,87.0,,230882.0,
Sao Tome and Principe,STP,2024,87.0,,230882.0,
Saudi Arabia,SAU,1980,8.0,46115.0,6047997.0,7624.84
Saudi Arabia,SAU,1981,12.0,35790.0,6420554.0,5574.29
Saudi Arabia,SAU,1982,53.0,33294.0,6824484.0,4878.61
Saudi Arabia,SAU,1983,65.0,44633.0,7252947.0,6153.77
Saudi Arabia,SAU,1984,71.0,30457.0,7697312.0,3956.84
Saudi Arabia,SAU,1985,79.0,18393.0,8151782.0,2256.32
Saudi Arabia,SAU,1986,77.0,22830.0,8628639.0,2645.84
Saudi Arabia,SAU,1987,77.0,29220.0,9130207.0,3200.37
Saudi Arabia,SAU,1988,81.0,8225.0,9629172.0,854.18
Saudi Arabia,SAU,1989,90.0,3588.0,10128397.0,354.25
Saudi Arabia,SAU,1990,88.0,5439.0,10640697.0,511.15
Saudi Arabia,SAU,1991,95.0,6368.0,11160752.0,570.57
Saudi Arabia,SAU,1992,88.0,11299.0,11686682.0,966.83
Saudi Arabia,SAU,1993,91.0,3182.0,12215864.0,260.48
Saudi Arabia,SAU,1994,93.0,1253.0,12750037.0,98.27
Saudi Arabia,SAU,1995,94.0,2574.0,13289246.0,193.69
Saudi Arabia,SAU,1996,92.0,2407.0,13831002.0,174.03
Saudi Arabia,SAU,1997,92.0,3978.0,14374948.0,276.73
Saudi Arabia,SAU,1998,93.0,5519.0,14922188.0,369.85
Saudi Arabia,SAU,1999,92.0,2815.0,15472076.0,181.94
Saudi Arabia,SAU,2000,94.0,,16177733.0,
Saudi Arabia,SAU,2001,94.0,155.0,17041405.0,9.1
Saudi Arabia,SAU,2002,97.0,311.0,17910909.0,17.36
Saudi Arabia,SAU,2003,96.0,1208.0,18786771.0,64.3
Saudi Arabia,SAU,2004,97.0,1880.0,19669486.0,95.58
Saudi Arabia,SAU,2005,97.0,373.0,20559886.0,18.14
Saudi Arabia,SAU,2006,95.0,807.0,21459141.0,37.61
Saudi Arabia,SAU,2007,96.0,4648.0,22368313.0,207.79
Saudi Arabia,SAU,2008,97.0,158.0,23287884.0,6.78
Saudi Arabia,SAU,2009,98.0,82.0,24217656.0,3.39
Saudi Arabia,SAU,2010,98.0,334.0,25157134.0,13.28
Saudi Arabia,SAU,2011,98.0,362.0,26105636.0,13.87
Saudi Arabia,SAU,2012,98.0,294.0,27062447.0,10.86
Saudi Arabia,SAU,2013,98.0,1164.0,28026825.0,41.53
Saudi Arabia,SAU,2014,98.0,154.0,28998127.0,5.31
Saudi Arabia,SAU,2015,98.0,219.0,29974944.0,7.31
Saudi Arabia,SAU,2016,98.0,125.0,30717804.0,4.07
Saudi Arabia,SAU,2017,96.0,459.0,30782400.0,14.91
Saudi Arabia,SAU,2018,98.0,1164.0,30365119.0,38.33
Saudi Arabia,SAU,2019,95.0,1035.0,30472809.0,33.96
Saudi Arabia,SAU,2020,96.0,35.0,30991206.0,1.13
Saudi Arabia,SAU,2021,98.0,338.0,31328374.0,10.79
Saudi Arabia,SAU,2022,98.0,247.0,32175351.0,7.68
Saudi Arabia,SAU,2023,97.0,2254.0,33264289.0,67.76
Saudi Arabia,SAU,2024,96.0,1260.0,33264289.0,37.88
Senegal,SEN,1980,,29144.0,5845640.0,4985.6
Senegal,SEN,1981,,34516.0,5997165.0,5755.39
Senegal,SEN,1982,,32380.0,6156963.0,5259.09
Senegal,SEN,1983,,26481.0,6324507.0,4187.05
Senegal,SEN,1986,71.0,6831.0,6878199.0,993.14
Senegal,SEN,1987,66.0,3453.0,7081535.0,487.61
Senegal,SEN,1988,60.0,1596.0,7289622.0,218.94
Senegal,SEN,1989,48.0,10940.0,7502213.0,1458.24
Senegal,SEN,1990,51.0,5004.0,7720524.0,648.14
Senegal,SEN,1991,54.0,11427.0,7943091.0,1438.61
Senegal,SEN,1992,57.0,15367.0,8168396.0,1881.28
Senegal,SEN,1993,58.0,14693.0,8396289.0,1749.94
Senegal,SEN,1994,59.0,5944.0,8624077.0,689.23
Senegal,SEN,1995,80.0,,8848112.0,
Senegal,SEN,1996,70.0,8069.0,9067018.0,889.93
Senegal,SEN,1997,65.0,6594.0,9283505.0,710.29
Senegal,SEN,1998,62.0,6594.0,9502951.0,693.89
Senegal,SEN,1999,60.0,3668.0,9730897.0,376.94
Senegal,SEN,2000,48.0,5839.0,9968262.0,585.76
Senegal,SEN,2001,48.0,24789.0,10212941.0,2427.21
Senegal,SEN,2002,54.0,18184.0,10466216.0,1737.4
Senegal,SEN,2003,60.0,1519.0,10721176.0,141.68
Senegal,SEN,2004,57.0,31.0,10975711.0,2.82
Senegal,SEN,2005,74.0,0.0,11235473.0,0.0
Senegal,SEN,2006,80.0,3.0,11500094.0,0.26
Senegal,SEN,2007,84.0,11.0,11770348.0,0.93
Senegal,SEN,2008,77.0,6.0,12048963.0,0.5
Senegal,SEN,2009,79.0,999.0,12337390.0,80.97
Senegal,SEN,2010,81.0,428.0,12635418.0,33.87
Senegal,SEN,2011,84.0,18.0,12958902.0,1.39
Senegal,SEN,2012,83.0,46.0,13310499.0,3.46
Senegal,SEN,2013,84.0,17.0,13710857.0,1.24
Senegal,SEN,2014,80.0,32.0,14152103.0,2.26
Senegal,SEN,2015,80.0,58.0,14593335.0,3.97
Senegal,SEN,2016,93.0,162.0,15034517.0,10.78
Senegal,SEN,2017,90.0,11.0,15475001.0,0.71
Senegal,SEN,2018,86.0,12.0,15914495.0,0.75
Senegal,SEN,2019,86.0,267.0,16352926.0,16.33
Senegal,SEN,2020,82.0,212.0,16789217.0,12.63
Senegal,SEN,2021,88.0,187.0,17220866.0,10.86
Senegal,SEN,2022,87.0,508.0,17651099.0,28.78
Senegal,SEN,2023,87.0,564.0,18077573.0,31.2
Senegal,SEN,2024,87.0,496.0,18077573.0,27.44
Serbia,SRB,1980,,37441.0,7796286.0,4802.41
Serbia,SRB,1981,,20878.0,7827863.0,2667.14
Serbia,SRB,1982,,13826.0,7849652.0,1761.35
Serbia,SRB,1983,,12967.0,7864592.0,1648.78
Serbia,SRB,1984,,20233.0,7875050.0,2569.25
Serbia,SRB,1985,,25325.0,7881551.0,3213.2
Serbia,SRB,1986,,14148.0,7884582.0,1794.39
Serbia,SRB,1987,,8639.0,7885364.0,1095.57
Serbia,SRB,1988,,6629.0,7884457.0,840.77
Serbia,SRB,1989,,16149.0,7881272.0,2049.03
Serbia,SRB,1990,,4978.0,7874595.0,632.16
Serbia,SRB,1991,,991.0,7867067.0,125.97
Serbia,SRB,1992,82.0,2108.0,7859811.0,268.2
Serbia,SRB,1993,85.0,16777.0,7849723.0,2137.27
Serbia,SRB,1994,81.0,800.0,7837157.0,102.08
Serbia,SRB,1995,86.0,524.0,7823281.0,66.98
Serbia,SRB,1996,90.0,458.0,7807720.0,58.66
Serbia,SRB,1997,92.0,4692.0,7789186.0,602.37
Serbia,SRB,1998,88.0,922.0,7765929.0,118.72
Serbia,SRB,1999,84.0,288.0,7734367.0,37.24
Serbia,SRB,2000,89.0,38.0,7694608.0,4.94
Serbia,SRB,2001,90.0,35.0,7651927.0,4.57
Serbia,SRB,2002,92.0,63.0,7616741.0,8.27
Serbia,SRB,2003,87.0,15.0,7590946.0,1.98
Serbia,SRB,2004,89.0,11.0,7565843.0,1.45
Serbia,SRB,2005,96.0,2.0,7539139.0,0.27
Serbia,SRB,2006,88.0,2.0,7511395.0,0.27
Serbia,SRB,2007,95.0,201.0,7482996.0,26.86
Serbia,SRB,2008,92.0,2.0,7454285.0,0.27
Serbia,SRB,2009,95.0,1.0,7425346.0,0.13
Serbia,SRB,2010,95.0,20.0,7395872.0,2.7
Serbia,SRB,2011,93.0,370.0,7364858.0,50.24
Serbia,SRB,2012,87.0,0.0,7324624.0,0.0
Serbia,SRB,2013,92.0,1.0,7276183.0,0.14
Serbia,SRB,2014,86.0,37.0,7227203.0,5.12
Serbia,SRB,2015,87.0,383.0,7177257.0,53.36
Serbia,SRB,2016,82.0,11.0,7126083.0,1.54
Serbia,SRB,2017,86.0,721.0,7073507.0,101.93
Serbia,SRB,2018,93.0,5076.0,7020014.0,723.08
Serbia,SRB,2019,87.0,22.0,6966155.0,3.16
Serbia,SRB,2020,78.0,0.0,6907814.0,0.0
Serbia,SRB,2021,75.0,1.0,6835429.0,0.15
Serbia,SRB,2022,81.0,0.0,6791215.0,0.0
Serbia,SRB,2023,84.0,50.0,6773204.0,7.38
Serbia,SRB,2024,84.0,892.0,6773204.0,131.7
Seychelles,SYC,1980,,3.0,66281.0,45.26
Seychelles,SYC,1981,29.0,4.0,66974.0,59.72
Seychelles,SYC,1982,64.0,347.0,67666.0,5128.13
Seychelles,SYC,1983,98.0,267.0,68379.0,3904.71
Seychelles,SYC,1984,77.0,19.0,69103.0,274.95
Seychelles,SYC,1985,90.0,10.0,69837.0,143.19
Seychelles,SYC,1986,95.0,4.0,70582.0,56.67
Seychelles,SYC,1987,95.0,2.0,71358.0,28.03
Seychelles,SYC,1988,89.0,0.0,72229.0,0.0
Seychelles,SYC,1989,89.0,5.0,73142.0,68.36
Seychelles,SYC,1990,86.0,13.0,74000.0,175.68
Seychelles,SYC,1991,89.0,6.0,74838.0,80.17
Seychelles,SYC,1992,92.0,0.0,75630.0,0.0
Seychelles,SYC,1993,92.0,0.0,76420.0,0.0
Seychelles,SYC,1994,92.0,0.0,77279.0,0.0
Seychelles,SYC,1995,97.0,0.0,78144.0,0.0
Seychelles,SYC,1996,98.0,2.0,78901.0,25.35
Seychelles,SYC,1997,99.0,3.0,79670.0,37.66
Seychelles,SYC,1998,93.0,626.0,80738.0,7753.47
Seychelles,SYC,1999,99.0,2.0,82033.0,24.38
Seychelles,SYC,2000,97.0,,83339.0,
Seychelles,SYC,2001,95.0,0.0,84621.0,0.0
Seychelles,SYC,2002,98.0,0.0,85878.0,0.0
Seychelles,SYC,2003,99.0,0.0,87056.0,0.0
Seychelles,SYC,2004,99.0,0.0,88175.0,0.0
Seychelles,SYC,2005,99.0,0.0,89288.0,0.0
Seychelles,SYC,2006,99.0,10.0,90391.0,110.63
Seychelles,SYC,2007,99.0,1.0,91483.0,10.93
Seychelles,SYC,2008,99.0,0.0,92563.0,0.0
Seychelles,SYC,2009,97.0,0.0,93644.0,0.0
Seychelles,SYC,2010,99.0,0.0,94993.0,0.0
Seychelles,SYC,2011,99.0,0.0,97041.0,0.0
Seychelles,SYC,2012,98.0,0.0,99565.0,0.0
Seychelles,SYC,2013,97.0,0.0,102108.0,0.0
Seychelles,SYC,2014,99.0,0.0,104663.0,0.0
Seychelles,SYC,2015,98.0,0.0,107247.0,0.0
Seychelles,SYC,2016,97.0,0.0,109836.0,0.0
Seychelles,SYC,2017,99.0,0.0,112443.0,0.0
Seychelles,SYC,2018,96.0,,115053.0,
Seychelles,SYC,2019,99.0,0.0,117662.0,0.0
Seychelles,SYC,2020,97.0,27.0,120299.0,224.44
Seychelles,SYC,2021,94.0,0.0,123000.0,0.0
Seychelles,SYC,2022,98.0,0.0,125533.0,0.0
Seychelles,SYC,2023,93.0,0.0,127961.0,0.0
Seychelles,SYC,2024,97.0,2.0,127961.0,15.63
Sierra Leone,SLE,1980,,3625.0,3272097.0,1107.85
Sierra Leone,SLE,1981,,3408.0,3338944.0,1020.68
Sierra Leone,SLE,1982,,4102.0,3408188.0,1203.57
Sierra Leone,SLE,1983,,4327.0,3481644.0,1242.8
Sierra Leone,SLE,1984,,4016.0,3558762.0,1128.48
Sierra Leone,SLE,1985,,3351.0,3638444.0,921.0
Sierra Leone,SLE,1986,,164.0,3728381.0,43.99
Sierra Leone,SLE,1987,,1000.0,3829720.0,261.12
Sierra Leone,SLE,1988,,207.0,3934517.0,52.61
Sierra Leone,SLE,1989,,625.0,4034038.0,154.93
Sierra Leone,SLE,1990,,830.0,4196834.0,197.77
Sierra Leone,SLE,1991,,284.0,4246268.0,66.88
Sierra Leone,SLE,1992,,914.0,4166368.0,219.38
Sierra Leone,SLE,1993,,2288.0,4157128.0,550.38
Sierra Leone,SLE,1994,,114.0,4173111.0,27.32
Sierra Leone,SLE,1995,,344.0,4179178.0,82.31
Sierra Leone,SLE,1997,,361.0,4253710.0,84.87
Sierra Leone,SLE,1999,62.0,,4318047.0,
Sierra Leone,SLE,2000,37.0,3575.0,4423615.0,808.16
Sierra Leone,SLE,2001,50.0,649.0,4692715.0,138.3
Sierra Leone,SLE,2002,62.0,568.0,4971435.0,114.25
Sierra Leone,SLE,2003,73.0,586.0,5177686.0,113.18
Sierra Leone,SLE,2004,76.0,7.0,5355715.0,1.31
Sierra Leone,SLE,2005,71.0,29.0,5501707.0,5.27
Sierra Leone,SLE,2006,65.0,33.0,5624464.0,5.87
Sierra Leone,SLE,2007,60.0,0.0,5749353.0,0.0
Sierra Leone,SLE,2008,73.0,44.0,5894728.0,7.46
Sierra Leone,SLE,2009,80.0,31.0,6055655.0,5.12
Sierra Leone,SLE,2010,82.0,1089.0,6222715.0,175.0
Sierra Leone,SLE,2011,84.0,1865.0,6387258.0,291.99
Sierra Leone,SLE,2012,86.0,678.0,6551078.0,103.49
Sierra Leone,SLE,2013,85.0,15.0,6714057.0,2.23
Sierra Leone,SLE,2014,80.0,1006.0,6876385.0,146.3
Sierra Leone,SLE,2015,78.0,607.0,7037660.0,86.25
Sierra Leone,SLE,2016,85.0,920.0,7205339.0,127.68
Sierra Leone,SLE,2017,80.0,1873.0,7379300.0,253.82
Sierra Leone,SLE,2018,87.0,344.0,7554568.0,45.54
Sierra Leone,SLE,2019,93.0,40.0,7731994.0,5.17
Sierra Leone,SLE,2020,87.0,17.0,7912557.0,2.15
Sierra Leone,SLE,2021,87.0,170.0,8094603.0,21.0
Sierra Leone,SLE,2022,90.0,731.0,8276809.0,88.32
Sierra Leone,SLE,2023,90.0,645.0,8460523.0,76.24
Sierra Leone,SLE,2024,90.0,129.0,8460523.0,15.25
Singapore,SGP,1980,47.0,,2437496.0,
Singapore,SGP,1981,57.0,771.0,2531801.0,304.53
Singapore,SGP,1982,78.0,1965.0,2627420.0,747.88
Singapore,SGP,1983,88.0,677.0,2685982.0,252.05
Singapore,SGP,1984,85.0,2417.0,2720930.0,888.3
Singapore,SGP,1985,75.0,136.0,2735032.0,49.73
Singapore,SGP,1986,85.0,218.0,2744656.0,79.43
Singapore,SGP,1987,94.0,123.0,2781625.0,44.22
Singapore,SGP,1988,87.0,192.0,2849043.0,67.39
Singapore,SGP,1989,81.0,146.0,2938656.0,49.68
Singapore,SGP,1990,84.0,143.0,3039593.0,47.05
Singapore,SGP,1991,92.0,216.0,3136294.0,68.87
Singapore,SGP,1992,89.0,606.0,3226461.0,187.82
Singapore,SGP,1993,87.0,0.0,3317892.0,0.0
Singapore,SGP,1994,95.0,159.0,3417818.0,46.52
Singapore,SGP,1995,97.0,185.0,3533624.0,52.35
Singapore,SGP,1996,97.0,,3664566.0,
Singapore,SGP,1997,98.0,1413.0,3796629.0,372.17
Singapore,SGP,1998,96.0,114.0,3901418.0,29.22
Singapore,SGP,1999,97.0,65.0,3966562.0,16.39
Singapore,SGP,2000,96.0,141.0,4035251.0,34.94
Singapore,SGP,2001,95.0,408.0,4116169.0,99.12
Singapore,SGP,2002,94.0,211.0,4146898.0,50.88
Singapore,SGP,2003,93.0,33.0,4138241.0,7.97
Singapore,SGP,2004,95.0,96.0,4172767.0,23.01
Singapore,SGP,2005,96.0,33.0,4268363.0,7.73
Singapore,SGP,2006,95.0,23.0,4407064.0,5.22
Singapore,SGP,2007,95.0,15.0,4596516.0,3.26
Singapore,SGP,2008,95.0,18.0,4806742.0,3.74
Singapore,SGP,2009,95.0,16.0,4968574.0,3.22
Singapore,SGP,2010,95.0,50.0,5077020.0,9.85
Singapore,SGP,2011,95.0,148.0,5182242.0,28.56
Singapore,SGP,2012,95.0,42.0,5293345.0,7.93
Singapore,SGP,2013,95.0,138.0,5385589.0,25.62
Singapore,SGP,2014,95.0,,5457899.0,
Singapore,SGP,2015,95.0,,5525343.0,
Singapore,SGP,2016,95.0,,5577936.0,
Singapore,SGP,2017,95.0,70.0,5604087.0,12.49
Singapore,SGP,2018,97.0,38.0,5634366.0,6.74
Singapore,SGP,2019,96.0,152.0,5669562.0,26.81
Singapore,SGP,2020,97.0,,5620151.0,
Singapore,SGP,2021,96.0,,5546291.0,
Singapore,SGP,2022,96.0,,5649888.0,
Singapore,SGP,2023,97.0,,5789092.0,
Singapore,SGP,2024,97.0,12.0,5789092.0,2.07
Sint Maarten (Dutch part),SXM,2017,,0.0,39012.0,0.0
Sint Maarten (Dutch part),SXM,2018,,0.0,39736.0,0.0
Slovakia,SVK,1990,,47.0,5266077.0,8.93
Slovakia,SVK,1991,,211.0,5284876.0,39.93
Slovakia,SVK,1992,,415.0,5306445.0,78.21
Slovakia,SVK,1993,,551.0,5326363.0,103.45
Slovakia,SVK,1994,97.0,29.0,5343230.0,5.43
Slovakia,SVK,1995,99.0,2.0,5354287.0,0.37
Slovakia,SVK,1996,99.0,0.0,5362430.0,0.0
Slovakia,SVK,1997,99.0,620.0,5369781.0,115.46
Slovakia,SVK,1998,99.0,530.0,5374801.0,98.61
Slovakia,SVK,1999,99.0,0.0,5378105.0,0.0
Slovakia,SVK,2000,98.0,0.0,5380001.0,0.0
Slovakia,SVK,2001,99.0,0.0,5379439.0,0.0
Slovakia,SVK,2002,99.0,0.0,5377685.0,0.0
Slovakia,SVK,2003,99.0,1.0,5376197.0,0.19
Slovakia,SVK,2004,99.0,2.0,5376038.0,0.37
Slovakia,SVK,2005,98.0,0.0,5376697.0,0.0
Slovakia,SVK,2006,98.0,0.0,5376847.0,0.0
Slovakia,SVK,2007,99.0,0.0,5376993.0,0.0
Slovakia,SVK,2008,99.0,0.0,5379127.0,0.0
Slovakia,SVK,2009,99.0,0.0,5385074.0,0.0
Slovakia,SVK,2010,98.0,0.0,5391857.0,0.0
Slovakia,SVK,2011,98.0,0.0,5398105.0,0.0
Slovakia,SVK,2012,99.0,0.0,5404877.0,0.0
Slovakia,SVK,2013,98.0,0.0,5410422.0,0.0
Slovakia,SVK,2014,97.0,0.0,5415238.0,0.0
Slovakia,SVK,2015,95.0,1.0,5420278.0,0.18
Slovakia,SVK,2016,95.0,0.0,5427262.0,0.0
Slovakia,SVK,2017,96.0,7.0,5435702.0,1.29
Slovakia,SVK,2018,96.0,565.0,5443229.0,103.8
Slovakia,SVK,2019,96.0,318.0,5450627.0,58.34
Slovakia,SVK,2020,96.0,0.0,5455028.0,0.0
Slovakia,SVK,2021,95.0,0.0,5442766.0,0.0
Slovakia,SVK,2022,95.0,0.0,5473195.0,0.0
Slovakia,SVK,2023,94.0,6.0,5518057.0,1.09
Slovakia,SVK,2024,94.0,4.0,5518057.0,0.72
Slovenia,SVN,1991,,32.0,1999191.0,16.01
Slovenia,SVN,1992,90.0,10.0,1995862.0,5.01
Slovenia,SVN,1993,90.0,7.0,1990815.0,3.52
Slovenia,SVN,1994,91.0,134.0,1988262.0,67.4
Slovenia,SVN,1995,93.0,398.0,1988098.0,200.19
Slovenia,SVN,1996,93.0,8.0,1986792.0,4.03
Slovenia,SVN,1997,82.0,9.0,1984404.0,4.54
Slovenia,SVN,1998,93.0,13.0,1980071.0,6.57
Slovenia,SVN,1999,98.0,1.0,1981198.0,0.5
Slovenia,SVN,2000,95.0,,1986817.0,
Slovenia,SVN,2001,94.0,0.0,1989684.0,0.0
Slovenia,SVN,2002,93.0,0.0,1991571.0,0.0
Slovenia,SVN,2003,94.0,0.0,1992499.0,0.0
Slovenia,SVN,2004,94.0,0.0,1993548.0,0.0
Slovenia,SVN,2005,94.0,0.0,1996915.0,0.0
Slovenia,SVN,2006,96.0,0.0,2003116.0,0.0
Slovenia,SVN,2007,96.0,0.0,2014159.0,0.0
Slovenia,SVN,2008,96.0,0.0,2025090.0,0.0
Slovenia,SVN,2009,95.0,0.0,2035610.0,0.0
Slovenia,SVN,2010,95.0,2.0,2044611.0,0.98
Slovenia,SVN,2011,96.0,22.0,2048805.0,10.74
Slovenia,SVN,2012,95.0,2.0,2053322.0,0.97
Slovenia,SVN,2013,94.0,1.0,2056452.0,0.49
Slovenia,SVN,2014,94.0,52.0,2058395.0,25.26
Slovenia,SVN,2015,94.0,18.0,2059946.0,8.74
Slovenia,SVN,2016,92.0,1.0,2061379.0,0.49
Slovenia,SVN,2017,93.0,8.0,2062410.0,3.88
Slovenia,SVN,2018,93.0,9.0,2069484.0,4.35
Slovenia,SVN,2019,94.0,51.0,2083438.0,24.48
Slovenia,SVN,2020,94.0,6.0,2102421.0,2.85
Slovenia,SVN,2021,95.0,0.0,2113495.0,0.0
Slovenia,SVN,2022,96.0,0.0,2115231.0,0.0
Slovenia,SVN,2023,95.0,1.0,2118394.0,0.47
Slovenia,SVN,2024,95.0,17.0,2118394.0,8.02
Solomon Islands,SLB,1980,,340.0,238149.0,1427.68
Solomon Islands,SLB,1981,,2104.0,246569.0,8533.11
Solomon Islands,SLB,1982,,3331.0,255213.0,13051.84
Solomon Islands,SLB,1983,,923.0,264084.0,3495.1
Solomon Islands,SLB,1984,,238.0,273176.0,871.23
Solomon Islands,SLB,1985,,2.0,282468.0,7.08
Solomon Islands,SLB,1986,31.0,0.0,291855.0,0.0
Solomon Islands,SLB,1987,58.0,434.0,301426.0,1439.82
Solomon Islands,SLB,1988,69.0,593.0,311278.0,1905.05
Solomon Islands,SLB,1989,92.0,13779.0,321293.0,42886.09
Solomon Islands,SLB,1990,70.0,343.0,331448.0,1034.85
Solomon Islands,SLB,1991,76.0,45.0,341743.0,131.68
Solomon Islands,SLB,1992,70.0,86.0,352215.0,244.17
Solomon Islands,SLB,1993,64.0,1527.0,362850.0,4208.35
Solomon Islands,SLB,1994,60.0,640.0,373685.0,1712.67
Solomon Islands,SLB,1995,68.0,0.0,384744.0,0.0
Solomon Islands,SLB,1996,90.0,0.0,396017.0,0.0
Solomon Islands,SLB,1997,68.0,0.0,407480.0,0.0
Solomon Islands,SLB,1998,66.0,0.0,419078.0,0.0
Solomon Islands,SLB,1999,99.0,,430511.0,
Solomon Islands,SLB,2000,91.0,,440481.0,
Solomon Islands,SLB,2001,83.0,0.0,449137.0,0.0
Solomon Islands,SLB,2002,78.0,0.0,457676.0,0.0
Solomon Islands,SLB,2003,82.0,0.0,466164.0,0.0
Solomon Islands,SLB,2004,87.0,0.0,474618.0,0.0
Solomon Islands,SLB,2005,87.0,0.0,483090.0,0.0
Solomon Islands,SLB,2006,99.0,0.0,491602.0,0.0
Solomon Islands,SLB,2007,90.0,0.0,500168.0,0.0
Solomon Islands,SLB,2008,71.0,0.0,508802.0,0.0
Solomon Islands,SLB,2009,69.0,0.0,518150.0,0.0
Solomon Islands,SLB,2010,74.0,0.0,532976.0,0.0
Solomon Islands,SLB,2011,77.0,0.0,552958.0,0.0
Solomon Islands,SLB,2012,87.0,0.0,573623.0,0.0
Solomon Islands,SLB,2013,76.0,0.0,594952.0,0.0
Solomon Islands,SLB,2014,76.0,,616915.0,
Solomon Islands,SLB,2015,75.0,0.0,639423.0,0.0
Solomon Islands,SLB,2016,82.0,0.0,662387.0,0.0
Solomon Islands,SLB,2017,84.0,0.0,685677.0,0.0
Solomon Islands,SLB,2018,93.0,0.0,709109.0,0.0
Solomon Islands,SLB,2019,81.0,,728156.0,
Solomon Islands,SLB,2020,81.0,,744505.0,
Solomon Islands,SLB,2021,67.0,,762594.0,
Solomon Islands,SLB,2022,90.0,,781075.0,
Solomon Islands,SLB,2023,68.0,0.0,800014.0,0.0
Solomon Islands,SLB,2024,78.0,,800014.0,
Somalia,SOM,1980,9.0,,5936155.0,
Somalia,SOM,1981,3.0,,5982853.0,
Somalia,SOM,1982,4.0,,6003838.0,
Somalia,SOM,1983,6.0,622.0,6198436.0,100.35
Somalia,SOM,1984,16.0,487.0,6428396.0,75.76
Somalia,SOM,1985,35.0,128.0,6693294.0,19.12
Somalia,SOM,1986,25.0,70.0,6974790.0,10.04
Somalia,SOM,1987,28.0,222.0,7228308.0,30.71
Somalia,SOM,1988,33.0,296.0,7235362.0,40.91
Somalia,SOM,1989,30.0,988.0,7114828.0,138.86
Somalia,SOM,1990,30.0,,7082816.0,
Somalia,SOM,1991,30.0,,6813762.0,
Somalia,SOM,1992,32.0,,6495109.0,
Somalia,SOM,1993,33.0,,6681406.0,
Somalia,SOM,1994,35.0,,7026804.0,
Somalia,SOM,1995,34.0,,7285013.0,
Somalia,SOM,1996,33.0,1830.0,7554476.0,242.24
Somalia,SOM,1997,25.0,,7824531.0,
Somalia,SOM,1998,32.0,3075.0,8155414.0,377.05
Somalia,SOM,1999,38.0,5523.0,8492066.0,650.37
Somalia,SOM,2000,24.0,3965.0,8838714.0,448.59
Somalia,SOM,2001,20.0,3571.0,9198495.0,388.22
Somalia,SOM,2002,45.0,9559.0,9550069.0,1000.94
Somalia,SOM,2003,40.0,8257.0,9909161.0,833.27
Somalia,SOM,2004,40.0,12008.0,10281001.0,1167.98
Somalia,SOM,2005,35.0,,10644234.0,
Somalia,SOM,2006,35.0,7.0,10975502.0,0.64
Somalia,SOM,2007,35.0,1149.0,11322581.0,101.48
Somalia,SOM,2008,34.0,1081.0,11663090.0,92.69
Somalia,SOM,2009,43.0,13.0,11961205.0,1.09
Somalia,SOM,2010,46.0,115.0,12261761.0,9.38
Somalia,SOM,2011,46.0,17298.0,12348829.0,1400.78
Somalia,SOM,2012,46.0,9983.0,12461163.0,801.13
Somalia,SOM,2013,47.0,3173.0,12869599.0,246.55
Somalia,SOM,2014,48.0,10229.0,13339497.0,766.82
Somalia,SOM,2015,50.0,7497.0,13806969.0,542.99
Somalia,SOM,2016,51.0,26.0,14348741.0,1.81
Somalia,SOM,2017,52.0,23039.0,14916630.0,1544.52
Somalia,SOM,2018,53.0,9126.0,15452489.0,590.58
Somalia,SOM,2019,52.0,283.0,16030969.0,17.65
Somalia,SOM,2020,52.0,2531.0,16651200.0,152.0
Somalia,SOM,2021,58.0,7191.0,17271435.0,416.35
Somalia,SOM,2022,69.0,17361.0,17801895.0,975.23
Somalia,SOM,2023,63.0,3167.0,18358622.0,172.51
Somalia,SOM,2024,64.0,1529.0,18358622.0,83.29
South Africa,ZAF,1980,,19193.0,29518857.0,650.19
South Africa,ZAF,1981,,15809.0,30541046.0,517.63
South Africa,ZAF,1982,,12906.0,31615339.0,408.22
South Africa,ZAF,1983,74.0,16735.0,32739308.0,511.16
South Africa,ZAF,1984,70.0,16160.0,33892793.0,476.8
South Africa,ZAF,1985,70.0,17884.0,35042097.0,510.36
South Africa,ZAF,1986,64.0,13459.0,36180519.0,372.0
South Africa,ZAF,1987,75.0,22559.0,37326192.0,604.37
South Africa,ZAF,1988,68.0,15258.0,38480647.0,396.51
South Africa,ZAF,1989,84.0,18268.0,39628574.0,460.98
South Africa,ZAF,1990,79.0,10624.0,40746274.0,260.74
South Africa,ZAF,1991,85.0,4777.0,41687903.0,114.59
South Africa,ZAF,1992,85.0,22745.0,42443510.0,535.89
South Africa,ZAF,1993,85.0,12870.0,43297155.0,297.25
South Africa,ZAF,1994,76.0,6845.0,44004140.0,155.55
South Africa,ZAF,1995,76.0,8845.0,44541557.0,198.58
South Africa,ZAF,1996,76.0,6501.0,45123023.0,144.07
South Africa,ZAF,1997,82.0,1337.0,45666835.0,29.28
South Africa,ZAF,1998,79.0,977.0,46223888.0,21.14
South Africa,ZAF,1999,75.0,385.0,46730331.0,8.24
South Africa,ZAF,2000,72.0,1459.0,47159715.0,30.94
South Africa,ZAF,2001,69.0,1166.0,47566805.0,24.51
South Africa,ZAF,2002,65.0,1043.0,48019414.0,21.72
South Africa,ZAF,2003,62.0,244.0,48500351.0,5.03
South Africa,ZAF,2004,63.0,830.0,48991420.0,16.94
South Africa,ZAF,2005,64.0,615.0,49490041.0,12.43
South Africa,ZAF,2006,69.0,81.0,49998271.0,1.62
South Africa,ZAF,2007,68.0,31.0,50528575.0,0.61
South Africa,ZAF,2008,73.0,39.0,51114595.0,0.76
South Africa,ZAF,2009,77.0,5857.0,51728518.0,113.23
South Africa,ZAF,2010,72.0,12499.0,52344047.0,238.79
South Africa,ZAF,2011,77.0,92.0,52995212.0,1.74
South Africa,ZAF,2012,79.0,32.0,53782570.0,0.59
South Africa,ZAF,2013,78.0,25.0,54678789.0,0.46
South Africa,ZAF,2014,84.0,66.0,55594840.0,1.19
South Africa,ZAF,2015,86.0,17.0,56723536.0,0.3
South Africa,ZAF,2016,84.0,18.0,57259550.0,0.31
South Africa,ZAF,2017,81.0,210.0,57635158.0,3.64
South Africa,ZAF,2018,81.0,71.0,58613001.0,1.21
South Africa,ZAF,2019,83.0,59.0,59587880.0,0.99
South Africa,ZAF,2020,84.0,40.0,60562374.0,0.66
South Africa,ZAF,2021,87.0,21.0,61502602.0,0.34
South Africa,ZAF,2022,86.0,400.0,62378417.0,6.41
South Africa,ZAF,2023,80.0,1033.0,63212386.0,16.34
South Africa,ZAF,2024,76.0,931.0,63212386.0,14.73
South America,OWID_SAM,1980,47.32758,,240599668.0,
South America,OWID_SAM,1981,58.688114,,246004203.0,
South America,OWID_SAM,1982,55.76373,,251463267.0,
South America,OWID_SAM,1983,57.63614,,256993747.0,
South America,OWID_SAM,1984,63.99634,,262567857.0,
South America,OWID_SAM,1985,60.63737,,268127340.0,
South America,OWID_SAM,1986,62.436707,,273653738.0,
South America,OWID_SAM,1987,63.68812,,279159631.0,
South America,OWID_SAM,1988,64.83655,,284663487.0,
South America,OWID_SAM,1989,64.856415,,290157633.0,
South America,OWID_SAM,1990,76.53064,,295639583.0,
South America,OWID_SAM,1991,81.037964,,301035777.0,
South America,OWID_SAM,1992,83.83849,,306386108.0,
South America,OWID_SAM,1993,84.045296,,311712472.0,
South America,OWID_SAM,1994,81.48804,,316983654.0,
South America,OWID_SAM,1995,85.96658,,322239766.0,
South America,OWID_SAM,1996,82.39459,,327454409.0,
South America,OWID_SAM,1997,89.54103,,332642670.0,
South America,OWID_SAM,1998,90.92567,,337868219.0,
South America,OWID_SAM,1999,93.465996,,343039488.0,
South America,OWID_SAM,2000,94.66387,,348018743.0,
South America,OWID_SAM,2001,96.257835,,352811861.0,
South America,OWID_SAM,2002,94.023445,,357458493.0,
South America,OWID_SAM,2003,94.93777,,361970820.0,
South America,OWID_SAM,2004,93.622604,,366372166.0,
South America,OWID_SAM,2005,92.72198,,370696350.0,
South America,OWID_SAM,2006,95.25601,,374925352.0,
South America,OWID_SAM,2007,95.295876,,379035651.0,
South America,OWID_SAM,2008,96.00276,,383025009.0,
South America,OWID_SAM,2009,95.61462,,386904378.0,
South America,OWID_SAM,2010,94.00138,,390701117.0,
South America,OWID_SAM,2011,94.93023,,394477912.0,
South America,OWID_SAM,2012,95.24847,,398255319.0,
South America,OWID_SAM,2013,93.506676,,402022546.0,
South America,OWID_SAM,2014,93.4206,,405812435.0,
South America,OWID_SAM,2015,93.18839,,409619969.0,
South America,OWID_SAM,2016,92.239296,,413395039.0,
South America,OWID_SAM,2017,88.73732,,417045362.0,
South America,OWID_SAM,2018,89.99408,,420440405.0,
South America,OWID_SAM,2019,89.63315,,423548291.0,
South America,OWID_SAM,2020,80.00948,,426213552.0,
South America,OWID_SAM,2021,76.226814,,428331419.0,
South America,OWID_SAM,2022,78.42446,,430492816.0,
South America,OWID_SAM,2023,84.08243,,433024223.0,
South Asia (UNICEF),,1980,0.0,,,
South Asia (UNICEF),,1981,0.0,,,
South Asia (UNICEF),,1982,1.0,,,
South Asia (UNICEF),,1983,3.0,,,
South Asia (UNICEF),,1984,5.0,,,
South Asia (UNICEF),,1985,6.0,,,
South Asia (UNICEF),,1986,14.0,,,
South Asia (UNICEF),,1987,25.0,,,
South Asia (UNICEF),,1988,33.0,,,
South Asia (UNICEF),,1989,44.0,,,
South Asia (UNICEF),,1990,56.0,,,
South Asia (UNICEF),,1991,47.0,,,
South Asia (UNICEF),,1992,53.0,,,
South Asia (UNICEF),,1993,59.0,,,
South Asia (UNICEF),,1994,66.0,,,
South Asia (UNICEF),,1995,68.0,,,
South Asia (UNICEF),,1996,64.0,,,
South Asia (UNICEF),,1997,57.0,,,
South Asia (UNICEF),,1998,55.0,,,
South Asia (UNICEF),,1999,58.0,,,
South Asia (UNICEF),,2000,58.0,,,
South Asia (UNICEF),,2001,59.0,,,
South Asia (UNICEF),,2002,59.0,,,
South Asia (UNICEF),,2003,62.0,,,
South Asia (UNICEF),,2004,66.0,,,
South Asia (UNICEF),,2005,69.0,,,
South Asia (UNICEF),,2006,69.0,,,
South Asia (UNICEF),,2007,70.0,,,
South Asia (UNICEF),,2008,71.0,,,
South Asia (UNICEF),,2009,76.0,,,
South Asia (UNICEF),,2010,78.0,,,
South Asia (UNICEF),,2011,80.0,,,
South Asia (UNICEF),,2012,79.0,,,
South Asia (UNICEF),,2013,80.0,,,
South Asia (UNICEF),,2014,83.0,,,
South Asia (UNICEF),,2015,85.0,,,
South Asia (UNICEF),,2016,86.0,,,
South Asia (UNICEF),,2017,87.0,,,
South Asia (UNICEF),,2018,90.0,,,
South Asia (UNICEF),,2019,91.0,,,
South Asia (UNICEF),,2020,87.0,,,
South Asia (UNICEF),,2021,87.0,,,
South Asia (UNICEF),,2022,91.0,,,
South Asia (UNICEF),,2023,90.0,,,
South Asia (UNICEF),,2024,93.0,,,
South Korea,KOR,1980,4.0,5097.0,38141109.0,133.64
South Korea,KOR,1981,5.0,2307.0,38689192.0,59.63
South Korea,KOR,1982,5.0,6776.0,39356159.0,172.17
South Korea,KOR,1983,33.0,695.0,40000945.0,17.37
South Korea,KOR,1984,61.0,2246.0,40598302.0,55.32
South Korea,KOR,1985,89.0,1283.0,41148956.0,31.18
South Korea,KOR,1986,89.0,1818.0,41718508.0,43.58
South Korea,KOR,1987,82.0,1880.0,42322092.0,44.42
South Korea,KOR,1988,70.0,1579.0,42922980.0,36.79
South Korea,KOR,1989,95.0,2394.0,43524765.0,55.0
South Korea,KOR,1990,93.0,3415.0,44081425.0,77.47
South Korea,KOR,1991,93.0,,44439146.0,
South Korea,KOR,1992,93.0,,44653699.0,
South Korea,KOR,1993,92.0,,44887721.0,
South Korea,KOR,1994,92.0,7883.0,45130842.0,174.67
South Korea,KOR,1995,93.0,71.0,45368425.0,1.56
South Korea,KOR,1996,89.0,71.0,45638701.0,1.56
South Korea,KOR,1997,85.0,2.0,45941541.0,0.04
South Korea,KOR,1998,85.0,4.0,46230885.0,0.09
South Korea,KOR,1999,90.0,,46500382.0,
South Korea,KOR,2000,95.0,32647.0,46766660.0,698.08
South Korea,KOR,2001,96.0,23060.0,47043467.0,490.18
South Korea,KOR,2002,97.0,62.0,47299118.0,1.31
South Korea,KOR,2003,96.0,33.0,47514158.0,0.69
South Korea,KOR,2004,99.0,11.0,47697076.0,0.23
South Korea,KOR,2005,99.0,7.0,47851646.0,0.15
South Korea,KOR,2006,99.0,28.0,48006518.0,0.58
South Korea,KOR,2007,92.0,194.0,48178122.0,4.03
South Korea,KOR,2008,92.0,2.0,48356485.0,0.04
South Korea,KOR,2009,93.0,17.0,48546690.0,0.35
South Korea,KOR,2010,98.0,114.0,48769329.0,2.34
South Korea,KOR,2011,99.0,42.0,49127640.0,0.85
South Korea,KOR,2012,99.0,2.0,49599580.0,0.04
South Korea,KOR,2013,99.0,107.0,50071168.0,2.14
South Korea,KOR,2014,99.0,442.0,50539055.0,8.75
South Korea,KOR,2015,98.0,7.0,50983909.0,0.14
South Korea,KOR,2016,98.0,18.0,51297836.0,0.35
South Korea,KOR,2017,97.0,5.0,51486268.0,0.1
South Korea,KOR,2018,98.0,15.0,51640894.0,0.29
South Korea,KOR,2019,98.0,194.0,51767844.0,3.75
South Korea,KOR,2020,98.0,6.0,51858481.0,0.12
South Korea,KOR,2021,98.0,0.0,51848401.0,0.0
South Korea,KOR,2022,97.0,,51782515.0,
South Korea,KOR,2023,97.0,7.0,51748744.0,0.14
South Korea,KOR,2024,97.0,49.0,51748744.0,0.95
South Sudan,SSD,2011,62.0,1256.0,10288112.0,122.08
South Sudan,SSD,2012,59.0,1952.0,10756245.0,181.48
South Sudan,SSD,2013,57.0,525.0,11166280.0,47.02
South Sudan,SSD,2014,54.0,441.0,11235071.0,39.25
South Sudan,SSD,2015,52.0,878.0,11107569.0,79.05
South Sudan,SSD,2016,51.0,898.0,10830108.0,82.92
South Sudan,SSD,2017,56.0,487.0,10259150.0,47.47
South Sudan,SSD,2018,61.0,263.0,10122983.0,25.98
South Sudan,SSD,2019,65.0,3401.0,10423382.0,326.29
South Sudan,SSD,2020,69.0,1290.0,10698471.0,120.58
South Sudan,SSD,2021,74.0,,10865786.0,
South Sudan,SSD,2022,72.0,3608.0,11021175.0,327.37
South Sudan,SSD,2023,72.0,7957.0,11483370.0,692.92
South Sudan,SSD,2024,72.0,3114.0,11483370.0,271.17
South-East Asia (WHO),WHO_SEAR,1980,0.0,199535.0,,
South-East Asia (WHO),WHO_SEAR,1981,0.0,305787.0,,
South-East Asia (WHO),WHO_SEAR,1982,0.0,258666.0,,
South-East Asia (WHO),WHO_SEAR,1983,1.0,208154.0,,
South-East Asia (WHO),WHO_SEAR,1984,3.0,302042.0,,
South-East Asia (WHO),WHO_SEAR,1985,6.0,244113.0,,
South-East Asia (WHO),WHO_SEAR,1986,16.0,201190.0,,
South-East Asia (WHO),WHO_SEAR,1987,26.0,319049.0,,
South-East Asia (WHO),WHO_SEAR,1988,34.0,292916.0,,
South-East Asia (WHO),WHO_SEAR,1989,47.0,443014.0,,
South-East Asia (WHO),WHO_SEAR,1990,59.0,224925.0,,
South-East Asia (WHO),WHO_SEAR,1991,50.0,211085.0,,
South-East Asia (WHO),WHO_SEAR,1992,56.0,168772.0,,
South-East Asia (WHO),WHO_SEAR,1993,63.0,141301.0,,
South-East Asia (WHO),WHO_SEAR,1994,69.0,152106.0,,
South-East Asia (WHO),WHO_SEAR,1995,72.0,100900.0,,
South-East Asia (WHO),WHO_SEAR,1996,69.0,102205.0,,
South-East Asia (WHO),WHO_SEAR,1997,62.0,115844.0,,
South-East Asia (WHO),WHO_SEAR,1998,60.0,62759.0,,
South-East Asia (WHO),WHO_SEAR,1999,63.0,47741.0,,
South-East Asia (WHO),WHO_SEAR,2000,63.0,78558.0,,
South-East Asia (WHO),WHO_SEAR,2001,63.0,81771.0,,
South-East Asia (WHO),WHO_SEAR,2002,62.0,76912.0,,
South-East Asia (WHO),WHO_SEAR,2003,65.0,94598.0,,
South-East Asia (WHO),WHO_SEAR,2004,69.0,112041.0,,
South-East Asia (WHO),WHO_SEAR,2005,73.0,88973.0,,
South-East Asia (WHO),WHO_SEAR,2006,73.0,98124.0,,
South-East Asia (WHO),WHO_SEAR,2007,74.0,73545.0,,
South-East Asia (WHO),WHO_SEAR,2008,76.0,72547.0,,
South-East Asia (WHO),WHO_SEAR,2009,80.0,84356.0,,
South-East Asia (WHO),WHO_SEAR,2010,83.0,54228.0,,
South-East Asia (WHO),WHO_SEAR,2011,85.0,69546.0,,
South-East Asia (WHO),WHO_SEAR,2012,84.0,31582.0,,
South-East Asia (WHO),WHO_SEAR,2013,85.0,24564.0,,
South-East Asia (WHO),WHO_SEAR,2014,87.0,42899.0,,
South-East Asia (WHO),WHO_SEAR,2015,88.0,48888.0,,
South-East Asia (WHO),WHO_SEAR,2016,89.0,27530.0,,
South-East Asia (WHO),WHO_SEAR,2017,91.0,28474.0,,
South-East Asia (WHO),WHO_SEAR,2018,93.0,34741.0,,
South-East Asia (WHO),WHO_SEAR,2019,94.0,29389.0,,
South-East Asia (WHO),WHO_SEAR,2020,88.0,9389.0,,
South-East Asia (WHO),WHO_SEAR,2021,87.0,6448.0,,
South-East Asia (WHO),WHO_SEAR,2022,94.0,49201.0,,
South-East Asia (WHO),WHO_SEAR,2023,91.0,85368.0,,
South-East Asia (WHO),WHO_SEAR,2024,95.0,33752.0,,
Spain,ESP,1980,,145322.0,37537560.0,3871.38
Spain,ESP,1981,8.0,146689.0,37812708.0,3879.36
Spain,ESP,1982,27.0,159562.0,38047097.0,4193.8
Spain,ESP,1983,40.0,304350.0,38253247.0,7956.19
Spain,ESP,1984,68.0,38914.0,38437483.0,1012.4
Spain,ESP,1985,79.0,80663.0,38601315.0,2089.64
Spain,ESP,1986,83.0,220109.0,38735706.0,5682.33
Spain,ESP,1987,85.0,35146.0,38852007.0,904.61
Spain,ESP,1988,84.0,22701.0,38952258.0,582.79
Spain,ESP,1989,97.0,32908.0,39029557.0,843.16
Spain,ESP,1990,99.0,21650.0,39084975.0,553.92
Spain,ESP,1991,85.0,24445.0,39201750.0,623.57
Spain,ESP,1992,83.0,24460.0,39420344.0,620.49
Spain,ESP,1993,90.0,11985.0,39651627.0,302.26
Spain,ESP,1994,90.0,6796.0,39858721.0,170.5
Spain,ESP,1995,90.0,8849.0,40052733.0,220.93
Spain,ESP,1996,90.0,4964.0,40237375.0,123.37
Spain,ESP,1997,93.0,1842.0,40423823.0,45.57
Spain,ESP,1998,93.0,446.0,40617436.0,10.98
Spain,ESP,1999,95.0,246.0,40812855.0,6.03
Spain,ESP,2000,94.0,152.0,41019772.0,3.71
Spain,ESP,2001,96.0,,41245602.0,
Spain,ESP,2002,97.0,67.0,41755703.0,1.6
Spain,ESP,2003,98.0,256.0,42506540.0,6.02
Spain,ESP,2004,97.0,26.0,43234562.0,0.6
Spain,ESP,2005,97.0,22.0,43958883.0,0.5
Spain,ESP,2006,97.0,362.0,44695446.0,8.1
Spain,ESP,2007,97.0,267.0,45516501.0,5.87
Spain,ESP,2008,98.0,297.0,46235055.0,6.42
Spain,ESP,2009,98.0,41.0,46635182.0,0.88
Spain,ESP,2010,95.0,302.0,46840469.0,6.45
Spain,ESP,2011,97.0,3802.0,46998040.0,80.9
Spain,ESP,2012,97.0,1204.0,47018323.0,25.61
Spain,ESP,2013,95.0,131.0,46860394.0,2.8
Spain,ESP,2014,96.0,154.0,46720187.0,3.3
Spain,ESP,2015,96.0,115.0,46683683.0,2.46
Spain,ESP,2016,97.0,37.0,46732768.0,0.79
Spain,ESP,2017,98.0,161.0,46868594.0,3.44
Spain,ESP,2018,98.0,225.0,47092817.0,4.78
Spain,ESP,2019,98.0,288.0,47435121.0,6.07
Spain,ESP,2020,96.0,89.0,47679482.0,1.87
Spain,ESP,2021,95.0,2.0,47735670.0,0.04
Spain,ESP,2022,97.0,1.0,47828386.0,0.02
Spain,ESP,2023,96.0,15.0,47911583.0,0.31
Spain,ESP,2024,97.0,227.0,47911583.0,4.74
Sri Lanka,LKA,1980,,5032.0,14847972.0,338.9
Sri Lanka,LKA,1981,,6232.0,15099417.0,412.73
Sri Lanka,LKA,1982,,13273.0,15286571.0,868.28
Sri Lanka,LKA,1983,,8171.0,15388795.0,530.97
Sri Lanka,LKA,1984,3.0,13215.0,15441858.0,855.79
Sri Lanka,LKA,1985,20.0,9398.0,15544152.0,604.6
Sri Lanka,LKA,1986,45.0,6235.0,15731253.0,396.34
Sri Lanka,LKA,1987,60.0,3508.0,15916578.0,220.4
Sri Lanka,LKA,1988,68.0,2630.0,16078624.0,163.57
Sri Lanka,LKA,1989,76.0,780.0,16248560.0,48.0
Sri Lanka,LKA,1990,80.0,4004.0,16352460.0,244.86
Sri Lanka,LKA,1991,79.0,1896.0,16475354.0,115.08
Sri Lanka,LKA,1992,82.0,701.0,16739297.0,41.88
Sri Lanka,LKA,1993,86.0,558.0,17025924.0,32.77
Sri Lanka,LKA,1994,84.0,566.0,17275777.0,32.76
Sri Lanka,LKA,1995,87.0,408.0,17564065.0,23.23
Sri Lanka,LKA,1996,89.0,158.0,17905020.0,8.82
Sri Lanka,LKA,1997,94.0,195.0,18248205.0,10.69
Sri Lanka,LKA,1998,94.0,177.0,18596006.0,9.52
Sri Lanka,LKA,1999,95.0,2417.0,18944734.0,127.58
Sri Lanka,LKA,2000,99.0,16527.0,19293056.0,856.63
Sri Lanka,LKA,2001,99.0,309.0,19600361.0,15.77
Sri Lanka,LKA,2002,99.0,139.0,19805750.0,7.02
Sri Lanka,LKA,2003,99.0,65.0,19951521.0,3.26
Sri Lanka,LKA,2004,96.0,35.0,20087608.0,1.74
Sri Lanka,LKA,2005,99.0,3.0,20216531.0,0.15
Sri Lanka,LKA,2006,99.0,0.0,20352416.0,0.0
Sri Lanka,LKA,2007,98.0,44.0,20492546.0,2.15
Sri Lanka,LKA,2008,98.0,33.0,20629377.0,1.6
Sri Lanka,LKA,2009,97.0,21.0,20756438.0,1.01
Sri Lanka,LKA,2010,99.0,79.0,20879092.0,3.78
Sri Lanka,LKA,2011,99.0,60.0,21009054.0,2.86
Sri Lanka,LKA,2012,99.0,51.0,21169461.0,2.41
Sri Lanka,LKA,2013,99.0,2107.0,21358829.0,98.65
Sri Lanka,LKA,2014,99.0,1686.0,21547454.0,78.25
Sri Lanka,LKA,2015,99.0,1568.0,21729975.0,72.16
Sri Lanka,LKA,2016,99.0,112.0,21910763.0,5.11
Sri Lanka,LKA,2017,99.0,1.0,22087525.0,0.05
Sri Lanka,LKA,2018,99.0,1.0,22253116.0,0.04
Sri Lanka,LKA,2019,99.0,49.0,22410552.0,2.19
Sri Lanka,LKA,2020,96.0,2.0,22561808.0,0.09
Sri Lanka,LKA,2021,97.0,,22700377.0,
Sri Lanka,LKA,2022,99.0,0.0,22834965.0,0.0
Sri Lanka,LKA,2023,99.0,810.0,22971615.0,35.26
Sri Lanka,LKA,2024,99.0,298.0,22971615.0,12.97
Sudan,SDN,1980,,50168.0,17058908.0,2940.87
Sudan,SDN,1981,1.0,64804.0,17780576.0,3644.65
Sudan,SDN,1982,1.0,68171.0,18486645.0,3687.58
Sudan,SDN,1983,2.0,2806.0,19109775.0,146.84
Sudan,SDN,1984,3.0,2390.0,19546531.0,122.27
Sudan,SDN,1985,6.0,67589.0,19905872.0,3395.43
Sudan,SDN,1986,11.0,27136.0,20288246.0,1337.52
Sudan,SDN,1987,22.0,1635.0,20704903.0,78.97
Sudan,SDN,1988,44.0,7466.0,21138430.0,353.2
Sudan,SDN,1989,61.0,15114.0,21578027.0,700.43
Sudan,SDN,1990,57.0,14075.0,22021484.0,639.15
Sudan,SDN,1991,57.0,30014.0,22470676.0,1335.7
Sudan,SDN,1992,52.0,17017.0,22927356.0,742.21
Sudan,SDN,1993,49.0,683.0,23445599.0,29.13
Sudan,SDN,1994,48.0,963.0,24043951.0,40.05
Sudan,SDN,1995,51.0,841.0,24672144.0,34.09
Sudan,SDN,1996,59.0,2559.0,25231534.0,101.42
Sudan,SDN,1997,58.0,350.0,25799826.0,13.57
Sudan,SDN,1998,49.0,550.0,26458999.0,20.79
Sudan,SDN,1999,51.0,3347.0,27130619.0,123.37
Sudan,SDN,2000,58.0,2875.0,27816748.0,103.36
Sudan,SDN,2001,58.0,4362.0,28516774.0,152.96
Sudan,SDN,2002,58.0,4529.0,29228728.0,154.95
Sudan,SDN,2003,65.0,4381.0,29896038.0,146.54
Sudan,SDN,2004,67.0,9562.0,30556641.0,312.93
Sudan,SDN,2005,69.0,1374.0,31262447.0,43.95
Sudan,SDN,2006,73.0,228.0,31992438.0,7.13
Sudan,SDN,2007,79.0,327.0,32764139.0,9.98
Sudan,SDN,2008,79.0,129.0,33623980.0,3.84
Sudan,SDN,2009,82.0,68.0,34569114.0,1.97
Sudan,SDN,2010,90.0,680.0,35414403.0,19.2
Sudan,SDN,2011,87.0,5616.0,36140808.0,155.39
Sudan,SDN,2012,85.0,8523.0,36923175.0,230.83
Sudan,SDN,2013,85.0,2813.0,37785852.0,74.45
Sudan,SDN,2014,86.0,676.0,38823324.0,17.41
Sudan,SDN,2015,87.0,3585.0,40024433.0,89.57
Sudan,SDN,2016,87.0,1767.0,41259892.0,42.83
Sudan,SDN,2017,90.0,665.0,42714311.0,15.57
Sudan,SDN,2018,88.0,4980.0,44230597.0,112.59
Sudan,SDN,2019,90.0,3555.0,45548179.0,78.05
Sudan,SDN,2020,86.0,401.0,46789237.0,8.57
Sudan,SDN,2021,81.0,,48066930.0,
Sudan,SDN,2022,80.0,1575.0,49383344.0,31.89
Sudan,SDN,2023,51.0,1377.0,50042800.0,27.52
Sudan,SDN,2024,46.0,1337.0,50042800.0,26.72
Suriname,SUR,1980,,254.0,375393.0,676.62
Suriname,SUR,1981,39.0,716.0,375472.0,1906.93
Suriname,SUR,1982,17.0,647.0,376566.0,1718.16
Suriname,SUR,1983,71.0,17.0,378762.0,44.88
Suriname,SUR,1984,75.0,40.0,382202.0,104.66
Suriname,SUR,1985,73.0,110.0,386982.0,284.25
Suriname,SUR,1986,78.0,37.0,392344.0,94.3
Suriname,SUR,1987,70.0,5.0,396921.0,12.6
Suriname,SUR,1988,83.0,68.0,402231.0,169.06
Suriname,SUR,1989,73.0,0.0,408415.0,0.0
Suriname,SUR,1990,65.0,35.0,412500.0,84.85
Suriname,SUR,1991,84.0,0.0,415021.0,0.0
Suriname,SUR,1992,61.0,0.0,417602.0,0.0
Suriname,SUR,1993,61.0,0.0,419357.0,0.0
Suriname,SUR,1994,72.0,0.0,422382.0,0.0
Suriname,SUR,1995,85.0,0.0,429611.0,0.0
Suriname,SUR,1996,87.0,0.0,438834.0,0.0
Suriname,SUR,1997,79.0,0.0,448068.0,0.0
Suriname,SUR,1998,82.0,0.0,457413.0,0.0
Suriname,SUR,1999,85.0,0.0,466925.0,0.0
Suriname,SUR,2000,84.0,0.0,476647.0,0.0
Suriname,SUR,2001,82.0,0.0,486566.0,0.0
Suriname,SUR,2002,73.0,0.0,496566.0,0.0
Suriname,SUR,2003,69.0,0.0,506421.0,0.0
Suriname,SUR,2004,86.0,0.0,513928.0,0.0
Suriname,SUR,2005,91.0,0.0,519321.0,0.0
Suriname,SUR,2006,83.0,0.0,525003.0,0.0
Suriname,SUR,2007,85.0,0.0,531026.0,0.0
Suriname,SUR,2008,86.0,0.0,537252.0,0.0
Suriname,SUR,2009,88.0,0.0,543580.0,0.0
Suriname,SUR,2010,87.0,0.0,549931.0,0.0
Suriname,SUR,2011,79.0,0.0,556279.0,0.0
Suriname,SUR,2012,64.0,0.0,562640.0,0.0
Suriname,SUR,2013,81.0,0.0,569024.0,0.0
Suriname,SUR,2014,70.0,0.0,575380.0,0.0
Suriname,SUR,2015,76.0,0.0,581634.0,0.0
Suriname,SUR,2016,76.0,0.0,587765.0,0.0
Suriname,SUR,2017,76.0,0.0,593720.0,0.0
Suriname,SUR,2018,77.0,0.0,599519.0,0.0
Suriname,SUR,2019,64.0,0.0,605779.0,0.0
Suriname,SUR,2020,45.0,0.0,612320.0,0.0
Suriname,SUR,2021,58.0,0.0,617905.0,0.0
Suriname,SUR,2022,74.0,0.0,623172.0,0.0
Suriname,SUR,2023,71.0,0.0,628892.0,0.0
Suriname,SUR,2024,73.0,0.0,628892.0,0.0
Sweden,SWE,1980,88.0,1786.0,8310470.0,214.91
Sweden,SWE,1981,92.0,3540.0,8320460.0,425.46
Sweden,SWE,1982,91.0,6223.0,8325179.0,747.49
Sweden,SWE,1983,93.0,4626.0,8328915.0,555.41
Sweden,SWE,1984,94.0,1003.0,8336482.0,120.31
Sweden,SWE,1985,94.0,326.0,8350249.0,39.04
Sweden,SWE,1986,94.0,173.0,8369681.0,20.67
Sweden,SWE,1987,94.0,,8397651.0,
Sweden,SWE,1988,95.0,38.0,8436358.0,4.5
Sweden,SWE,1989,95.0,62.0,8492821.0,7.3
Sweden,SWE,1990,96.0,29.0,8558571.0,3.39
Sweden,SWE,1991,96.0,25.0,8616955.0,2.9
Sweden,SWE,1992,96.0,57.0,8667576.0,6.58
Sweden,SWE,1993,97.0,25.0,8718038.0,2.87
Sweden,SWE,1994,97.0,21.0,8780190.0,2.39
Sweden,SWE,1995,97.0,23.0,8826298.0,2.61
Sweden,SWE,1996,96.0,44.0,8840330.0,4.98
Sweden,SWE,1997,96.0,62.0,8845525.0,7.01
Sweden,SWE,1998,94.0,,8850606.0,
Sweden,SWE,1999,89.0,,8857691.0,
Sweden,SWE,2000,91.0,59.0,8872099.0,6.65
Sweden,SWE,2001,94.0,5.0,8896018.0,0.56
Sweden,SWE,2002,95.0,9.0,8925045.0,1.01
Sweden,SWE,2003,95.0,3.0,8958434.0,0.33
Sweden,SWE,2004,96.0,5.0,8993805.0,0.56
Sweden,SWE,2005,96.0,13.0,9029771.0,1.44
Sweden,SWE,2006,97.0,19.0,9080628.0,2.09
Sweden,SWE,2007,96.0,1.0,9148280.0,0.11
Sweden,SWE,2008,96.0,25.0,9219903.0,2.71
Sweden,SWE,2009,97.0,3.0,9298738.0,0.32
Sweden,SWE,2010,97.0,6.0,9378234.0,0.64
Sweden,SWE,2011,97.0,26.0,9449263.0,2.75
Sweden,SWE,2012,97.0,30.0,9519477.0,3.15
Sweden,SWE,2013,97.0,51.0,9600620.0,5.31
Sweden,SWE,2014,97.0,26.0,9696438.0,2.68
Sweden,SWE,2015,98.0,22.0,9799483.0,2.25
Sweden,SWE,2016,97.0,3.0,9923281.0,0.3
Sweden,SWE,2017,97.0,41.0,10057864.0,4.08
Sweden,SWE,2018,97.0,43.0,10175400.0,4.23
Sweden,SWE,2019,97.0,20.0,10279120.0,1.95
Sweden,SWE,2020,97.0,5.0,10353682.0,0.48
Sweden,SWE,2021,97.0,0.0,10416134.0,0.0
Sweden,SWE,2022,93.0,5.0,10487335.0,0.48
Sweden,SWE,2023,93.0,11.0,10551493.0,1.04
Sweden,SWE,2024,93.0,38.0,10551493.0,3.6
Switzerland,CHE,1986,70.0,,6504748.0,
Switzerland,CHE,1987,70.0,7400.0,6545771.0,1130.5
Switzerland,CHE,1988,70.0,7600.0,6594145.0,1152.54
Switzerland,CHE,1989,90.0,2700.0,6647787.0,406.15
Switzerland,CHE,1990,90.0,1990.0,6713168.0,296.43
Switzerland,CHE,1991,83.0,2700.0,6796942.0,397.24
Switzerland,CHE,1992,83.0,4300.0,6875049.0,625.45
Switzerland,CHE,1993,83.0,3000.0,6938106.0,432.39
Switzerland,CHE,1994,83.0,1400.0,6993594.0,200.18
Switzerland,CHE,1995,83.0,1400.0,7040481.0,198.85
Switzerland,CHE,1996,83.0,2000.0,7071885.0,282.81
Switzerland,CHE,1997,83.0,6400.0,7089161.0,902.79
Switzerland,CHE,1998,81.0,2000.0,7110294.0,281.28
Switzerland,CHE,1999,82.0,800.0,7144119.0,111.98
Switzerland,CHE,2000,82.0,,7184003.0,
Switzerland,CHE,2001,82.0,700.0,7226391.0,96.87
Switzerland,CHE,2002,82.0,,7278744.0,
Switzerland,CHE,2003,82.0,574.0,7333451.0,78.27
Switzerland,CHE,2004,82.0,39.0,7384196.0,5.28
Switzerland,CHE,2005,87.0,60.0,7431824.0,8.07
Switzerland,CHE,2006,87.0,,7478514.0,
Switzerland,CHE,2007,87.0,1015.0,7545386.0,134.52
Switzerland,CHE,2008,92.0,2022.0,7641730.0,264.6
Switzerland,CHE,2009,92.0,958.0,7737644.0,123.81
Switzerland,CHE,2010,92.0,77.0,7825750.0,9.84
Switzerland,CHE,2011,93.0,621.0,7914379.0,78.46
Switzerland,CHE,2012,93.0,61.0,7998927.0,7.63
Switzerland,CHE,2013,93.0,175.0,8091199.0,21.63
Switzerland,CHE,2014,94.0,23.0,8190238.0,2.81
Switzerland,CHE,2015,94.0,35.0,8283940.0,4.23
Switzerland,CHE,2016,94.0,65.0,8374903.0,7.76
Switzerland,CHE,2017,95.0,105.0,8453630.0,12.42
Switzerland,CHE,2018,95.0,50.0,8516341.0,5.87
Switzerland,CHE,2019,95.0,,8577525.0,
Switzerland,CHE,2020,97.0,37.0,8640582.0,4.28
Switzerland,CHE,2021,95.0,0.0,8707019.0,0.0
Switzerland,CHE,2022,96.0,1.0,8792180.0,0.11
Switzerland,CHE,2023,95.0,52.0,8870564.0,5.86
Switzerland,CHE,2024,96.0,97.0,8870564.0,10.94
Syria,SYR,1980,13.0,1478.0,8957664.0,165.0
Syria,SYR,1981,14.0,1729.0,9260187.0,186.71
Syria,SYR,1982,22.0,800.0,9572513.0,83.57
Syria,SYR,1983,19.0,879.0,9904814.0,88.74
Syria,SYR,1984,23.0,1405.0,10258406.0,136.96
Syria,SYR,1985,27.0,425.0,10625673.0,40.0
Syria,SYR,1986,64.0,2154.0,11002842.0,195.77
Syria,SYR,1987,37.0,292.0,11388916.0,25.64
Syria,SYR,1988,52.0,58.0,11782269.0,4.92
Syria,SYR,1989,86.0,729.0,12179070.0,59.86
Syria,SYR,1990,87.0,535.0,12579212.0,42.53
Syria,SYR,1991,84.0,359.0,12980824.0,27.66
Syria,SYR,1992,84.0,374.0,13385570.0,27.94
Syria,SYR,1993,86.0,2300.0,13795687.0,166.72
Syria,SYR,1994,86.0,1334.0,14208585.0,93.89
Syria,SYR,1995,85.0,1362.0,14616804.0,93.18
Syria,SYR,1996,85.0,2060.0,15018110.0,137.17
Syria,SYR,1997,84.0,6850.0,15417539.0,444.3
Syria,SYR,1998,87.0,5400.0,15820409.0,341.33
Syria,SYR,1999,86.0,3.0,16228064.0,0.18
Syria,SYR,2000,84.0,146.0,16637884.0,8.78
Syria,SYR,2001,80.0,290.0,17051337.0,17.01
Syria,SYR,2002,84.0,538.0,17468335.0,30.8
Syria,SYR,2003,83.0,801.0,17889297.0,44.78
Syria,SYR,2004,82.0,189.0,18336879.0,10.31
Syria,SYR,2005,81.0,375.0,18814092.0,19.93
Syria,SYR,2006,81.0,517.0,19637016.0,26.33
Syria,SYR,2007,81.0,403.0,20884136.0,19.3
Syria,SYR,2008,81.0,19.0,21636566.0,0.88
Syria,SYR,2009,82.0,22.0,21976971.0,1.0
Syria,SYR,2010,82.0,26.0,22482417.0,1.16
Syria,SYR,2011,80.0,13.0,22878104.0,0.57
Syria,SYR,2012,72.0,13.0,22759763.0,0.57
Syria,SYR,2013,69.0,740.0,21666921.0,34.15
Syria,SYR,2014,65.0,594.0,20273661.0,29.3
Syria,SYR,2015,64.0,45.0,19424615.0,2.32
Syria,SYR,2016,73.0,66.0,19193835.0,3.44
Syria,SYR,2017,78.0,737.0,19224671.0,38.34
Syria,SYR,2018,74.0,329.0,19577849.0,16.8
Syria,SYR,2019,76.0,27.0,20353536.0,1.33
Syria,SYR,2020,70.0,15.0,21049431.0,0.71
Syria,SYR,2021,70.0,11.0,21628837.0,0.51
Syria,SYR,2022,52.0,217.0,22462170.0,9.66
Syria,SYR,2023,74.0,744.0,23594623.0,31.53
Syria,SYR,2024,81.0,128.0,23594623.0,5.42
Tajikistan,TJK,1990,,6897.0,5398773.0,1277.51
Tajikistan,TJK,1991,,1241.0,5541200.0,223.96
Tajikistan,TJK,1992,68.0,2439.0,5649397.0,431.73
Tajikistan,TJK,1993,81.0,5045.0,5725001.0,881.22
Tajikistan,TJK,1994,73.0,531.0,5825371.0,91.15
Tajikistan,TJK,1995,70.0,56.0,5948588.0,9.41
Tajikistan,TJK,1996,79.0,42.0,6066524.0,6.92
Tajikistan,TJK,1997,84.0,3882.0,6139829.0,632.27
Tajikistan,TJK,1998,83.0,3070.0,6176403.0,497.05
Tajikistan,TJK,1999,79.0,177.0,6208373.0,28.51
Tajikistan,TJK,2000,88.0,192.0,6284737.0,30.55
Tajikistan,TJK,2001,88.0,38.0,6407376.0,5.93
Tajikistan,TJK,2002,89.0,927.0,6531674.0,141.92
Tajikistan,TJK,2003,91.0,2144.0,6658575.0,321.99
Tajikistan,TJK,2004,92.0,4.0,6790555.0,0.59
Tajikistan,TJK,2005,85.0,,6924722.0,
Tajikistan,TJK,2006,82.0,3.0,7057566.0,0.43
Tajikistan,TJK,2007,85.0,2.0,7194479.0,0.28
Tajikistan,TJK,2008,86.0,0.0,7338402.0,0.0
Tajikistan,TJK,2009,89.0,0.0,7490232.0,0.0
Tajikistan,TJK,2010,94.0,0.0,7652144.0,0.0
Tajikistan,TJK,2011,98.0,1.0,7824788.0,0.13
Tajikistan,TJK,2012,97.0,16.0,8014087.0,2.0
Tajikistan,TJK,2013,97.0,1.0,8216733.0,0.12
Tajikistan,TJK,2014,98.0,0.0,8425559.0,0.0
Tajikistan,TJK,2015,97.0,3.0,8643839.0,0.35
Tajikistan,TJK,2016,97.0,52.0,8865623.0,5.87
Tajikistan,TJK,2017,98.0,654.0,9085942.0,71.98
Tajikistan,TJK,2018,98.0,0.0,9307345.0,0.0
Tajikistan,TJK,2019,98.0,7.0,9529970.0,0.73
Tajikistan,TJK,2020,98.0,168.0,9749312.0,17.23
Tajikistan,TJK,2021,97.0,10.0,9966912.0,1.0
Tajikistan,TJK,2022,98.0,454.0,10182228.0,44.59
Tajikistan,TJK,2023,98.0,294.0,10389807.0,28.3
Tajikistan,TJK,2024,98.0,0.0,10389807.0,0.0
Tanzania,TZA,1980,46.0,63100.0,19189769.0,3288.21
Tanzania,TZA,1981,51.0,79764.0,19784713.0,4031.6
Tanzania,TZA,1982,50.0,102127.0,20398574.0,5006.58
Tanzania,TZA,1983,60.0,68804.0,21079877.0,3263.97
Tanzania,TZA,1984,55.0,39311.0,21779064.0,1804.99
Tanzania,TZA,1985,66.0,46032.0,22501696.0,2045.71
Tanzania,TZA,1986,97.0,38229.0,23258959.0,1643.62
Tanzania,TZA,1987,78.0,42109.0,24030376.0,1752.32
Tanzania,TZA,1988,83.0,14568.0,24769690.0,588.14
Tanzania,TZA,1989,79.0,7033.0,25438759.0,276.47
Tanzania,TZA,1990,80.0,14920.0,26110210.0,571.42
Tanzania,TZA,1991,79.0,27188.0,26780440.0,1015.22
Tanzania,TZA,1992,81.0,13040.0,27457599.0,474.91
Tanzania,TZA,1993,77.0,16471.0,28332691.0,581.34
Tanzania,TZA,1994,79.0,3558.0,29442357.0,120.85
Tanzania,TZA,1995,78.0,3160.0,30383496.0,104.0
Tanzania,TZA,1996,78.0,10676.0,30945761.0,344.99
Tanzania,TZA,1997,73.0,7287.0,31578093.0,230.76
Tanzania,TZA,1998,72.0,10023.0,32420461.0,309.16
Tanzania,TZA,1999,72.0,5887.0,33300335.0,176.79
Tanzania,TZA,2000,78.0,14649.0,34260142.0,427.58
Tanzania,TZA,2001,86.0,11847.0,35198303.0,336.58
Tanzania,TZA,2002,89.0,5131.0,36121301.0,142.05
Tanzania,TZA,2003,97.0,1673.0,37089555.0,45.11
Tanzania,TZA,2004,94.0,1419.0,38109666.0,37.23
Tanzania,TZA,2005,91.0,23.0,39182083.0,0.59
Tanzania,TZA,2006,93.0,2362.0,40294900.0,58.62
Tanzania,TZA,2007,90.0,7726.0,41435508.0,186.46
Tanzania,TZA,2008,88.0,3413.0,42570728.0,80.17
Tanzania,TZA,2009,91.0,1574.0,43633975.0,36.07
Tanzania,TZA,2010,92.0,167.0,44758491.0,3.73
Tanzania,TZA,2011,93.0,1622.0,46029371.0,35.24
Tanzania,TZA,2012,97.0,1668.0,47374261.0,35.21
Tanzania,TZA,2013,99.0,185.0,48824134.0,3.79
Tanzania,TZA,2014,97.0,88.0,50351506.0,1.75
Tanzania,TZA,2015,95.0,30.0,52020958.0,0.58
Tanzania,TZA,2016,83.0,33.0,53824012.0,0.61
Tanzania,TZA,2017,90.0,852.0,55652888.0,15.31
Tanzania,TZA,2018,88.0,74.0,57437134.0,1.29
Tanzania,TZA,2019,89.0,120.0,59174889.0,2.03
Tanzania,TZA,2020,87.0,127.0,60972803.0,2.08
Tanzania,TZA,2021,80.0,0.0,62830410.0,0.0
Tanzania,TZA,2022,84.0,612.0,64711822.0,9.46
Tanzania,TZA,2023,84.0,2887.0,66617607.0,43.34
Tanzania,TZA,2024,84.0,992.0,66617607.0,14.89
Thailand,THA,1980,,16795.0,45650031.0,367.91
Thailand,THA,1981,,24298.0,46575851.0,521.69
Thailand,THA,1982,,27691.0,47494577.0,583.03
Thailand,THA,1983,,34713.0,48423309.0,716.87
Thailand,THA,1984,5.0,47205.0,49351711.0,956.5
Thailand,THA,1985,26.0,32156.0,50270754.0,639.66
Thailand,THA,1986,45.0,19545.0,51177832.0,381.9
Thailand,THA,1987,52.0,42172.0,52074109.0,809.85
Thailand,THA,1988,63.0,36092.0,52969595.0,681.37
Thailand,THA,1989,66.0,14862.0,53848955.0,275.99
Thailand,THA,1990,80.0,29244.0,54738329.0,534.25
Thailand,THA,1991,79.0,26709.0,55637436.0,480.05
Thailand,THA,1992,74.0,7892.0,56528832.0,139.61
Thailand,THA,1993,80.0,17851.0,57408198.0,310.95
Thailand,THA,1994,86.0,38659.0,58260855.0,663.55
Thailand,THA,1995,91.0,11112.0,59098231.0,188.03
Thailand,THA,1996,92.0,5757.0,59920059.0,96.08
Thailand,THA,1997,93.0,15122.0,60724588.0,249.03
Thailand,THA,1998,96.0,13734.0,61522632.0,223.23
Thailand,THA,1999,96.0,3167.0,62299039.0,50.84
Thailand,THA,2000,94.0,4074.0,63007815.0,64.66
Thailand,THA,2001,94.0,7319.0,63651137.0,114.99
Thailand,THA,2002,94.0,10315.0,64266433.0,160.5
Thailand,THA,2003,96.0,4519.0,64868164.0,69.66
Thailand,THA,2004,96.0,4165.0,65452049.0,63.63
Thailand,THA,2005,96.0,3526.0,66017415.0,53.41
Thailand,THA,2006,96.0,3588.0,66567685.0,53.9
Thailand,THA,2007,96.0,3893.0,67102388.0,58.02
Thailand,THA,2008,98.0,7790.0,67619835.0,115.2
Thailand,THA,2009,98.0,6071.0,68121077.0,89.12
Thailand,THA,2010,98.0,2583.0,68579443.0,37.66
Thailand,THA,2011,98.0,3156.0,69007212.0,45.73
Thailand,THA,2012,98.0,5197.0,69436091.0,74.85
Thailand,THA,2013,99.0,2641.0,69845112.0,37.81
Thailand,THA,2014,99.0,,70216362.0,
Thailand,THA,2015,99.0,154.0,70540787.0,2.18
Thailand,THA,2016,99.0,652.0,70859835.0,9.2
Thailand,THA,2017,99.0,1946.0,71160183.0,27.35
Thailand,THA,2018,96.0,6035.0,71376081.0,84.55
Thailand,THA,2019,96.0,5412.0,71522264.0,75.67
Thailand,THA,2020,96.0,,71641484.0,
Thailand,THA,2021,93.0,,71727338.0,
Thailand,THA,2022,93.0,64.0,71735321.0,0.89
Thailand,THA,2023,93.0,64.0,71702436.0,0.89
Thailand,THA,2024,93.0,8202.0,71702436.0,114.39
Togo,TGO,1980,,33960.0,2791409.0,12165.9
Togo,TGO,1981,,19043.0,2879439.0,6613.44
Togo,TGO,1982,,21925.0,2961651.0,7402.97
Togo,TGO,1983,,19403.0,3033081.0,6397.13
Togo,TGO,1984,11.0,25869.0,3105744.0,8329.41
Togo,TGO,1985,27.0,25729.0,3194544.0,8054.04
Togo,TGO,1986,43.0,13119.0,3296341.0,3979.87
Togo,TGO,1987,74.0,10111.0,3397614.0,2975.91
Togo,TGO,1988,62.0,17577.0,3501544.0,5019.79
Togo,TGO,1989,78.0,3499.0,3606911.0,970.08
Togo,TGO,1990,73.0,4548.0,3714023.0,1224.55
Togo,TGO,1991,69.0,9934.0,3822637.0,2598.73
Togo,TGO,1992,64.0,6959.0,3932581.0,1769.58
Togo,TGO,1993,60.0,4017.0,3887976.0,1033.19
Togo,TGO,1994,57.0,7298.0,3904183.0,1869.28
Togo,TGO,1995,53.0,6144.0,4110452.0,1494.73
Togo,TGO,1996,48.0,223.0,4291129.0,51.97
Togo,TGO,1997,43.0,450.0,4438798.0,101.38
Togo,TGO,1998,40.0,3771.0,4551633.0,828.49
Togo,TGO,1999,57.0,2540.0,4665757.0,544.39
Togo,TGO,2000,58.0,3578.0,4783721.0,747.95
Togo,TGO,2001,40.0,1833.0,4904135.0,373.77
Togo,TGO,2002,48.0,363.0,5027128.0,72.21
Togo,TGO,2003,68.0,295.0,5154113.0,57.24
Togo,TGO,2004,70.0,61.0,5281320.0,11.55
Togo,TGO,2005,70.0,38.0,5413151.0,7.02
Togo,TGO,2006,78.0,26.0,5569659.0,4.67
Togo,TGO,2007,71.0,8.0,5748437.0,1.39
Togo,TGO,2008,63.0,187.0,5936140.0,31.5
Togo,TGO,2009,66.0,425.0,6130944.0,69.32
Togo,TGO,2010,68.0,120.0,6325791.0,18.97
Togo,TGO,2011,72.0,187.0,6500577.0,28.77
Togo,TGO,2012,72.0,238.0,6653719.0,35.77
Togo,TGO,2013,72.0,564.0,6798851.0,82.96
Togo,TGO,2014,77.0,577.0,6937647.0,83.17
Togo,TGO,2015,75.0,20.0,7071500.0,2.83
Togo,TGO,2016,73.0,15.0,7200883.0,2.08
Togo,TGO,2017,78.0,46.0,7324379.0,6.28
Togo,TGO,2018,73.0,38.0,7458205.0,5.1
Togo,TGO,2019,78.0,69.0,7619916.0,9.06
Togo,TGO,2020,75.0,91.0,7788058.0,11.68
Togo,TGO,2021,77.0,82.0,7936185.0,10.33
Togo,TGO,2022,79.0,722.0,8068616.0,89.48
Togo,TGO,2023,81.0,686.0,8223853.0,83.42
Togo,TGO,2024,81.0,353.0,8223853.0,42.92
Tokelau,TKL,1980,,0.0,1679.0,0.0
Tokelau,TKL,1981,,0.0,1680.0,0.0
Tokelau,TKL,1982,,0.0,1686.0,0.0
Tokelau,TKL,1983,,1.0,1709.0,585.14
Tokelau,TKL,1984,,0.0,1748.0,0.0
Tokelau,TKL,1985,,41.0,1781.0,23020.77
Tokelau,TKL,1986,,1.0,1803.0,554.63
Tokelau,TKL,1987,,0.0,1798.0,0.0
Tokelau,TKL,1988,,0.0,1787.0,0.0
Tokelau,TKL,1989,,0.0,1782.0,0.0
Tokelau,TKL,1990,,0.0,1785.0,0.0
Tokelau,TKL,1991,,0.0,1792.0,0.0
Tokelau,TKL,1992,,0.0,1797.0,0.0
Tokelau,TKL,1993,,0.0,1795.0,0.0
Tokelau,TKL,1995,,0.0,1792.0,0.0
Tokelau,TKL,1996,,0.0,1795.0,0.0
Tokelau,TKL,1997,,0.0,1803.0,0.0
Tokelau,TKL,1998,,0.0,1817.0,0.0
Tokelau,TKL,1999,,0.0,1844.0,0.0
Tokelau,TKL,2000,,0.0,1866.0,0.0
Tokelau,TKL,2001,,0.0,1887.0,0.0
Tokelau,TKL,2003,,0.0,1793.0,0.0
Tokelau,TKL,2004,,0.0,1726.0,0.0
Tokelau,TKL,2005,,0.0,1652.0,0.0
Tokelau,TKL,2009,,0.0,1597.0,0.0
Tokelau,TKL,2010,,0.0,1610.0,0.0
Tokelau,TKL,2011,,0.0,1625.0,0.0
Tokelau,TKL,2012,,0.0,1681.0,0.0
Tokelau,TKL,2017,,5.0,1767.0,2829.65
Tokelau,TKL,2018,,0.0,1902.0,0.0
Tokelau,TKL,2019,,0.0,2038.0,0.0
Tokelau,TKL,2024,,0.0,2038.0,0.0
Tonga,TON,1980,,2336.0,97785.0,23889.14
Tonga,TON,1981,9.0,187.0,97930.0,1909.53
Tonga,TON,1982,44.0,19.0,98000.0,193.88
Tonga,TON,1983,67.0,36.0,98016.0,367.29
Tonga,TON,1984,43.0,5.0,98008.0,51.02
Tonga,TON,1985,81.0,412.0,98000.0,4204.08
Tonga,TON,1986,37.0,233.0,98025.0,2376.94
Tonga,TON,1987,88.0,0.0,98394.0,0.0
Tonga,TON,1988,81.0,0.0,98985.0,0.0
Tonga,TON,1989,84.0,25.0,99419.0,251.46
Tonga,TON,1990,86.0,65.0,99717.0,651.84
Tonga,TON,1991,90.0,18.0,99911.0,180.16
Tonga,TON,1992,87.0,10.0,100045.0,99.96
Tonga,TON,1993,87.0,0.0,100120.0,0.0
Tonga,TON,1994,86.0,,100187.0,
Tonga,TON,1995,94.0,0.0,100240.0,0.0
Tonga,TON,1996,95.0,0.0,100294.0,0.0
Tonga,TON,1997,97.0,1081.0,100691.0,10735.82
Tonga,TON,1998,96.0,36.0,101406.0,355.01
Tonga,TON,1999,97.0,6.0,102058.0,58.79
Tonga,TON,2000,95.0,0.0,102695.0,0.0
Tonga,TON,2001,93.0,4.0,103305.0,38.72
Tonga,TON,2002,90.0,0.0,103888.0,0.0
Tonga,TON,2003,99.0,0.0,104481.0,0.0
Tonga,TON,2004,99.0,0.0,105088.0,0.0
Tonga,TON,2005,99.0,0.0,105684.0,0.0
Tonga,TON,2006,99.0,0.0,106266.0,0.0
Tonga,TON,2007,99.0,0.0,106744.0,0.0
Tonga,TON,2008,99.0,0.0,107036.0,0.0
Tonga,TON,2009,99.0,0.0,107219.0,0.0
Tonga,TON,2010,99.0,0.0,107415.0,0.0
Tonga,TON,2011,99.0,0.0,107584.0,0.0
Tonga,TON,2012,95.0,0.0,107476.0,0.0
Tonga,TON,2013,99.0,0.0,107093.0,0.0
Tonga,TON,2014,99.0,,106627.0,
Tonga,TON,2015,99.0,,106110.0,
Tonga,TON,2016,98.0,0.0,105536.0,0.0
Tonga,TON,2017,99.0,0.0,105373.0,0.0
Tonga,TON,2018,99.0,0.0,105590.0,0.0
Tonga,TON,2019,99.0,659.0,105688.0,6235.33
Tonga,TON,2020,99.0,,105721.0,
Tonga,TON,2021,99.0,,105504.0,
Tonga,TON,2022,99.0,,105053.0,
Tonga,TON,2023,99.0,12.0,104613.0,114.71
Tonga,TON,2024,99.0,0.0,104613.0,0.0
Trinidad and Tobago,TTO,1980,,384.0,1121750.0,342.32
Trinidad and Tobago,TTO,1981,,3601.0,1135140.0,3172.3
Trinidad and Tobago,TTO,1982,,1284.0,1147932.0,1118.53
Trinidad and Tobago,TTO,1983,,2392.0,1160537.0,2061.11
Trinidad and Tobago,TTO,1984,10.0,3556.0,1172985.0,3031.58
Trinidad and Tobago,TTO,1985,32.0,3549.0,1187370.0,2988.96
Trinidad and Tobago,TTO,1986,42.0,2660.0,1203132.0,2210.9
Trinidad and Tobago,TTO,1987,68.0,441.0,1217367.0,362.26
Trinidad and Tobago,TTO,1988,72.0,388.0,1230071.0,315.43
Trinidad and Tobago,TTO,1989,59.0,2170.0,1241606.0,1747.74
Trinidad and Tobago,TTO,1990,70.0,511.0,1252215.0,408.08
Trinidad and Tobago,TTO,1991,93.0,141.0,1262174.0,111.71
Trinidad and Tobago,TTO,1992,83.0,0.0,1271681.0,0.0
Trinidad and Tobago,TTO,1993,87.0,0.0,1280474.0,0.0
Trinidad and Tobago,TTO,1994,86.0,0.0,1288353.0,0.0
Trinidad and Tobago,TTO,1995,84.0,0.0,1295167.0,0.0
Trinidad and Tobago,TTO,1996,88.0,0.0,1300937.0,0.0
Trinidad and Tobago,TTO,1997,88.0,1.0,1305838.0,0.77
Trinidad and Tobago,TTO,1998,90.0,0.0,1310226.0,0.0
Trinidad and Tobago,TTO,1999,88.0,0.0,1314711.0,0.0
Trinidad and Tobago,TTO,2000,90.0,0.0,1319781.0,0.0
Trinidad and Tobago,TTO,2001,91.0,0.0,1325573.0,0.0
Trinidad and Tobago,TTO,2002,87.0,0.0,1332017.0,0.0
Trinidad and Tobago,TTO,2003,88.0,0.0,1338718.0,0.0
Trinidad and Tobago,TTO,2004,95.0,0.0,1345386.0,0.0
Trinidad and Tobago,TTO,2005,93.0,0.0,1352040.0,0.0
Trinidad and Tobago,TTO,2006,89.0,0.0,1358706.0,0.0
Trinidad and Tobago,TTO,2007,91.0,0.0,1365381.0,0.0
Trinidad and Tobago,TTO,2008,91.0,0.0,1372090.0,0.0
Trinidad and Tobago,TTO,2009,94.0,0.0,1379056.0,0.0
Trinidad and Tobago,TTO,2010,92.0,0.0,1386657.0,0.0
Trinidad and Tobago,TTO,2011,92.0,0.0,1394990.0,0.0
Trinidad and Tobago,TTO,2012,85.0,0.0,1403814.0,0.0
Trinidad and Tobago,TTO,2013,91.0,0.0,1412658.0,0.0
Trinidad and Tobago,TTO,2014,96.0,0.0,1421135.0,0.0
Trinidad and Tobago,TTO,2015,89.0,0.0,1429190.0,0.0
Trinidad and Tobago,TTO,2016,86.0,0.0,1437031.0,0.0
Trinidad and Tobago,TTO,2017,93.0,0.0,1445265.0,0.0
Trinidad and Tobago,TTO,2018,90.0,0.0,1470522.0,0.0
Trinidad and Tobago,TTO,2019,99.0,0.0,1484898.0,0.0
Trinidad and Tobago,TTO,2020,91.0,0.0,1481026.0,0.0
Trinidad and Tobago,TTO,2021,93.0,0.0,1487715.0,0.0
Trinidad and Tobago,TTO,2022,92.0,,1495923.0,
Trinidad and Tobago,TTO,2023,90.0,0.0,1502938.0,0.0
Trinidad and Tobago,TTO,2024,96.0,0.0,1502938.0,0.0
Tunisia,TUN,1980,,225.0,6606194.0,34.06
Tunisia,TUN,1981,,3007.0,6758291.0,444.93
Tunisia,TUN,1982,43.0,1828.0,6908649.0,264.6
Tunisia,TUN,1983,42.0,1464.0,7053797.0,207.55
Tunisia,TUN,1984,55.0,2481.0,7220050.0,343.63
Tunisia,TUN,1985,65.0,4766.0,7409907.0,643.19
Tunisia,TUN,1986,67.0,3740.0,7600300.0,492.09
Tunisia,TUN,1987,81.0,573.0,7789990.0,73.56
Tunisia,TUN,1988,87.0,288.0,7974447.0,36.12
Tunisia,TUN,1989,93.0,1147.0,8151665.0,140.71
Tunisia,TUN,1990,93.0,547.0,8324509.0,65.71
Tunisia,TUN,1991,94.0,1250.0,8501826.0,147.03
Tunisia,TUN,1992,94.0,11872.0,8682509.0,1367.35
Tunisia,TUN,1993,92.0,1413.0,8857916.0,159.52
Tunisia,TUN,1994,91.0,597.0,9018447.0,66.2
Tunisia,TUN,1995,91.0,676.0,9161263.0,73.79
Tunisia,TUN,1996,92.0,533.0,9294433.0,57.35
Tunisia,TUN,1997,92.0,371.0,9421273.0,39.38
Tunisia,TUN,1998,94.0,123.0,9541669.0,12.89
Tunisia,TUN,1999,90.0,101.0,9655966.0,10.46
Tunisia,TUN,2000,95.0,47.0,9764940.0,4.81
Tunisia,TUN,2001,92.0,231.0,9869679.0,23.41
Tunisia,TUN,2002,94.0,98.0,9971521.0,9.83
Tunisia,TUN,2003,90.0,22.0,10071638.0,2.18
Tunisia,TUN,2004,95.0,1.0,10166170.0,0.1
Tunisia,TUN,2005,96.0,15.0,10255474.0,1.46
Tunisia,TUN,2006,98.0,3.0,10346408.0,0.29
Tunisia,TUN,2007,98.0,4.0,10441705.0,0.38
Tunisia,TUN,2008,98.0,2.0,10542637.0,0.19
Tunisia,TUN,2009,98.0,1.0,10650682.0,0.09
Tunisia,TUN,2010,97.0,1.0,10765984.0,0.09
Tunisia,TUN,2011,96.0,11.0,10886041.0,1.01
Tunisia,TUN,2012,96.0,48.0,11009649.0,4.36
Tunisia,TUN,2013,94.0,16.0,11141365.0,1.44
Tunisia,TUN,2014,98.0,15.0,11274295.0,1.33
Tunisia,TUN,2015,98.0,16.0,11402270.0,1.4
Tunisia,TUN,2016,96.0,7.0,11528676.0,0.61
Tunisia,TUN,2017,98.0,5.0,11650504.0,0.43
Tunisia,TUN,2018,96.0,13.0,11765515.0,1.1
Tunisia,TUN,2019,98.0,4669.0,11875084.0,393.18
Tunisia,TUN,2020,98.0,20.0,11974058.0,1.67
Tunisia,TUN,2021,95.0,7.0,12048625.0,0.58
Tunisia,TUN,2022,95.0,11.0,12119338.0,0.91
Tunisia,TUN,2023,96.0,10.0,12200434.0,0.82
Tunisia,TUN,2024,96.0,16.0,12200434.0,1.31
Turkey,TUR,1980,27.0,8618.0,45408818.0,189.79
Turkey,TUR,1981,52.0,26547.0,46321190.0,573.11
Turkey,TUR,1982,64.0,8778.0,47322104.0,185.49
Turkey,TUR,1983,63.0,31515.0,48447413.0,650.5
Turkey,TUR,1984,62.0,30666.0,49574065.0,618.59
Turkey,TUR,1985,61.0,14695.0,50687118.0,289.92
Turkey,TUR,1986,64.0,2267.0,51777768.0,43.78
Turkey,TUR,1987,67.0,2194.0,52843671.0,41.52
Turkey,TUR,1988,82.0,9279.0,53909628.0,172.12
Turkey,TUR,1989,71.0,19273.0,54976719.0,350.57
Turkey,TUR,1990,78.0,11372.0,56015627.0,203.01
Turkey,TUR,1991,73.0,22521.0,57009892.0,395.04
Turkey,TUR,1992,78.0,24626.0,57990121.0,424.66
Turkey,TUR,1993,72.0,34285.0,58999164.0,581.11
Turkey,TUR,1994,76.0,23733.0,60033832.0,395.33
Turkey,TUR,1995,65.0,13544.0,61024501.0,221.94
Turkey,TUR,1996,72.0,27171.0,61951134.0,438.59
Turkey,TUR,1997,79.0,22795.0,62852968.0,362.67
Turkey,TUR,1998,81.0,27120.0,63734385.0,425.52
Turkey,TUR,1999,82.0,16329.0,64591916.0,252.8
Turkey,TUR,2000,87.0,16244.0,65425957.0,248.28
Turkey,TUR,2001,91.0,30509.0,66245125.0,460.55
Turkey,TUR,2002,83.0,7823.0,67048792.0,116.68
Turkey,TUR,2003,75.0,5844.0,67831735.0,86.15
Turkey,TUR,2004,81.0,8927.0,68592621.0,130.15
Turkey,TUR,2005,91.0,6200.0,69329557.0,89.43
Turkey,TUR,2006,98.0,34.0,70045351.0,0.49
Turkey,TUR,2007,96.0,3.0,70750593.0,0.04
Turkey,TUR,2008,97.0,0.0,71562343.0,0.0
Turkey,TUR,2009,97.0,4.0,72464846.0,0.06
Turkey,TUR,2010,97.0,7.0,73346766.0,0.1
Turkey,TUR,2011,98.0,111.0,74215203.0,1.5
Turkey,TUR,2012,96.0,349.0,75197196.0,4.64
Turkey,TUR,2013,98.0,7405.0,76403032.0,96.92
Turkey,TUR,2014,94.0,565.0,78036154.0,7.24
Turkey,TUR,2015,97.0,342.0,80014222.0,4.27
Turkey,TUR,2016,98.0,9.0,81652087.0,0.11
Turkey,TUR,2017,96.0,84.0,83083667.0,1.01
Turkey,TUR,2018,96.0,716.0,84415966.0,8.48
Turkey,TUR,2019,97.0,2904.0,85357670.0,34.02
Turkey,TUR,2020,95.0,,86091691.0,
Turkey,TUR,2021,96.0,,86686254.0,
Turkey,TUR,2022,95.0,103.0,87058469.0,1.18
Turkey,TUR,2023,95.0,5088.0,87270502.0,58.3
Turkey,TUR,2024,95.0,,87270502.0,
Turkmenistan,TKM,1990,,2806.0,3760561.0,746.17
Turkmenistan,TKM,1991,,1346.0,3855902.0,349.08
Turkmenistan,TKM,1992,76.0,692.0,3944689.0,175.43
Turkmenistan,TKM,1993,84.0,2486.0,4032415.0,616.5
Turkmenistan,TKM,1994,90.0,2613.0,4116662.0,634.74
Turkmenistan,TKM,1995,92.0,393.0,4191207.0,93.77
Turkmenistan,TKM,1996,98.0,96.0,4263818.0,22.52
Turkmenistan,TKM,1997,99.0,377.0,4336732.0,86.93
Turkmenistan,TKM,1998,99.0,1035.0,4410511.0,234.67
Turkmenistan,TKM,1999,97.0,452.0,4492174.0,100.62
Turkmenistan,TKM,2000,96.0,113.0,4582675.0,24.66
Turkmenistan,TKM,2001,98.0,9.0,4675416.0,1.92
Turkmenistan,TKM,2002,88.0,11.0,4769473.0,2.31
Turkmenistan,TKM,2003,97.0,1.0,4863871.0,0.21
Turkmenistan,TKM,2004,97.0,1.0,4958091.0,0.2
Turkmenistan,TKM,2005,99.0,0.0,5052260.0,0.0
Turkmenistan,TKM,2006,99.0,48.0,5147103.0,9.33
Turkmenistan,TKM,2007,99.0,59.0,5244047.0,11.25
Turkmenistan,TKM,2008,99.0,0.0,5345033.0,0.0
Turkmenistan,TKM,2009,99.0,0.0,5451597.0,0.0
Turkmenistan,TKM,2010,99.0,0.0,5564356.0,0.0
Turkmenistan,TKM,2011,99.0,0.0,5683413.0,0.0
Turkmenistan,TKM,2012,99.0,0.0,5808548.0,0.0
Turkmenistan,TKM,2013,99.0,0.0,5939348.0,0.0
Turkmenistan,TKM,2014,99.0,0.0,6075286.0,0.0
Turkmenistan,TKM,2015,99.0,0.0,6215773.0,0.0
Turkmenistan,TKM,2016,99.0,0.0,6360041.0,0.0
Turkmenistan,TKM,2017,99.0,0.0,6507065.0,0.0
Turkmenistan,TKM,2018,99.0,0.0,6655523.0,0.0
Turkmenistan,TKM,2019,99.0,0.0,6803943.0,0.0
Turkmenistan,TKM,2020,98.0,0.0,6949915.0,0.0
Turkmenistan,TKM,2021,97.0,0.0,7092042.0,0.0
Turkmenistan,TKM,2022,98.0,0.0,7230197.0,0.0
Turkmenistan,TKM,2023,99.0,0.0,7364437.0,0.0
Turkmenistan,TKM,2024,99.0,0.0,7364437.0,0.0
Turks and Caicos Islands,TCA,1980,,4.0,7584.0,527.43
Turks and Caicos Islands,TCA,1981,,16.0,7927.0,2018.42
Turks and Caicos Islands,TCA,1982,,3.0,8316.0,360.75
Turks and Caicos Islands,TCA,1983,,100.0,8722.0,11465.26
Turks and Caicos Islands,TCA,1984,,6.0,9127.0,657.39
Turks and Caicos Islands,TCA,1985,,2.0,9545.0,209.53
Turks and Caicos Islands,TCA,1986,,0.0,9962.0,0.0
Turks and Caicos Islands,TCA,1987,,0.0,10384.0,0.0
Turks and Caicos Islands,TCA,1988,,0.0,10800.0,0.0
Turks and Caicos Islands,TCA,1989,,0.0,11213.0,0.0
Turks and Caicos Islands,TCA,1990,,2.0,11708.0,170.82
Turks and Caicos Islands,TCA,1991,,8.0,12328.0,648.93
Turks and Caicos Islands,TCA,1992,,0.0,12992.0,0.0
Turks and Caicos Islands,TCA,1993,,0.0,13670.0,0.0
Turks and Caicos Islands,TCA,1994,,0.0,14368.0,0.0
Turks and Caicos Islands,TCA,1995,,4.0,15074.0,265.36
Turks and Caicos Islands,TCA,1996,,0.0,15786.0,0.0
Turks and Caicos Islands,TCA,1997,,0.0,16505.0,0.0
Turks and Caicos Islands,TCA,1998,,0.0,17236.0,0.0
Turks and Caicos Islands,TCA,1999,,0.0,17981.0,0.0
Turks and Caicos Islands,TCA,2000,,0.0,18754.0,0.0
Turks and Caicos Islands,TCA,2001,,0.0,19603.0,0.0
Turks and Caicos Islands,TCA,2002,,0.0,20619.0,0.0
Turks and Caicos Islands,TCA,2003,,0.0,21749.0,0.0
Turks and Caicos Islands,TCA,2017,,0.0,39931.0,0.0
Turks and Caicos Islands,TCA,2018,,0.0,41580.0,0.0
Turks and Caicos Islands,TCA,2019,,0.0,43191.0,0.0
Turks and Caicos Islands,TCA,2020,,0.0,44405.0,0.0
Turks and Caicos Islands,TCA,2021,,0.0,45262.0,0.0
Turks and Caicos Islands,TCA,2022,,0.0,45869.0,0.0
Turks and Caicos Islands,TCA,2023,,0.0,46221.0,0.0
Turks and Caicos Islands,TCA,2024,,2.0,46221.0,43.27
Tuvalu,TUV,1980,,509.0,7387.0,68904.83
Tuvalu,TUV,1981,,3.0,7545.0,397.61
Tuvalu,TUV,1982,,20.0,7686.0,2602.13
Tuvalu,TUV,1983,65.0,0.0,7809.0,0.0
Tuvalu,TUV,1984,71.0,2.0,7926.0,252.33
Tuvalu,TUV,1985,92.0,0.0,8068.0,0.0
Tuvalu,TUV,1986,65.0,0.0,8238.0,0.0
Tuvalu,TUV,1987,65.0,284.0,8393.0,33837.72
Tuvalu,TUV,1988,90.0,0.0,8539.0,0.0
Tuvalu,TUV,1989,79.0,0.0,8685.0,0.0
Tuvalu,TUV,1990,95.0,,8821.0,
Tuvalu,TUV,1991,63.0,0.0,8953.0,0.0
Tuvalu,TUV,1992,66.0,1.0,9060.0,110.38
Tuvalu,TUV,1993,64.0,0.0,9146.0,0.0
Tuvalu,TUV,1994,79.0,0.0,9231.0,0.0
Tuvalu,TUV,1995,94.0,1.0,9299.0,107.54
Tuvalu,TUV,1996,94.0,51.0,9363.0,5446.97
Tuvalu,TUV,1997,99.0,14.0,9425.0,1485.41
Tuvalu,TUV,1998,96.0,,9469.0,
Tuvalu,TUV,1999,94.0,0.0,9518.0,0.0
Tuvalu,TUV,2000,81.0,,9566.0,
Tuvalu,TUV,2001,99.0,0.0,9608.0,0.0
Tuvalu,TUV,2002,99.0,0.0,9645.0,0.0
Tuvalu,TUV,2003,95.0,0.0,9715.0,0.0
Tuvalu,TUV,2004,97.0,0.0,9839.0,0.0
Tuvalu,TUV,2005,62.0,0.0,9964.0,0.0
Tuvalu,TUV,2006,84.0,0.0,10078.0,0.0
Tuvalu,TUV,2007,95.0,0.0,10204.0,0.0
Tuvalu,TUV,2008,93.0,0.0,10344.0,0.0
Tuvalu,TUV,2009,90.0,0.0,10479.0,0.0
Tuvalu,TUV,2010,85.0,0.0,10635.0,0.0
Tuvalu,TUV,2011,98.0,0.0,10804.0,0.0
Tuvalu,TUV,2012,98.0,0.0,10960.0,0.0
Tuvalu,TUV,2013,96.0,,11028.0,
Tuvalu,TUV,2014,94.0,,11007.0,
Tuvalu,TUV,2015,94.0,,10985.0,
Tuvalu,TUV,2016,96.0,,10951.0,
Tuvalu,TUV,2017,95.0,,10892.0,
Tuvalu,TUV,2018,88.0,,10775.0,
Tuvalu,TUV,2019,96.0,0.0,10603.0,0.0
Tuvalu,TUV,2020,93.0,,10423.0,
Tuvalu,TUV,2021,93.0,,10214.0,
Tuvalu,TUV,2022,90.0,,10012.0,
Tuvalu,TUV,2023,98.0,,9837.0,
Tuvalu,TUV,2024,97.0,,9837.0,
Uganda,UGA,1980,,13415.0,13275751.0,1010.49
Uganda,UGA,1981,22.0,18630.0,13556457.0,1374.25
Uganda,UGA,1982,21.0,11408.0,13873637.0,822.28
Uganda,UGA,1983,20.0,43016.0,14221891.0,3024.63
Uganda,UGA,1984,18.0,20072.0,14607679.0,1374.07
Uganda,UGA,1985,17.0,,15023679.0,
Uganda,UGA,1986,27.0,,15467581.0,
Uganda,UGA,1987,38.0,,15954165.0,
Uganda,UGA,1988,49.0,1666.0,16470485.0,101.15
Uganda,UGA,1989,51.0,660.0,17010704.0,38.8
Uganda,UGA,1990,52.0,2637.0,17569895.0,150.09
Uganda,UGA,1991,54.0,,18155901.0,
Uganda,UGA,1992,56.0,36511.0,18785037.0,1943.62
Uganda,UGA,1993,57.0,,19445161.0,
Uganda,UGA,1994,59.0,49815.0,20108804.0,2477.27
Uganda,UGA,1995,57.0,42659.0,20665673.0,2064.24
Uganda,UGA,1996,55.0,26198.0,21231553.0,1233.92
Uganda,UGA,1997,54.0,12562.0,21856044.0,574.76
Uganda,UGA,1998,50.0,42528.0,22515809.0,1888.81
Uganda,UGA,1999,55.0,42737.0,23257279.0,1837.58
Uganda,UGA,2000,57.0,42554.0,24000158.0,1773.07
Uganda,UGA,2001,59.0,48543.0,24745678.0,1961.68
Uganda,UGA,2002,62.0,49871.0,25532872.0,1953.21
Uganda,UGA,2003,64.0,29429.0,26352124.0,1116.76
Uganda,UGA,2004,66.0,141.0,27154513.0,5.19
Uganda,UGA,2005,68.0,22.0,27963287.0,0.79
Uganda,UGA,2006,75.0,5736.0,28794005.0,199.21
Uganda,UGA,2007,75.0,3776.0,29653437.0,127.34
Uganda,UGA,2008,70.0,1319.0,30539547.0,43.19
Uganda,UGA,2009,77.0,1601.0,31451147.0,50.9
Uganda,UGA,2010,73.0,1313.0,32390801.0,40.54
Uganda,UGA,2011,75.0,3312.0,33354541.0,99.3
Uganda,UGA,2012,80.0,2027.0,34337436.0,59.03
Uganda,UGA,2013,83.0,7878.0,35337050.0,222.94
Uganda,UGA,2014,85.0,314.0,36395542.0,8.63
Uganda,UGA,2015,79.0,478.0,37531444.0,12.74
Uganda,UGA,2016,79.0,139.0,38799153.0,3.58
Uganda,UGA,2017,83.0,1021.0,40177384.0,25.41
Uganda,UGA,2018,86.0,2627.0,41565839.0,63.2
Uganda,UGA,2019,87.0,920.0,42999636.0,21.4
Uganda,UGA,2020,89.0,314.0,44457148.0,7.06
Uganda,UGA,2021,90.0,606.0,45910931.0,13.2
Uganda,UGA,2022,90.0,52.0,47312718.0,1.1
Uganda,UGA,2023,90.0,399.0,48656606.0,8.2
Uganda,UGA,2024,90.0,2180.0,48656606.0,44.8
Ukraine,UKR,1990,,6841.0,52054096.0,131.42
Ukraine,UKR,1991,,5321.0,52170967.0,101.99
Ukraine,UKR,1992,90.0,13289.0,52323675.0,253.98
Ukraine,UKR,1993,94.0,23452.0,52350122.0,447.98
Ukraine,UKR,1994,96.0,9837.0,52076000.0,188.9
Ukraine,UKR,1995,97.0,1923.0,51665535.0,37.22
Ukraine,UKR,1996,92.0,8678.0,51226111.0,169.41
Ukraine,UKR,1997,97.0,7000.0,50786881.0,137.83
Ukraine,UKR,1998,96.0,5107.0,50379728.0,101.37
Ukraine,UKR,1999,99.0,1389.0,49976445.0,27.79
Ukraine,UKR,2000,99.0,817.0,49556654.0,16.49
Ukraine,UKR,2001,99.0,16970.0,49106854.0,345.57
Ukraine,UKR,2002,99.0,7587.0,48677280.0,155.86
Ukraine,UKR,2003,99.0,411.0,48315133.0,8.51
Ukraine,UKR,2004,99.0,146.0,47979502.0,3.04
Ukraine,UKR,2005,96.0,2392.0,47585558.0,50.27
Ukraine,UKR,2006,98.0,42724.0,47278691.0,903.66
Ukraine,UKR,2007,97.0,1005.0,47062802.0,21.35
Ukraine,UKR,2008,94.0,48.0,46819168.0,1.03
Ukraine,UKR,2009,75.0,,46623731.0,
Ukraine,UKR,2010,56.0,39.0,46455997.0,0.84
Ukraine,UKR,2011,67.0,1333.0,46307854.0,28.79
Ukraine,UKR,2012,79.0,12746.0,46210051.0,275.83
Ukraine,UKR,2013,79.0,,46126760.0,
Ukraine,UKR,2014,56.0,,45972379.0,
Ukraine,UKR,2015,56.0,105.0,45784904.0,2.29
Ukraine,UKR,2016,42.0,102.0,45616831.0,2.24
Ukraine,UKR,2017,86.0,4782.0,45436037.0,105.25
Ukraine,UKR,2018,91.0,53219.0,45208903.0,1177.18
Ukraine,UKR,2019,93.0,57282.0,44957451.0,1274.14
Ukraine,UKR,2020,85.0,264.0,44680008.0,5.91
Ukraine,UKR,2021,89.0,16.0,44298642.0,0.36
Ukraine,UKR,2022,74.0,11.0,41048768.0,0.27
Ukraine,UKR,2023,92.0,66.0,37732833.0,1.75
Ukraine,UKR,2024,91.0,433.0,37732833.0,11.48
United Arab Emirates,ARE,1980,34.0,2796.0,1015711.0,2752.75
United Arab Emirates,ARE,1981,42.0,2820.0,1099864.0,2563.95
United Arab Emirates,ARE,1982,41.0,1691.0,1166383.0,1449.78
United Arab Emirates,ARE,1983,51.0,2105.0,1235309.0,1704.03
United Arab Emirates,ARE,1984,53.0,1749.0,1306005.0,1339.2
United Arab Emirates,ARE,1985,60.0,2400.0,1377918.0,1741.76
United Arab Emirates,ARE,1986,67.0,2158.0,1467386.0,1470.64
United Arab Emirates,ARE,1987,71.0,2913.0,1574258.0,1850.4
United Arab Emirates,ARE,1988,74.0,1187.0,1681797.0,705.79
United Arab Emirates,ARE,1989,78.0,1068.0,1789858.0,596.7
United Arab Emirates,ARE,1990,80.0,1187.0,1898220.0,625.32
United Arab Emirates,ARE,1991,82.0,1148.0,2006630.0,572.1
United Arab Emirates,ARE,1992,85.0,1063.0,2114738.0,502.66
United Arab Emirates,ARE,1993,90.0,745.0,2222098.0,335.27
United Arab Emirates,ARE,1994,90.0,518.0,2328191.0,222.49
United Arab Emirates,ARE,1995,90.0,671.0,2434667.0,275.6
United Arab Emirates,ARE,1996,90.0,425.0,2597570.0,163.61
United Arab Emirates,ARE,1997,95.0,243.0,2817410.0,86.25
United Arab Emirates,ARE,1998,95.0,296.0,3040432.0,97.35
United Arab Emirates,ARE,1999,96.0,117.0,3266011.0,35.82
United Arab Emirates,ARE,2000,94.0,69.0,3493583.0,19.75
United Arab Emirates,ARE,2001,94.0,30.0,3723596.0,8.06
United Arab Emirates,ARE,2002,94.0,53.0,3956829.0,13.39
United Arab Emirates,ARE,2003,94.0,42.0,4192465.0,10.02
United Arab Emirates,ARE,2004,94.0,22.0,4428964.0,4.97
United Arab Emirates,ARE,2005,92.0,29.0,4664797.0,6.22
United Arab Emirates,ARE,2006,92.0,,5009106.0,
United Arab Emirates,ARE,2007,92.0,,5624640.0,
United Arab Emirates,ARE,2008,92.0,55.0,6302669.0,8.73
United Arab Emirates,ARE,2009,93.0,,6707063.0,
United Arab Emirates,ARE,2010,94.0,87.0,6938372.0,12.54
United Arab Emirates,ARE,2011,95.0,,7199436.0,
United Arab Emirates,ARE,2012,96.0,132.0,7497122.0,17.61
United Arab Emirates,ARE,2013,98.0,,7831851.0,
United Arab Emirates,ARE,2014,99.0,344.0,8236880.0,41.76
United Arab Emirates,ARE,2015,99.0,347.0,8674633.0,40.0
United Arab Emirates,ARE,2016,99.0,223.0,9030873.0,24.69
United Arab Emirates,ARE,2017,99.0,121.0,9234330.0,13.1
United Arab Emirates,ARE,2018,99.0,172.0,9346870.0,18.4
United Arab Emirates,ARE,2019,99.0,187.0,9377855.0,19.94
United Arab Emirates,ARE,2020,99.0,50.0,9448529.0,5.29
United Arab Emirates,ARE,2021,99.0,35.0,9789055.0,3.58
United Arab Emirates,ARE,2022,98.0,98.0,10242085.0,9.57
United Arab Emirates,ARE,2023,98.0,484.0,10642089.0,45.48
United Arab Emirates,ARE,2024,98.0,559.0,10642089.0,52.53
United Kingdom,GBR,1980,53.0,147962.0,56282102.0,2628.94
United Kingdom,GBR,1981,55.0,61779.0,56304590.0,1097.23
United Kingdom,GBR,1982,58.0,105642.0,56292761.0,1876.65
United Kingdom,GBR,1983,60.0,114948.0,56332060.0,2040.54
United Kingdom,GBR,1984,63.0,67632.0,56451312.0,1198.06
United Kingdom,GBR,1985,68.0,104774.0,56606416.0,1850.92
United Kingdom,GBR,1986,71.0,90214.0,56751926.0,1589.62
United Kingdom,GBR,1987,76.0,44850.0,56886021.0,788.42
United Kingdom,GBR,1988,80.0,88259.0,57026539.0,1547.68
United Kingdom,GBR,1989,84.0,30160.0,57182137.0,527.44
United Kingdom,GBR,1990,87.0,28228.0,57367867.0,492.05
United Kingdom,GBR,1991,90.0,11727.0,57555199.0,203.75
United Kingdom,GBR,1992,92.0,12317.0,57719273.0,213.39
United Kingdom,GBR,1993,91.0,12018.0,57861037.0,207.7
United Kingdom,GBR,1994,91.0,23525.0,58003200.0,405.58
United Kingdom,GBR,1995,92.0,9017.0,58154632.0,155.05
United Kingdom,GBR,1996,92.0,6866.0,58298563.0,117.77
United Kingdom,GBR,1997,91.0,4844.0,58447091.0,82.88
United Kingdom,GBR,1998,87.0,74.0,58626822.0,1.26
United Kingdom,GBR,1999,88.0,,58838663.0,
United Kingdom,GBR,2000,88.0,104.0,59057333.0,1.76
United Kingdom,GBR,2001,85.0,73.0,59288095.0,1.23
United Kingdom,GBR,2002,85.0,314.0,59540764.0,5.27
United Kingdom,GBR,2003,82.0,460.0,59820385.0,7.69
United Kingdom,GBR,2004,81.0,189.0,60169964.0,3.14
United Kingdom,GBR,2005,82.0,79.0,60596107.0,1.3
United Kingdom,GBR,2006,85.0,764.0,61051093.0,12.51
United Kingdom,GBR,2007,86.0,1022.0,61535859.0,16.61
United Kingdom,GBR,2008,86.0,1445.0,62027303.0,23.3
United Kingdom,GBR,2009,86.0,1212.0,62506222.0,19.39
United Kingdom,GBR,2010,89.0,443.0,63006482.0,7.03
United Kingdom,GBR,2011,90.0,1112.0,63509285.0,17.51
United Kingdom,GBR,2012,92.0,2092.0,63960488.0,32.71
United Kingdom,GBR,2013,93.0,1919.0,64389386.0,29.8
United Kingdom,GBR,2014,93.0,133.0,64865914.0,2.05
United Kingdom,GBR,2015,93.0,91.0,65382107.0,1.39
United Kingdom,GBR,2016,92.0,558.0,65893359.0,8.47
United Kingdom,GBR,2017,92.0,364.0,66354473.0,5.49
United Kingdom,GBR,2018,92.0,1216.0,66752473.0,18.22
United Kingdom,GBR,2019,91.0,1092.0,67110958.0,16.27
United Kingdom,GBR,2020,91.0,95.0,67351860.0,1.41
United Kingdom,GBR,2021,91.0,2.0,67668788.0,0.03
United Kingdom,GBR,2022,90.0,63.0,68179315.0,0.92
United Kingdom,GBR,2023,90.0,493.0,68682965.0,7.18
United Kingdom,GBR,2024,89.0,3426.0,68682965.0,49.88
United States,USA,1980,86.0,13506.0,229858656.0,58.76
United States,USA,1981,97.0,3124.0,232201613.0,13.45
United States,USA,1982,97.0,1714.0,234583155.0,7.31
United States,USA,1983,98.0,1497.0,236986362.0,6.32
United States,USA,1984,98.0,2587.0,239353967.0,10.81
United States,USA,1985,97.0,2822.0,241690438.0,11.68
United States,USA,1986,97.0,6282.0,243953807.0,25.75
United States,USA,1987,82.0,3655.0,246161292.0,14.85
United States,USA,1988,98.0,3396.0,248393236.0,13.67
United States,USA,1989,94.0,18193.0,250675047.0,72.58
United States,USA,1990,90.0,27786.0,253373387.0,109.66
United States,USA,1991,87.0,9643.0,256471424.0,37.6
United States,USA,1992,83.0,2231.0,259606021.0,8.59
United States,USA,1993,84.0,312.0,262633229.0,1.19
United States,USA,1994,89.0,958.0,265474811.0,3.61
United States,USA,1995,88.0,309.0,268205796.0,1.15
United States,USA,1996,91.0,489.0,270860695.0,1.81
United States,USA,1997,91.0,138.0,273468014.0,0.5
United States,USA,1998,92.0,100.0,276119323.0,0.36
United States,USA,1999,92.0,100.0,278785482.0,0.36
United States,USA,2000,91.0,85.0,281484126.0,0.3
United States,USA,2001,91.0,116.0,284279634.0,0.41
United States,USA,2002,91.0,41.0,287084335.0,0.14
United States,USA,2003,93.0,56.0,289908091.0,0.19
United States,USA,2004,93.0,37.0,292786248.0,0.13
United States,USA,2005,92.0,66.0,295716666.0,0.22
United States,USA,2006,92.0,55.0,298730208.0,0.18
United States,USA,2007,92.0,43.0,301844223.0,0.14
United States,USA,2008,92.0,140.0,304970325.0,0.46
United States,USA,2009,90.0,71.0,308023452.0,0.23
United States,USA,2010,92.0,63.0,311062785.0,0.2
United States,USA,2011,92.0,220.0,314105075.0,0.7
United States,USA,2012,91.0,55.0,317115349.0,0.17
United States,USA,2013,92.0,187.0,320110752.0,0.58
United States,USA,2014,92.0,667.0,323115377.0,2.06
United States,USA,2015,92.0,188.0,326126496.0,0.58
United States,USA,2016,92.0,85.0,329179423.0,0.26
United States,USA,2017,91.0,120.0,332204657.0,0.36
United States,USA,2018,92.0,375.0,335056492.0,1.12
United States,USA,2019,90.0,,337790069.0,
United States,USA,2020,91.0,1275.0,339436156.0,3.76
United States,USA,2021,92.0,14.0,340161438.0,0.04
United States,USA,2022,92.0,,341534041.0,
United States,USA,2023,92.0,121.0,343477330.0,0.35
United States,USA,2024,92.0,,343477330.0,
Upper-middle-income countries,OWID_UMC,1980,12.0,,1778698349.0,
Upper-middle-income countries,OWID_UMC,1981,15.0,,1811655794.0,
Upper-middle-income countries,OWID_UMC,1982,15.0,,1846182616.0,
Upper-middle-income countries,OWID_UMC,1983,56.0,,1880139880.0,
Upper-middle-income countries,OWID_UMC,1984,61.0,,1913689032.0,
Upper-middle-income countries,OWID_UMC,1985,71.0,,1948314069.0,
Upper-middle-income countries,OWID_UMC,1986,60.0,,1984336831.0,
Upper-middle-income countries,OWID_UMC,1987,69.0,,2021851155.0,
Upper-middle-income countries,OWID_UMC,1988,82.0,,2059210641.0,
Upper-middle-income countries,OWID_UMC,1989,83.0,,2096075553.0,
Upper-middle-income countries,OWID_UMC,1990,87.0,,2133212546.0,
Upper-middle-income countries,OWID_UMC,1991,85.0,,2167382314.0,
Upper-middle-income countries,OWID_UMC,1992,83.0,,2197406055.0,
Upper-middle-income countries,OWID_UMC,1993,81.0,,2225369861.0,
Upper-middle-income countries,OWID_UMC,1994,78.0,,2251652283.0,
Upper-middle-income countries,OWID_UMC,1995,81.0,,2277401663.0,
Upper-middle-income countries,OWID_UMC,1996,84.0,,2302891501.0,
Upper-middle-income countries,OWID_UMC,1997,85.0,,2327613637.0,
Upper-middle-income countries,OWID_UMC,1998,86.0,,2351662004.0,
Upper-middle-income countries,OWID_UMC,1999,87.0,,2375149846.0,
Upper-middle-income countries,OWID_UMC,2000,87.0,,2398658002.0,
Upper-middle-income countries,OWID_UMC,2001,87.0,,2421698836.0,
Upper-middle-income countries,OWID_UMC,2002,86.0,,2443169936.0,
Upper-middle-income countries,OWID_UMC,2003,86.0,,2464250116.0,
Upper-middle-income countries,OWID_UMC,2004,87.0,,2485797097.0,
Upper-middle-income countries,OWID_UMC,2005,87.0,,2507751547.0,
Upper-middle-income countries,OWID_UMC,2006,91.0,,2529346002.0,
Upper-middle-income countries,OWID_UMC,2007,91.0,,2550034553.0,
Upper-middle-income countries,OWID_UMC,2008,93.0,,2571616096.0,
Upper-middle-income countries,OWID_UMC,2009,93.0,,2594532094.0,
Upper-middle-income countries,OWID_UMC,2010,93.0,,2617657240.0,
Upper-middle-income countries,OWID_UMC,2011,94.0,,2640400163.0,
Upper-middle-income countries,OWID_UMC,2012,94.0,,2664517398.0,
Upper-middle-income countries,OWID_UMC,2013,94.0,,2689585465.0,
Upper-middle-income countries,OWID_UMC,2014,94.0,,2713983279.0,
Upper-middle-income countries,OWID_UMC,2015,94.0,,2737646890.0,
Upper-middle-income countries,OWID_UMC,2016,95.0,,2759890904.0,
Upper-middle-income countries,OWID_UMC,2017,93.0,,2781778743.0,
Upper-middle-income countries,OWID_UMC,2018,94.0,,2801804568.0,
Upper-middle-income countries,OWID_UMC,2019,93.0,,2818594893.0,
Upper-middle-income countries,OWID_UMC,2020,90.0,,2832101028.0,
Upper-middle-income countries,OWID_UMC,2021,89.0,,2841892610.0,
Upper-middle-income countries,OWID_UMC,2022,91.0,,2847730001.0,
Upper-middle-income countries,OWID_UMC,2023,89.0,,2852870890.0,
Upper-middle-income countries,OWID_UMC,2024,90.0,,2852870890.0,
Uruguay,URY,1980,50.0,141.0,2951956.0,47.76
Uruguay,URY,1981,55.0,15465.0,2963250.0,5218.93
Uruguay,URY,1982,52.0,135.0,2975490.0,45.37
Uruguay,URY,1983,65.0,18.0,2988779.0,6.02
Uruguay,URY,1984,66.0,352.0,3002495.0,117.24
Uruguay,URY,1985,59.0,160.0,3017044.0,53.03
Uruguay,URY,1986,82.0,198.0,3032846.0,65.29
Uruguay,URY,1987,88.0,1190.0,3049896.0,390.18
Uruguay,URY,1988,72.0,76.0,3067957.0,24.77
Uruguay,URY,1989,82.0,20.0,3086254.0,6.48
Uruguay,URY,1990,97.0,110.0,3104404.0,35.43
Uruguay,URY,1991,96.0,2040.0,3122357.0,653.35
Uruguay,URY,1992,93.0,187.0,3139704.0,59.56
Uruguay,URY,1993,90.0,16.0,3156351.0,5.07
Uruguay,URY,1994,90.0,0.0,3172839.0,0.0
Uruguay,URY,1995,90.0,5.0,3189438.0,1.57
Uruguay,URY,1996,89.0,2.0,3206329.0,0.62
Uruguay,URY,1997,92.0,2.0,3223349.0,0.62
Uruguay,URY,1998,96.0,6.0,3239286.0,1.85
Uruguay,URY,1999,99.0,34.0,3254020.0,10.45
Uruguay,URY,2000,89.0,0.0,3266212.0,0.0
Uruguay,URY,2001,94.0,0.0,3274257.0,0.0
Uruguay,URY,2002,95.0,0.0,3278868.0,0.0
Uruguay,URY,2003,95.0,0.0,3281188.0,0.0
Uruguay,URY,2004,95.0,0.0,3283157.0,0.0
Uruguay,URY,2005,95.0,0.0,3285776.0,0.0
Uruguay,URY,2006,94.0,0.0,3289508.0,0.0
Uruguay,URY,2007,96.0,0.0,3295155.0,0.0
Uruguay,URY,2008,95.0,0.0,3302184.0,0.0
Uruguay,URY,2009,94.0,0.0,3310093.0,0.0
Uruguay,URY,2010,95.0,0.0,3318581.0,0.0
Uruguay,URY,2011,95.0,0.0,3326829.0,0.0
Uruguay,URY,2012,96.0,0.0,3335406.0,0.0
Uruguay,URY,2013,96.0,0.0,3345335.0,0.0
Uruguay,URY,2014,96.0,0.0,3356343.0,0.0
Uruguay,URY,2015,96.0,0.0,3368022.0,0.0
Uruguay,URY,2016,95.0,0.0,3379279.0,0.0
Uruguay,URY,2017,96.0,0.0,3388444.0,0.0
Uruguay,URY,2018,97.0,0.0,3394538.0,0.0
Uruguay,URY,2019,96.0,9.0,3397206.0,2.65
Uruguay,URY,2020,95.0,2.0,3398966.0,0.59
Uruguay,URY,2021,93.0,0.0,3396693.0,0.0
Uruguay,URY,2022,96.0,0.0,3390913.0,0.0
Uruguay,URY,2023,96.0,0.0,3388083.0,0.0
Uruguay,URY,2024,97.0,0.0,3388083.0,0.0
Uzbekistan,UZB,1990,,3943.0,20464963.0,192.67
Uzbekistan,UZB,1991,,3878.0,20962908.0,184.99
Uzbekistan,UZB,1992,84.0,2020.0,21485095.0,94.02
Uzbekistan,UZB,1993,82.0,2354.0,21987960.0,107.06
Uzbekistan,UZB,1994,71.0,1661.0,22463295.0,73.94
Uzbekistan,UZB,1995,91.0,294.0,22917588.0,12.83
Uzbekistan,UZB,1996,95.0,228.0,23351981.0,9.76
Uzbekistan,UZB,1997,96.0,261.0,23758961.0,10.99
Uzbekistan,UZB,1998,95.0,875.0,24134930.0,36.25
Uzbekistan,UZB,1999,96.0,1193.0,24476013.0,48.74
Uzbekistan,UZB,2000,99.0,80.0,24787052.0,3.23
Uzbekistan,UZB,2001,99.0,22.0,25090289.0,0.88
Uzbekistan,UZB,2002,97.0,25.0,25399987.0,0.98
Uzbekistan,UZB,2003,99.0,85.0,25711261.0,3.31
Uzbekistan,UZB,2004,98.0,75.0,26029350.0,2.88
Uzbekistan,UZB,2005,99.0,737.0,26356977.0,27.96
Uzbekistan,UZB,2006,98.0,823.0,26699046.0,30.83
Uzbekistan,UZB,2007,98.0,863.0,27076013.0,31.87
Uzbekistan,UZB,2008,98.0,2.0,27494780.0,0.07
Uzbekistan,UZB,2009,95.0,0.0,27939333.0,0.0
Uzbekistan,UZB,2010,98.0,117.0,28385509.0,4.12
Uzbekistan,UZB,2011,99.0,476.0,28823194.0,16.51
Uzbekistan,UZB,2012,99.0,,29261908.0,
Uzbekistan,UZB,2013,97.0,0.0,29724065.0,0.0
Uzbekistan,UZB,2014,99.0,8.0,30222994.0,0.26
Uzbekistan,UZB,2015,99.0,22.0,30749349.0,0.72
Uzbekistan,UZB,2016,99.0,1.0,31284565.0,0.03
Uzbekistan,UZB,2017,99.0,0.0,31819172.0,0.0
Uzbekistan,UZB,2018,96.0,22.0,32373489.0,0.68
Uzbekistan,UZB,2019,98.0,1672.0,32964700.0,50.72
Uzbekistan,UZB,2020,99.0,4103.0,33586373.0,122.16
Uzbekistan,UZB,2021,99.0,0.0,34243696.0,0.0
Uzbekistan,UZB,2022,99.0,7.0,34938953.0,0.2
Uzbekistan,UZB,2023,99.0,1176.0,35652311.0,32.99
Uzbekistan,UZB,2024,99.0,20940.0,35652311.0,587.34
Vanuatu,VUT,1980,,39.0,115683.0,337.13
Vanuatu,VUT,1981,,45.0,118268.0,380.49
Vanuatu,VUT,1982,20.0,832.0,121051.0,6873.14
Vanuatu,VUT,1983,23.0,401.0,124013.0,3233.53
Vanuatu,VUT,1984,18.0,1634.0,127125.0,12853.49
Vanuatu,VUT,1985,26.0,940.0,130375.0,7209.97
Vanuatu,VUT,1986,22.0,1064.0,133737.0,7955.91
Vanuatu,VUT,1987,34.0,253.0,137206.0,1843.94
Vanuatu,VUT,1988,46.0,140.0,140769.0,994.54
Vanuatu,VUT,1989,50.0,169.0,144410.0,1170.28
Vanuatu,VUT,1990,66.0,67.0,148073.0,452.48
Vanuatu,VUT,1991,63.0,541.0,151807.0,3563.74
Vanuatu,VUT,1992,66.0,154.0,155619.0,989.6
Vanuatu,VUT,1993,74.0,67.0,159475.0,420.13
Vanuatu,VUT,1994,53.0,27.0,163328.0,165.31
Vanuatu,VUT,1995,60.0,27.0,167155.0,161.53
Vanuatu,VUT,1996,61.0,4.0,170926.0,23.4
Vanuatu,VUT,1997,65.0,113.0,174638.0,647.05
Vanuatu,VUT,1998,64.0,,178322.0,
Vanuatu,VUT,1999,62.0,12.0,182056.0,65.91
Vanuatu,VUT,2000,61.0,9.0,186290.0,48.31
Vanuatu,VUT,2001,60.0,7.0,191047.0,36.64
Vanuatu,VUT,2002,58.0,101.0,195871.0,515.65
Vanuatu,VUT,2003,57.0,165.0,200760.0,821.88
Vanuatu,VUT,2004,56.0,,205720.0,
Vanuatu,VUT,2005,54.0,3.0,210772.0,14.23
Vanuatu,VUT,2006,53.0,0.0,215939.0,0.0
Vanuatu,VUT,2007,56.0,0.0,221291.0,0.0
Vanuatu,VUT,2008,62.0,0.0,226908.0,0.0
Vanuatu,VUT,2009,65.0,0.0,232740.0,0.0
Vanuatu,VUT,2010,71.0,0.0,238256.0,0.0
Vanuatu,VUT,2011,75.0,0.0,243483.0,0.0
Vanuatu,VUT,2012,80.0,0.0,248894.0,0.0
Vanuatu,VUT,2013,84.0,0.0,254495.0,0.0
Vanuatu,VUT,2014,90.0,10.0,260247.0,38.43
Vanuatu,VUT,2015,76.0,39.0,266115.0,146.55
Vanuatu,VUT,2016,84.0,,272097.0,
Vanuatu,VUT,2017,80.0,,278518.0,
Vanuatu,VUT,2018,75.0,0.0,285273.0,0.0
Vanuatu,VUT,2019,80.0,0.0,291995.0,0.0
Vanuatu,VUT,2020,78.0,0.0,298867.0,0.0
Vanuatu,VUT,2021,50.0,0.0,305882.0,0.0
Vanuatu,VUT,2022,70.0,0.0,313061.0,0.0
Vanuatu,VUT,2023,70.0,0.0,320422.0,0.0
Vanuatu,VUT,2024,61.0,0.0,320422.0,0.0
Venezuela,VEN,1980,50.0,9750.0,15258225.0,639.0
Venezuela,VEN,1981,43.0,31255.0,15687305.0,1992.38
Venezuela,VEN,1982,45.0,14200.0,16121876.0,880.79
Venezuela,VEN,1983,42.0,11263.0,16562202.0,680.04
Venezuela,VEN,1984,41.0,11833.0,17008838.0,695.7
Venezuela,VEN,1985,56.0,21974.0,17461433.0,1258.43
Venezuela,VEN,1986,48.0,14026.0,17923542.0,782.55
Venezuela,VEN,1987,54.0,19261.0,18394970.0,1047.08
Venezuela,VEN,1988,51.0,12339.0,18871021.0,653.86
Venezuela,VEN,1989,50.0,10160.0,19348925.0,525.09
Venezuela,VEN,1990,61.0,9881.0,19827005.0,498.36
Venezuela,VEN,1991,63.0,15273.0,20304898.0,752.18
Venezuela,VEN,1992,61.0,11949.0,20780946.0,575.0
Venezuela,VEN,1993,62.0,20244.0,21254525.0,952.46
Venezuela,VEN,1994,94.0,15364.0,21725186.0,707.2
Venezuela,VEN,1995,47.0,172.0,22193822.0,7.75
Venezuela,VEN,1996,64.0,89.0,22662117.0,3.93
Venezuela,VEN,1997,68.0,27.0,23131691.0,1.17
Venezuela,VEN,1998,92.0,4.0,23601341.0,0.17
Venezuela,VEN,1999,84.0,0.0,24066595.0,0.0
Venezuela,VEN,2000,84.0,22.0,24526707.0,0.9
Venezuela,VEN,2001,98.0,115.0,24979934.0,4.6
Venezuela,VEN,2002,83.0,2392.0,25435674.0,94.04
Venezuela,VEN,2003,83.0,0.0,25892710.0,0.0
Venezuela,VEN,2004,80.0,0.0,26340843.0,0.0
Venezuela,VEN,2005,76.0,0.0,26785797.0,0.0
Venezuela,VEN,2006,82.0,78.0,27224691.0,2.87
Venezuela,VEN,2007,87.0,32.0,27649369.0,1.16
Venezuela,VEN,2008,93.0,0.0,28053694.0,0.0
Venezuela,VEN,2009,87.0,0.0,28438296.0,0.0
Venezuela,VEN,2010,79.0,0.0,28813101.0,0.0
Venezuela,VEN,2011,86.0,0.0,29185220.0,0.0
Venezuela,VEN,2012,87.0,1.0,29553829.0,0.03
Venezuela,VEN,2013,85.0,0.0,29912195.0,0.0
Venezuela,VEN,2014,89.0,0.0,30254080.0,0.0
Venezuela,VEN,2015,92.0,0.0,30573968.0,0.0
Venezuela,VEN,2016,88.0,0.0,30765719.0,0.0
Venezuela,VEN,2017,96.0,727.0,30565331.0,23.79
Venezuela,VEN,2018,74.0,5667.0,29807591.0,190.12
Venezuela,VEN,2019,93.0,548.0,28938096.0,18.94
Venezuela,VEN,2020,76.0,0.0,28444080.0,0.0
Venezuela,VEN,2021,68.0,0.0,28237830.0,0.0
Venezuela,VEN,2022,52.0,0.0,28213015.0,0.0
Venezuela,VEN,2023,68.0,0.0,28300861.0,0.0
Venezuela,VEN,2024,71.0,0.0,28300861.0,0.0
Vietnam,VNM,1980,,86901.0,52490098.0,1655.57
Vietnam,VNM,1981,,62400.0,53738141.0,1161.19
Vietnam,VNM,1982,1.0,72466.0,55011292.0,1317.29
Vietnam,VNM,1983,3.0,125176.0,56337918.0,2221.88
Vietnam,VNM,1984,4.0,87796.0,57706071.0,1521.43
Vietnam,VNM,1985,19.0,82231.0,59060622.0,1392.32
Vietnam,VNM,1986,39.0,68463.0,60347044.0,1134.49
Vietnam,VNM,1987,36.0,30460.0,61584645.0,494.6
Vietnam,VNM,1988,56.0,23308.0,62843234.0,370.89
Vietnam,VNM,1989,76.0,22332.0,64147354.0,348.14
Vietnam,VNM,1990,88.0,8175.0,65504551.0,124.8
Vietnam,VNM,1991,88.0,9874.0,66891778.0,147.61
Vietnam,VNM,1992,90.0,11830.0,68260336.0,173.31
Vietnam,VNM,1993,93.0,12015.0,69586394.0,172.66
Vietnam,VNM,1994,96.0,11853.0,70854393.0,167.29
Vietnam,VNM,1995,95.0,6171.0,72049945.0,85.65
Vietnam,VNM,1996,96.0,5156.0,73156456.0,70.48
Vietnam,VNM,1997,96.0,6507.0,74226890.0,87.66
Vietnam,VNM,1998,96.0,11690.0,75299665.0,155.25
Vietnam,VNM,1999,94.0,14134.0,76287454.0,185.27
Vietnam,VNM,2000,97.0,16512.0,77154016.0,214.01
Vietnam,VNM,2001,98.0,12058.0,77969357.0,154.65
Vietnam,VNM,2002,96.0,6755.0,78772227.0,85.75
Vietnam,VNM,2003,93.0,2297.0,79563778.0,28.87
Vietnam,VNM,2004,97.0,217.0,80338977.0,2.7
Vietnam,VNM,2005,95.0,410.0,81088309.0,5.06
Vietnam,VNM,2006,93.0,1978.0,82167901.0,24.07
Vietnam,VNM,2007,83.0,17.0,83633374.0,0.2
Vietnam,VNM,2008,92.0,352.0,85175789.0,4.13
Vietnam,VNM,2009,97.0,6582.0,86460023.0,76.13
Vietnam,VNM,2010,98.0,2809.0,87455148.0,32.12
Vietnam,VNM,2011,96.0,750.0,88468315.0,8.48
Vietnam,VNM,2012,96.0,578.0,89510355.0,6.46
Vietnam,VNM,2013,98.0,1123.0,90573103.0,12.4
Vietnam,VNM,2014,97.0,15033.0,91679582.0,163.97
Vietnam,VNM,2015,97.0,256.0,92823254.0,2.76
Vietnam,VNM,2016,99.0,46.0,94000115.0,0.49
Vietnam,VNM,2017,97.0,227.0,95176978.0,2.39
Vietnam,VNM,2018,97.0,2256.0,96237319.0,23.44
Vietnam,VNM,2019,95.0,14156.0,97173778.0,145.68
Vietnam,VNM,2020,97.0,846.0,98079196.0,8.63
Vietnam,VNM,2021,89.0,162.0,98935101.0,1.64
Vietnam,VNM,2022,88.0,23.0,99680656.0,0.23
Vietnam,VNM,2023,82.0,43.0,100352189.0,0.43
Vietnam,VNM,2024,98.0,7854.0,100352189.0,78.26
Wallis and Futuna Islands,,1980,,342.0,,
Wallis and Futuna Islands,,1981,,18.0,,
Wallis and Futuna Islands,,1982,,87.0,,
Wallis and Futuna Islands,,1983,,65.0,,
Wallis and Futuna Islands,,1984,,4.0,,
Wallis and Futuna Islands,,1988,,0.0,,
Wallis and Futuna Islands,,1989,,0.0,,
Wallis and Futuna Islands,,1992,,0.0,,
Wallis and Futuna Islands,,1993,,9.0,,
Wallis and Futuna Islands,,1994,,9.0,,
Wallis and Futuna Islands,,1995,,13.0,,
Wallis and Futuna Islands,,1997,,0.0,,
Wallis and Futuna Islands,,1998,,0.0,,
Wallis and Futuna Islands,,1999,,0.0,,
Wallis and Futuna Islands,,2000,,0.0,,
Wallis and Futuna Islands,,2003,,0.0,,
Wallis and Futuna Islands,,2007,,0.0,,
Wallis and Futuna Islands,,2012,,0.0,,
Wallis and Futuna Islands,,2013,,0.0,,
Wallis and Futuna Islands,,2018,,0.0,,
West and Central Africa (UNICEF),,1980,4.0,,,
West and Central Africa (UNICEF),,1981,8.0,,,
West and Central Africa (UNICEF),,1982,9.0,,,
West and Central Africa (UNICEF),,1983,9.0,,,
West and Central Africa (UNICEF),,1984,15.0,,,
West and Central Africa (UNICEF),,1985,24.0,,,
West and Central Africa (UNICEF),,1986,32.0,,,
West and Central Africa (UNICEF),,1987,36.0,,,
West and Central Africa (UNICEF),,1988,42.0,,,
West and Central Africa (UNICEF),,1989,50.0,,,
West and Central Africa (UNICEF),,1990,50.0,,,
West and Central Africa (UNICEF),,1991,47.0,,,
West and Central Africa (UNICEF),,1992,42.0,,,
West and Central Africa (UNICEF),,1993,42.0,,,
West and Central Africa (UNICEF),,1994,44.0,,,
West and Central Africa (UNICEF),,1995,44.0,,,
West and Central Africa (UNICEF),,1996,41.0,,,
West and Central Africa (UNICEF),,1997,41.0,,,
West and Central Africa (UNICEF),,1998,40.0,,,
West and Central Africa (UNICEF),,1999,39.0,,,
West and Central Africa (UNICEF),,2000,41.0,,,
West and Central Africa (UNICEF),,2001,43.0,,,
West and Central Africa (UNICEF),,2002,44.0,,,
West and Central Africa (UNICEF),,2003,48.0,,,
West and Central Africa (UNICEF),,2004,52.0,,,
West and Central Africa (UNICEF),,2005,56.0,,,
West and Central Africa (UNICEF),,2006,58.0,,,
West and Central Africa (UNICEF),,2007,58.0,,,
West and Central Africa (UNICEF),,2008,62.0,,,
West and Central Africa (UNICEF),,2009,68.0,,,
West and Central Africa (UNICEF),,2010,65.0,,,
West and Central Africa (UNICEF),,2011,64.0,,,
West and Central Africa (UNICEF),,2012,61.0,,,
West and Central Africa (UNICEF),,2013,60.0,,,
West and Central Africa (UNICEF),,2014,60.0,,,
West and Central Africa (UNICEF),,2015,60.0,,,
West and Central Africa (UNICEF),,2016,62.0,,,
West and Central Africa (UNICEF),,2017,64.0,,,
West and Central Africa (UNICEF),,2018,64.0,,,
West and Central Africa (UNICEF),,2019,65.0,,,
West and Central Africa (UNICEF),,2020,64.0,,,
West and Central Africa (UNICEF),,2021,63.0,,,
West and Central Africa (UNICEF),,2022,60.0,,,
West and Central Africa (UNICEF),,2023,62.0,,,
West and Central Africa (UNICEF),,2024,65.0,,,
Western Pacific (WHO),WHO_WPAC,1980,4.0,1319640.0,,
Western Pacific (WHO),WHO_WPAC,1981,4.0,1192731.0,,
Western Pacific (WHO),WHO_WPAC,1982,4.0,1102419.0,,
Western Pacific (WHO),WHO_WPAC,1983,65.0,993945.0,,
Western Pacific (WHO),WHO_WPAC,1984,73.0,891403.0,,
Western Pacific (WHO),WHO_WPAC,1985,78.0,630303.0,,
Western Pacific (WHO),WHO_WPAC,1986,61.0,379516.0,,
Western Pacific (WHO),WHO_WPAC,1987,73.0,255178.0,,
Western Pacific (WHO),WHO_WPAC,1988,89.0,216950.0,,
Western Pacific (WHO),WHO_WPAC,1989,91.0,222264.0,,
Western Pacific (WHO),WHO_WPAC,1990,94.0,155490.0,,
Western Pacific (WHO),WHO_WPAC,1991,89.0,186696.0,,
Western Pacific (WHO),WHO_WPAC,1992,85.0,210250.0,,
Western Pacific (WHO),WHO_WPAC,1993,80.0,157479.0,,
Western Pacific (WHO),WHO_WPAC,1994,77.0,115237.0,,
Western Pacific (WHO),WHO_WPAC,1995,81.0,75374.0,,
Western Pacific (WHO),WHO_WPAC,1996,84.0,82595.0,,
Western Pacific (WHO),WHO_WPAC,1997,84.0,107787.0,,
Western Pacific (WHO),WHO_WPAC,1998,84.0,76878.0,,
Western Pacific (WHO),WHO_WPAC,1999,85.0,104424.0,,
Western Pacific (WHO),WHO_WPAC,2000,85.0,177052.0,,
Western Pacific (WHO),WHO_WPAC,2001,86.0,175398.0,,
Western Pacific (WHO),WHO_WPAC,2002,86.0,129306.0,,
Western Pacific (WHO),WHO_WPAC,2003,86.0,101810.0,,
Western Pacific (WHO),WHO_WPAC,2004,88.0,91763.0,,
Western Pacific (WHO),WHO_WPAC,2005,88.0,128017.0,,
Western Pacific (WHO),WHO_WPAC,2006,93.0,103159.0,,
Western Pacific (WHO),WHO_WPAC,2007,92.0,112294.0,,
Western Pacific (WHO),WHO_WPAC,2008,95.0,147987.0,,
Western Pacific (WHO),WHO_WPAC,2009,97.0,66609.0,,
Western Pacific (WHO),WHO_WPAC,2010,97.0,49460.0,,
Western Pacific (WHO),WHO_WPAC,2011,96.0,21050.0,,
Western Pacific (WHO),WHO_WPAC,2012,96.0,10764.0,,
Western Pacific (WHO),WHO_WPAC,2013,96.0,31844.0,,
Western Pacific (WHO),WHO_WPAC,2014,96.0,131043.0,,
Western Pacific (WHO),WHO_WPAC,2015,96.0,65176.0,,
Western Pacific (WHO),WHO_WPAC,2016,96.0,57879.0,,
Western Pacific (WHO),WHO_WPAC,2017,96.0,10695.0,,
Western Pacific (WHO),WHO_WPAC,2018,96.0,29503.0,,
Western Pacific (WHO),WHO_WPAC,2019,96.0,78479.0,,
Western Pacific (WHO),WHO_WPAC,2020,95.0,6605.0,,
Western Pacific (WHO),WHO_WPAC,2021,92.0,1064.0,,
Western Pacific (WHO),WHO_WPAC,2022,93.0,1442.0,,
Western Pacific (WHO),WHO_WPAC,2023,91.0,5630.0,,
Western Pacific (WHO),WHO_WPAC,2024,92.0,17651.0,,
World,OWID_WRL,1980,16.0,3852242.0,4447606240.0,866.14
World,OWID_WRL,1981,19.0,4078455.0,4528777306.0,900.56
World,OWID_WRL,1982,20.0,3623758.0,4612673415.0,785.61
World,OWID_WRL,1983,36.0,3586101.0,4697327573.0,763.43
World,OWID_WRL,1984,40.0,3026973.0,4782175518.0,632.97
World,OWID_WRL,1985,46.0,2819553.0,4868943457.0,579.09
World,OWID_WRL,1986,46.0,2078696.0,4958072839.0,419.25
World,OWID_WRL,1987,53.0,1682847.0,5049746390.0,333.25
World,OWID_WRL,1988,62.0,1663940.0,5141992540.0,323.6
World,OWID_WRL,1989,67.0,1822390.0,5234431736.0,348.15
World,OWID_WRL,1990,73.0,1325074.0,5327803106.0,248.71
World,OWID_WRL,1991,68.0,1370243.0,5418735886.0,252.87
World,OWID_WRL,1992,68.0,1481192.0,5505989815.0,269.01
World,OWID_WRL,1993,69.0,1143945.0,5591544802.0,204.58
World,OWID_WRL,1994,71.0,926808.0,5675551258.0,163.3
World,OWID_WRL,1995,73.0,720391.0,5758878977.0,125.09
World,OWID_WRL,1996,73.0,870218.0,5842055730.0,148.96
World,OWID_WRL,1997,71.0,825673.0,5924787819.0,139.36
World,OWID_WRL,1998,70.0,694466.0,6007066691.0,115.61
World,OWID_WRL,1999,71.0,752407.0,6089006328.0,123.57
World,OWID_WRL,2000,71.0,853479.0,6171702992.0,138.29
World,OWID_WRL,2001,72.0,849173.0,6254936464.0,135.76
World,OWID_WRL,2002,72.0,586471.0,6337730343.0,92.54
World,OWID_WRL,2003,73.0,679856.0,6420361633.0,105.89
World,OWID_WRL,2004,75.0,513406.0,6503377774.0,78.94
World,OWID_WRL,2005,77.0,585701.0,6586970132.0,88.92
World,OWID_WRL,2006,79.0,377576.0,6671452019.0,56.6
World,OWID_WRL,2007,79.0,285031.0,6757308776.0,42.18
World,OWID_WRL,2008,81.0,278751.0,6844457659.0,40.73
World,OWID_WRL,2009,83.0,278637.0,6932766416.0,40.19
World,OWID_WRL,2010,84.0,343806.0,7021732143.0,48.96
World,OWID_WRL,2011,84.0,359332.0,7110923773.0,50.53
World,OWID_WRL,2012,84.0,212376.0,7201202478.0,29.49
World,OWID_WRL,2013,84.0,275307.0,7291793585.0,37.76
World,OWID_WRL,2014,84.0,282078.0,7381616239.0,38.21
World,OWID_WRL,2015,84.0,214808.0,7470491876.0,28.75
World,OWID_WRL,2016,85.0,132490.0,7558554527.0,17.53
World,OWID_WRL,2017,85.0,173457.0,7645617952.0,22.69
World,OWID_WRL,2018,86.0,359295.0,7729902779.0,46.48
World,OWID_WRL,2019,86.0,873373.0,7811293699.0,111.81
World,OWID_WRL,2020,83.0,159240.0,7887001289.0,20.19
World,OWID_WRL,2021,81.0,123152.0,7954448387.0,15.48
World,OWID_WRL,2022,83.0,206775.0,8021407196.0,25.78
World,OWID_WRL,2023,83.0,669083.0,8091734933.0,82.69
World,OWID_WRL,2024,84.0,675533.0,8091734933.0,83.48
Yemen,YEM,1980,2.0,18020.0,9543358.0,1888.22
Yemen,YEM,1981,4.0,21355.0,9882368.0,2160.92
Yemen,YEM,1982,4.0,24482.0,10241006.0,2390.59
Yemen,YEM,1983,6.0,33348.0,10621498.0,3139.67
Yemen,YEM,1984,8.0,39713.0,11025596.0,3601.89
Yemen,YEM,1985,13.0,27997.0,11453825.0,2444.34
Yemen,YEM,1986,15.0,15596.0,11901045.0,1310.47
Yemen,YEM,1987,22.0,17408.0,12369914.0,1407.29
Yemen,YEM,1988,34.0,10424.0,12859720.0,810.59
Yemen,YEM,1989,48.0,26681.0,13364180.0,1996.46
Yemen,YEM,1990,69.0,,13887863.0,
Yemen,YEM,1991,53.0,75.0,14430205.0,5.2
Yemen,YEM,1992,46.0,2420.0,14989497.0,161.45
Yemen,YEM,1993,51.0,601.0,15563919.0,38.61
Yemen,YEM,1994,31.0,35.0,16149147.0,2.17
Yemen,YEM,1995,40.0,225.0,16740057.0,13.44
Yemen,YEM,1996,43.0,,17313181.0,
Yemen,YEM,1997,41.0,51.0,17873943.0,2.85
Yemen,YEM,1998,66.0,8785.0,18446015.0,476.25
Yemen,YEM,1999,74.0,26126.0,19029421.0,1372.93
Yemen,YEM,2000,70.0,,19624139.0,
Yemen,YEM,2001,72.0,485.0,20226146.0,23.98
Yemen,YEM,2002,62.0,890.0,20835092.0,42.72
Yemen,YEM,2003,64.0,8536.0,21456379.0,397.83
Yemen,YEM,2004,74.0,12708.0,22095161.0,575.15
Yemen,YEM,2005,73.0,6285.0,22790082.0,275.78
Yemen,YEM,2006,65.0,8079.0,23543090.0,343.16
Yemen,YEM,2007,71.0,13.0,24318090.0,0.53
Yemen,YEM,2008,69.0,7.0,25111941.0,0.28
Yemen,YEM,2009,65.0,130.0,25927723.0,5.01
Yemen,YEM,2010,68.0,510.0,26754383.0,19.06
Yemen,YEM,2011,66.0,2676.0,27582902.0,97.02
Yemen,YEM,2012,63.0,2177.0,28433655.0,76.56
Yemen,YEM,2013,68.0,400.0,29312955.0,13.65
Yemen,YEM,2014,64.0,815.0,30226311.0,26.96
Yemen,YEM,2015,61.0,468.0,31159378.0,15.02
Yemen,YEM,2016,62.0,143.0,32109023.0,4.45
Yemen,YEM,2017,56.0,433.0,33090923.0,13.09
Yemen,YEM,2018,53.0,10640.0,34085181.0,312.16
Yemen,YEM,2019,54.0,1161.0,35111416.0,33.07
Yemen,YEM,2020,53.0,298.0,36134867.0,8.25
Yemen,YEM,2021,51.0,4904.0,37140234.0,132.04
Yemen,YEM,2022,53.0,23941.0,38222878.0,626.35
Yemen,YEM,2023,45.0,49755.0,39390800.0,1263.11
Yemen,YEM,2024,41.0,5992.0,39390800.0,152.12
Zambia,ZMB,1980,,98659.0,5802841.0,17001.84
Zambia,ZMB,1981,,184210.0,5983299.0,30787.36
Zambia,ZMB,1982,,73499.0,6178638.0,11895.66
Zambia,ZMB,1983,56.0,51140.0,6381045.0,8014.36
Zambia,ZMB,1984,57.0,36881.0,6580497.0,5604.59
Zambia,ZMB,1985,58.0,51000.0,6780953.0,7521.07
Zambia,ZMB,1986,58.0,23866.0,6986475.0,3416.03
Zambia,ZMB,1987,80.0,14793.0,7191285.0,2057.07
Zambia,ZMB,1988,80.0,12487.0,7391450.0,1689.38
Zambia,ZMB,1989,80.0,5747.0,7589226.0,757.26
Zambia,ZMB,1990,90.0,6748.0,7786163.0,866.67
Zambia,ZMB,1991,80.0,2822.0,7981653.0,353.56
Zambia,ZMB,1992,85.0,11006.0,8176677.0,1346.02
Zambia,ZMB,1993,91.0,11829.0,8373920.0,1412.6
Zambia,ZMB,1994,96.0,14255.0,8576270.0,1662.14
Zambia,ZMB,1995,86.0,8533.0,8785768.0,971.23
Zambia,ZMB,1996,86.0,9459.0,9004059.0,1050.53
Zambia,ZMB,1997,86.0,7140.0,9237064.0,772.97
Zambia,ZMB,1998,86.0,,9482414.0,
Zambia,ZMB,1999,85.0,23518.0,9740013.0,2414.58
Zambia,ZMB,2000,85.0,30930.0,10017633.0,3087.56
Zambia,ZMB,2001,84.0,16997.0,10325186.0,1646.17
Zambia,ZMB,2002,84.0,25036.0,10647955.0,2351.25
Zambia,ZMB,2003,84.0,881.0,10983604.0,80.21
Zambia,ZMB,2004,85.0,35.0,11338201.0,3.09
Zambia,ZMB,2005,85.0,45.0,11718819.0,3.84
Zambia,ZMB,2006,85.0,459.0,12129560.0,37.84
Zambia,ZMB,2007,93.0,535.0,12565093.0,42.58
Zambia,ZMB,2008,87.0,140.0,13021327.0,10.75
Zambia,ZMB,2009,90.0,26.0,13490395.0,1.93
Zambia,ZMB,2010,96.0,15754.0,13965592.0,1128.06
Zambia,ZMB,2011,83.0,13234.0,14437796.0,916.62
Zambia,ZMB,2012,82.0,896.0,14913631.0,60.08
Zambia,ZMB,2013,80.0,35.0,15399000.0,2.27
Zambia,ZMB,2014,85.0,9.0,15895320.0,0.57
Zambia,ZMB,2015,90.0,9.0,16399092.0,0.55
Zambia,ZMB,2016,97.0,8.0,16914428.0,0.47
Zambia,ZMB,2017,96.0,13.0,17441328.0,0.75
Zambia,ZMB,2018,94.0,11.0,17973574.0,0.61
Zambia,ZMB,2019,93.0,15.0,18513839.0,0.81
Zambia,ZMB,2020,96.0,237.0,19059394.0,12.43
Zambia,ZMB,2021,90.0,55.0,19603610.0,2.81
Zambia,ZMB,2022,88.0,1755.0,20152935.0,87.08
Zambia,ZMB,2023,83.0,5653.0,20723967.0,272.78
Zambia,ZMB,2024,88.0,299.0,20723967.0,14.43
Zimbabwe,ZWE,1980,,23650.0,7041304.0,3358.75
Zimbabwe,ZWE,1981,56.0,4995.0,7498641.0,666.12
Zimbabwe,ZWE,1982,58.0,4941.0,7796503.0,633.75
Zimbabwe,ZWE,1983,60.0,36253.0,8098408.0,4476.56
Zimbabwe,ZWE,1984,62.0,21662.0,8391494.0,2581.42
Zimbabwe,ZWE,1985,78.0,22290.0,8686815.0,2565.96
Zimbabwe,ZWE,1986,83.0,20388.0,8982579.0,2269.73
Zimbabwe,ZWE,1987,88.0,17675.0,9284649.0,1903.68
Zimbabwe,ZWE,1988,88.0,49812.0,9583099.0,5197.9
Zimbabwe,ZWE,1989,87.0,47509.0,9864797.0,4816.01
Zimbabwe,ZWE,1990,87.0,13728.0,10137287.0,1354.21
Zimbabwe,ZWE,1991,87.0,24090.0,10404820.0,2315.27
Zimbabwe,ZWE,1992,86.0,17346.0,10702697.0,1620.71
Zimbabwe,ZWE,1993,86.0,34071.0,10860285.0,3137.21
Zimbabwe,ZWE,1994,87.0,37785.0,10873146.0,3475.08
Zimbabwe,ZWE,1995,87.0,8529.0,10974607.0,777.16
Zimbabwe,ZWE,1996,88.0,37407.0,11158364.0,3352.37
Zimbabwe,ZWE,1997,84.0,12971.0,11369833.0,1140.83
Zimbabwe,ZWE,1998,79.0,2049.0,11594299.0,176.72
Zimbabwe,ZWE,1999,77.0,772.0,11783454.0,65.52
Zimbabwe,ZWE,2000,75.0,1483.0,11892055.0,124.71
Zimbabwe,ZWE,2001,73.0,529.0,11971904.0,44.19
Zimbabwe,ZWE,2002,70.0,304.0,12087661.0,25.15
Zimbabwe,ZWE,2003,68.0,998.0,12232324.0,81.59
Zimbabwe,ZWE,2004,66.0,31.0,12365901.0,2.51
Zimbabwe,ZWE,2005,67.0,420.0,12483433.0,33.64
Zimbabwe,ZWE,2006,68.0,212.0,12636442.0,16.78
Zimbabwe,ZWE,2007,69.0,242.0,12804062.0,18.9
Zimbabwe,ZWE,2008,70.0,0.0,12959154.0,0.0
Zimbabwe,ZWE,2009,76.0,853.0,13142791.0,64.9
Zimbabwe,ZWE,2010,90.0,9696.0,13356551.0,725.94
Zimbabwe,ZWE,2011,92.0,0.0,13595421.0,0.0
Zimbabwe,ZWE,2012,97.0,0.0,13817887.0,0.0
Zimbabwe,ZWE,2013,93.0,0.0,14013811.0,0.0
Zimbabwe,ZWE,2014,92.0,0.0,14207367.0,0.0
Zimbabwe,ZWE,2015,86.0,0.0,14399008.0,0.0
Zimbabwe,ZWE,2016,95.0,1.0,14600297.0,0.07
Zimbabwe,ZWE,2017,90.0,1.0,14812484.0,0.07
Zimbabwe,ZWE,2018,88.0,1.0,15034457.0,0.07
Zimbabwe,ZWE,2019,85.0,4.0,15271377.0,0.26
Zimbabwe,ZWE,2020,85.0,3.0,15526887.0,0.19
Zimbabwe,ZWE,2021,88.0,282.0,15797220.0,17.85
Zimbabwe,ZWE,2022,90.0,5532.0,16069061.0,344.26
Zimbabwe,ZWE,2023,90.0,5532.0,16340829.0,338.54
Zimbabwe,ZWE,2024,90.0,,16340829.0,
