country,code,year,under5_mortality,life_expectancy
Afghanistan,AFG,1957,368.197,
Afghanistan,AFG,1958,362.069,
Afghanistan,AFG,1959,356.445,
Afghanistan,AFG,1960,350.551,
Afghanistan,AFG,1961,345.193,
Afghanistan,AFG,1962,340.163,
Afghanistan,AFG,1963,334.982,
Afghanistan,AFG,1964,329.748,
Afghanistan,AFG,1965,324.479,
Afghanistan,AFG,1966,319.533,
Afghanistan,AFG,1967,314.84,
Afghanistan,AFG,1968,310.011,
Afghanistan,AFG,1969,304.921,
Afghanistan,AFG,1970,300.048,
Afghanistan,AFG,1971,344.286,
Afghanistan,AFG,1972,337.91,
Afghanistan,AFG,1973,284.747,
Afghanistan,AFG,1974,279.501,
Afghanistan,AFG,1975,274.218,
Afghanistan,AFG,1976,268.646,
Afghanistan,AFG,1977,262.878,
Afghanistan,AFG,1978,256.941,
Afghanistan,AFG,1979,251.109,
Afghanistan,AFG,1980,245.162,
Afghanistan,AFG,1981,239.011,
Afghanistan,AFG,1982,277.035,
Afghanistan,AFG,1983,271.19,
Afghanistan,AFG,1984,303.82,
Afghanistan,AFG,1985,296.047,
Afghanistan,AFG,1986,250.476,
Afghanistan,AFG,1987,244.225,
Afghanistan,AFG,1988,194.299,
Afghanistan,AFG,1989,187.782,
Afghanistan,AFG,1990,181.385,
Afghanistan,AFG,1991,175.173,
Afghanistan,AFG,1992,169.132,
Afghanistan,AFG,1993,163.536,
Afghanistan,AFG,1994,158.272,
Afghanistan,AFG,1995,153.385,
Afghanistan,AFG,1996,148.774,
Afghanistan,AFG,1997,144.41,
Afghanistan,AFG,1998,140.162,
Afghanistan,AFG,1999,135.954,
Afghanistan,AFG,2000,131.707,53.823
Afghanistan,AFG,2001,127.48,53.91
Afghanistan,AFG,2002,123.073,55.154
Afghanistan,AFG,2003,118.547,56.085
Afghanistan,AFG,2004,113.944,56.477
Afghanistan,AFG,2005,109.329,56.791
Afghanistan,AFG,2006,104.808,56.992
Afghanistan,AFG,2007,100.374,57.255
Afghanistan,AFG,2008,96.087,57.901
Afghanistan,AFG,2009,91.881,58.529
Afghanistan,AFG,2010,87.957,59.004
Afghanistan,AFG,2011,84.293,59.549
Afghanistan,AFG,2012,80.815,59.922
Afghanistan,AFG,2013,77.597,60.435
Afghanistan,AFG,2014,74.614,60.429
Afghanistan,AFG,2015,71.898,60.33
Afghanistan,AFG,2016,69.372,60.394
Afghanistan,AFG,2017,67.071,60.875
Afghanistan,AFG,2018,64.823,60.488
Afghanistan,AFG,2019,62.716,61.224
Afghanistan,AFG,2020,60.692,60.491
Afghanistan,AFG,2021,58.712,59.127
Afghanistan,AFG,2022,56.77,
Afghanistan,AFG,2023,54.865,
Afghanistan,AFG,2024,53.032,
Angola,AGO,1980,232.811,
Angola,AGO,1981,228.804,
Angola,AGO,1982,225.473,
Angola,AGO,1983,222.102,
Angola,AGO,1984,219.262,
Angola,AGO,1985,217.262,
Angola,AGO,1986,215.605,
Angola,AGO,1987,214.554,
Angola,AGO,1988,213.788,
Angola,AGO,1989,213.165,
Angola,AGO,1990,212.746,
Angola,AGO,1991,212.554,
Angola,AGO,1992,212.381,
Angola,AGO,1993,212.088,
Angola,AGO,1994,211.353,
Angola,AGO,1995,209.921,
Angola,AGO,1996,207.347,
Angola,AGO,1997,203.523,
Angola,AGO,1998,198.393,
Angola,AGO,1999,192.153,
Angola,AGO,2000,184.988,49.368
Angola,AGO,2001,176.333,50.06
Angola,AGO,2002,166.399,51.058
Angola,AGO,2003,155.547,51.741
Angola,AGO,2004,143.726,52.356
Angola,AGO,2005,131.533,53.346
Angola,AGO,2006,119.842,54.279
Angola,AGO,2007,109.012,55.355
Angola,AGO,2008,99.155,56.22
Angola,AGO,2009,90.747,57.074
Angola,AGO,2010,83.372,57.965
Angola,AGO,2011,77.207,58.753
Angola,AGO,2012,72.043,59.462
Angola,AGO,2013,67.905,60.217
Angola,AGO,2014,64.536,61.135
Angola,AGO,2015,61.761,61.593
Angola,AGO,2016,59.643,61.85
Angola,AGO,2017,57.899,62.037
Angola,AGO,2018,56.49,62.272
Angola,AGO,2019,55.348,62.491
Angola,AGO,2020,54.216,62.648
Angola,AGO,2021,53.178,62.131
Angola,AGO,2022,51.864,
Angola,AGO,2023,50.513,
Angola,AGO,2024,49.0,
Anguilla,AIA,1985,25.205,
Anguilla,AIA,1986,23.811,
Anguilla,AIA,1987,22.52,
Anguilla,AIA,1988,21.323,
Anguilla,AIA,1989,20.193,
Anguilla,AIA,1990,19.162,
Anguilla,AIA,1991,18.178,
Anguilla,AIA,1992,17.245,
Anguilla,AIA,1993,16.407,
Anguilla,AIA,1994,15.646,
Anguilla,AIA,1995,14.865,
Anguilla,AIA,1996,14.174,
Anguilla,AIA,1997,13.539,
Anguilla,AIA,1998,12.955,
Anguilla,AIA,1999,12.427,
Anguilla,AIA,2000,11.953,
Anguilla,AIA,2001,11.517,
Anguilla,AIA,2002,11.133,
Anguilla,AIA,2003,10.749,
Anguilla,AIA,2004,10.395,
Anguilla,AIA,2005,10.046,
Anguilla,AIA,2006,9.728,
Anguilla,AIA,2007,9.429,
Anguilla,AIA,2008,9.143,
Anguilla,AIA,2009,8.887,
Anguilla,AIA,2010,8.62,
Anguilla,AIA,2011,8.364,
Anguilla,AIA,2012,8.136,
Anguilla,AIA,2013,7.888,
Anguilla,AIA,2014,7.661,
Anguilla,AIA,2015,7.448,
Anguilla,AIA,2016,7.228,
Anguilla,AIA,2017,7.008,
Anguilla,AIA,2018,6.787,
Anguilla,AIA,2019,6.589,
Anguilla,AIA,2020,6.387,
Anguilla,AIA,2021,6.184,
Anguilla,AIA,2022,5.979,
Anguilla,AIA,2023,5.782,
Anguilla,AIA,2024,5.608,
Albania,ALB,1978,96.575,
Albania,ALB,1979,88.763,
Albania,ALB,1980,81.59,
Albania,ALB,1981,74.968,
Albania,ALB,1982,68.947,
Albania,ALB,1983,63.566,
Albania,ALB,1984,58.821,
Albania,ALB,1985,54.626,
Albania,ALB,1986,50.95,
Albania,ALB,1987,47.739,
Albania,ALB,1988,44.975,
Albania,ALB,1989,42.602,
Albania,ALB,1990,40.57,
Albania,ALB,1991,38.786,
Albania,ALB,1992,37.306,
Albania,ALB,1993,35.956,
Albania,ALB,1994,34.7,
Albania,ALB,1995,33.462,
Albania,ALB,1996,32.194,
Albania,ALB,1997,30.903,
Albania,ALB,1998,29.617,
Albania,ALB,1999,28.309,
Albania,ALB,2000,26.969,73.683
Albania,ALB,2001,25.624,76.042
Albania,ALB,2002,24.258,75.489
Albania,ALB,2003,22.852,74.942
Albania,ALB,2004,21.413,75.426
Albania,ALB,2005,19.959,74.207
Albania,ALB,2006,18.51,74.224
Albania,ALB,2007,17.103,74.537
Albania,ALB,2008,15.764,74.988
Albania,ALB,2009,14.487,75.558
Albania,ALB,2010,13.28,76.213
Albania,ALB,2011,12.173,76.619
Albania,ALB,2012,11.221,77.342
Albania,ALB,2013,10.477,77.774
Albania,ALB,2014,9.935,78.014
Albania,ALB,2015,9.586,77.766
Albania,ALB,2016,9.401,77.879
Albania,ALB,2017,9.336,77.91
Albania,ALB,2018,9.344,77.939
Albania,ALB,2019,9.387,77.941
Albania,ALB,2020,9.435,76.531
Albania,ALB,2021,9.457,76.391
Albania,ALB,2022,9.436,
Albania,ALB,2023,9.357,
Albania,ALB,2024,9.227,
Andorra,AND,1985,17.182,
Andorra,AND,1986,16.278,
Andorra,AND,1987,15.379,
Andorra,AND,1988,14.5,
Andorra,AND,1989,13.801,
Andorra,AND,1990,13.024,
Andorra,AND,1991,12.274,
Andorra,AND,1992,11.568,
Andorra,AND,1993,10.959,
Andorra,AND,1994,10.35,
Andorra,AND,1995,9.8,
Andorra,AND,1996,9.304,
Andorra,AND,1997,8.811,
Andorra,AND,1998,8.372,
Andorra,AND,1999,7.982,
Andorra,AND,2000,7.572,
Andorra,AND,2001,7.207,
Andorra,AND,2002,6.848,
Andorra,AND,2003,6.506,
Andorra,AND,2004,6.193,
Andorra,AND,2005,5.915,
Andorra,AND,2006,5.613,
Andorra,AND,2007,5.322,
Andorra,AND,2008,5.043,
Andorra,AND,2009,4.797,
Andorra,AND,2010,4.548,
Andorra,AND,2011,4.33,
Andorra,AND,2012,4.104,
Andorra,AND,2013,3.902,
Andorra,AND,2014,3.708,
Andorra,AND,2015,3.509,
Andorra,AND,2016,3.363,
Andorra,AND,2017,3.225,
Andorra,AND,2018,3.098,
Andorra,AND,2019,2.987,
Andorra,AND,2020,2.883,
Andorra,AND,2021,2.778,
Andorra,AND,2022,2.685,
Andorra,AND,2023,2.599,
Andorra,AND,2024,2.507,
United Arab Emirates,ARE,1960,201.291,
United Arab Emirates,ARE,1961,190.72,
United Arab Emirates,ARE,1962,180.254,
United Arab Emirates,ARE,1963,169.689,
United Arab Emirates,ARE,1964,158.954,
United Arab Emirates,ARE,1965,148.006,
United Arab Emirates,ARE,1966,137.199,
United Arab Emirates,ARE,1967,126.578,
United Arab Emirates,ARE,1968,116.162,
United Arab Emirates,ARE,1969,106.117,
United Arab Emirates,ARE,1970,96.481,
United Arab Emirates,ARE,1971,87.403,
United Arab Emirates,ARE,1972,79.091,
United Arab Emirates,ARE,1973,71.494,
United Arab Emirates,ARE,1974,64.56,
United Arab Emirates,ARE,1975,58.259,
United Arab Emirates,ARE,1976,52.458,
United Arab Emirates,ARE,1977,47.133,
United Arab Emirates,ARE,1978,42.318,
United Arab Emirates,ARE,1979,37.928,
United Arab Emirates,ARE,1980,34.043,
United Arab Emirates,ARE,1981,30.665,
United Arab Emirates,ARE,1982,27.741,
United Arab Emirates,ARE,1983,25.236,
United Arab Emirates,ARE,1984,23.112,
United Arab Emirates,ARE,1985,21.277,
United Arab Emirates,ARE,1986,19.692,
United Arab Emirates,ARE,1987,18.314,
United Arab Emirates,ARE,1988,17.107,
United Arab Emirates,ARE,1989,16.063,
United Arab Emirates,ARE,1990,15.14,
United Arab Emirates,ARE,1991,14.349,
United Arab Emirates,ARE,1992,13.66,
United Arab Emirates,ARE,1993,13.071,
United Arab Emirates,ARE,1994,12.572,
United Arab Emirates,ARE,1995,12.14,
United Arab Emirates,ARE,1996,11.775,
United Arab Emirates,ARE,1997,11.466,
United Arab Emirates,ARE,1998,11.195,
United Arab Emirates,ARE,1999,10.957,
United Arab Emirates,ARE,2000,10.743,78.118
United Arab Emirates,ARE,2001,10.54,78.276
United Arab Emirates,ARE,2002,10.339,78.351
United Arab Emirates,ARE,2003,10.151,78.56
United Arab Emirates,ARE,2004,9.962,78.889
United Arab Emirates,ARE,2005,9.774,79.385
United Arab Emirates,ARE,2006,9.585,80.091
United Arab Emirates,ARE,2007,9.392,80.595
United Arab Emirates,ARE,2008,9.2,80.799
United Arab Emirates,ARE,2009,9.005,80.737
United Arab Emirates,ARE,2010,8.805,80.453
United Arab Emirates,ARE,2011,8.601,80.258
United Arab Emirates,ARE,2012,8.39,80.306
United Arab Emirates,ARE,2013,8.167,80.564
United Arab Emirates,ARE,2014,7.92,80.648
United Arab Emirates,ARE,2015,7.645,80.714
United Arab Emirates,ARE,2016,7.339,80.783
United Arab Emirates,ARE,2017,7.005,80.927
United Arab Emirates,ARE,2018,6.654,81.166
United Arab Emirates,ARE,2019,6.298,81.411
United Arab Emirates,ARE,2020,5.948,80.131
United Arab Emirates,ARE,2021,5.612,78.306
United Arab Emirates,ARE,2022,5.305,
United Arab Emirates,ARE,2023,5.033,
United Arab Emirates,ARE,2024,4.789,
Argentina,ARG,1969,72.562,
Argentina,ARG,1970,71.769,
Argentina,ARG,1971,70.829,
Argentina,ARG,1972,69.667,
Argentina,ARG,1973,68.137,
Argentina,ARG,1974,66.074,
Argentina,ARG,1975,63.302,
Argentina,ARG,1976,59.831,
Argentina,ARG,1977,55.705,
Argentina,ARG,1978,51.171,
Argentina,ARG,1979,46.754,
Argentina,ARG,1980,42.825,
Argentina,ARG,1981,39.44,
Argentina,ARG,1982,36.534,
Argentina,ARG,1983,34.071,
Argentina,ARG,1984,32.093,
Argentina,ARG,1985,30.611,
Argentina,ARG,1986,29.613,
Argentina,ARG,1987,29.096,
Argentina,ARG,1988,28.969,
Argentina,ARG,1989,28.952,
Argentina,ARG,1990,28.779,
Argentina,ARG,1991,28.331,
Argentina,ARG,1992,27.587,
Argentina,ARG,1993,26.58,
Argentina,ARG,1994,25.414,
Argentina,ARG,1995,24.21,
Argentina,ARG,1996,23.03,
Argentina,ARG,1997,21.909,
Argentina,ARG,1998,20.889,
Argentina,ARG,1999,20.024,
Argentina,ARG,2000,19.356,74.287
Argentina,ARG,2001,18.818,74.271
Argentina,ARG,2002,18.318,74.258
Argentina,ARG,2003,17.802,74.255
Argentina,ARG,2004,17.27,74.906
Argentina,ARG,2005,16.748,75.255
Argentina,ARG,2006,16.247,75.533
Argentina,ARG,2007,15.798,75.056
Argentina,ARG,2008,15.387,75.695
Argentina,ARG,2009,14.951,75.852
Argentina,ARG,2010,14.44,75.769
Argentina,ARG,2011,13.868,75.949
Argentina,ARG,2012,13.28,76.176
Argentina,ARG,2013,12.71,76.209
Argentina,ARG,2014,12.192,76.515
Argentina,ARG,2015,11.744,76.53
Argentina,ARG,2016,11.36,76.125
Argentina,ARG,2017,11.031,76.644
Argentina,ARG,2018,10.745,76.888
Argentina,ARG,2019,10.492,77.016
Argentina,ARG,2020,10.272,76.229
Argentina,ARG,2021,10.07,74.569
Argentina,ARG,2022,9.884,
Argentina,ARG,2023,9.712,
Argentina,ARG,2024,9.514,
Armenia,ARM,1976,87.042,
Armenia,ARM,1977,83.438,
Armenia,ARM,1978,80.042,
Armenia,ARM,1979,76.747,
Armenia,ARM,1980,73.594,
Armenia,ARM,1981,70.616,
Armenia,ARM,1982,67.747,
Armenia,ARM,1983,65.032,
Armenia,ARM,1984,62.392,
Armenia,ARM,1985,59.89,
Armenia,ARM,1986,57.503,
Armenia,ARM,1987,55.187,
Armenia,ARM,1988,101.639,
Armenia,ARM,1989,50.836,
Armenia,ARM,1990,48.716,
Armenia,ARM,1991,46.622,
Armenia,ARM,1992,44.595,
Armenia,ARM,1993,42.575,
Armenia,ARM,1994,40.657,
Armenia,ARM,1995,38.796,
Armenia,ARM,1996,37.013,
Armenia,ARM,1997,35.303,
Armenia,ARM,1998,33.653,
Armenia,ARM,1999,32.093,
Armenia,ARM,2000,30.554,71.622
Armenia,ARM,2001,29.095,71.791
Armenia,ARM,2002,27.718,71.583
Armenia,ARM,2003,26.376,71.708
Armenia,ARM,2004,25.107,72.031
Armenia,ARM,2005,23.91,72.075
Armenia,ARM,2006,22.745,72.012
Armenia,ARM,2007,21.637,72.531
Armenia,ARM,2008,20.587,72.487
Armenia,ARM,2009,19.603,72.733
Armenia,ARM,2010,18.667,73.014
Armenia,ARM,2011,17.785,73.306
Armenia,ARM,2012,16.938,73.669
Armenia,ARM,2013,16.126,74.188
Armenia,ARM,2014,15.391,74.198
Armenia,ARM,2015,14.672,74.279
Armenia,ARM,2016,13.983,74.406
Armenia,ARM,2017,13.331,75.184
Armenia,ARM,2018,12.718,75.62
Armenia,ARM,2019,12.126,75.666
Armenia,ARM,2020,11.565,69.329
Armenia,ARM,2021,11.019,72.985
Armenia,ARM,2022,10.519,
Armenia,ARM,2023,10.043,
Armenia,ARM,2024,9.585,
Antigua and Barbuda,ATG,1949,122.339,
Antigua and Barbuda,ATG,1950,118.807,
Antigua and Barbuda,ATG,1951,115.333,
Antigua and Barbuda,ATG,1952,111.864,
Antigua and Barbuda,ATG,1953,108.377,
Antigua and Barbuda,ATG,1954,104.935,
Antigua and Barbuda,ATG,1955,101.542,
Antigua and Barbuda,ATG,1956,98.159,
Antigua and Barbuda,ATG,1957,94.767,
Antigua and Barbuda,ATG,1958,91.213,
Antigua and Barbuda,ATG,1959,87.212,
Antigua and Barbuda,ATG,1960,82.611,
Antigua and Barbuda,ATG,1961,77.427,
Antigua and Barbuda,ATG,1962,71.814,
Antigua and Barbuda,ATG,1963,65.921,
Antigua and Barbuda,ATG,1964,59.952,
Antigua and Barbuda,ATG,1965,54.081,
Antigua and Barbuda,ATG,1966,48.572,
Antigua and Barbuda,ATG,1967,43.572,
Antigua and Barbuda,ATG,1968,39.174,
Antigua and Barbuda,ATG,1969,35.402,
Antigua and Barbuda,ATG,1970,32.245,
Antigua and Barbuda,ATG,1971,29.618,
Antigua and Barbuda,ATG,1972,27.438,
Antigua and Barbuda,ATG,1973,25.586,
Antigua and Barbuda,ATG,1974,23.971,
Antigua and Barbuda,ATG,1975,22.514,
Antigua and Barbuda,ATG,1976,21.129,
Antigua and Barbuda,ATG,1977,19.748,
Antigua and Barbuda,ATG,1978,18.408,
Antigua and Barbuda,ATG,1979,17.148,
Antigua and Barbuda,ATG,1980,15.999,
Antigua and Barbuda,ATG,1981,15.02,
Antigua and Barbuda,ATG,1982,14.229,
Antigua and Barbuda,ATG,1983,13.613,
Antigua and Barbuda,ATG,1984,13.187,
Antigua and Barbuda,ATG,1985,12.931,
Antigua and Barbuda,ATG,1986,12.831,
Antigua and Barbuda,ATG,1987,12.875,
Antigua and Barbuda,ATG,1988,13.013,
Antigua and Barbuda,ATG,1989,13.248,
Antigua and Barbuda,ATG,1990,13.565,
Antigua and Barbuda,ATG,1991,13.918,
Antigua and Barbuda,ATG,1992,14.321,
Antigua and Barbuda,ATG,1993,14.725,
Antigua and Barbuda,ATG,1994,15.08,
Antigua and Barbuda,ATG,1995,15.353,
Antigua and Barbuda,ATG,1996,15.509,
Antigua and Barbuda,ATG,1997,15.517,
Antigua and Barbuda,ATG,1998,15.403,
Antigua and Barbuda,ATG,1999,15.178,
Antigua and Barbuda,ATG,2000,14.902,74.392
Antigua and Barbuda,ATG,2001,14.576,74.697
Antigua and Barbuda,ATG,2002,14.259,74.991
Antigua and Barbuda,ATG,2003,13.928,75.213
Antigua and Barbuda,ATG,2004,13.606,75.377
Antigua and Barbuda,ATG,2005,13.297,75.536
Antigua and Barbuda,ATG,2006,13.006,75.545
Antigua and Barbuda,ATG,2007,12.725,74.959
Antigua and Barbuda,ATG,2008,12.46,75.056
Antigua and Barbuda,ATG,2009,12.223,75.513
Antigua and Barbuda,ATG,2010,11.988,75.578
Antigua and Barbuda,ATG,2011,11.773,75.621
Antigua and Barbuda,ATG,2012,11.561,75.663
Antigua and Barbuda,ATG,2013,11.367,75.718
Antigua and Barbuda,ATG,2014,11.189,75.592
Antigua and Barbuda,ATG,2015,11.015,75.615
Antigua and Barbuda,ATG,2016,10.843,75.548
Antigua and Barbuda,ATG,2017,10.684,75.566
Antigua and Barbuda,ATG,2018,10.506,75.624
Antigua and Barbuda,ATG,2019,10.302,75.659
Antigua and Barbuda,ATG,2020,10.08,77.613
Antigua and Barbuda,ATG,2021,9.835,76.915
Antigua and Barbuda,ATG,2022,9.568,
Antigua and Barbuda,ATG,2023,9.321,
Antigua and Barbuda,ATG,2024,9.051,
Australia,AUS,1949,32.158,
Australia,AUS,1950,31.583,
Australia,AUS,1951,30.969,
Australia,AUS,1952,30.274,
Australia,AUS,1953,29.5,
Australia,AUS,1954,28.714,
Australia,AUS,1955,27.961,
Australia,AUS,1956,27.263,
Australia,AUS,1957,26.618,
Australia,AUS,1958,26.015,
Australia,AUS,1959,25.437,
Australia,AUS,1960,24.855,
Australia,AUS,1961,24.279,
Australia,AUS,1962,23.712,
Australia,AUS,1963,23.172,
Australia,AUS,1964,22.703,
Australia,AUS,1965,22.342,
Australia,AUS,1966,22.105,
Australia,AUS,1967,21.965,
Australia,AUS,1968,21.878,
Australia,AUS,1969,21.745,
Australia,AUS,1970,21.458,
Australia,AUS,1971,20.979,
Australia,AUS,1972,20.292,
Australia,AUS,1973,19.42,
Australia,AUS,1974,18.407,
Australia,AUS,1975,17.32,
Australia,AUS,1976,16.228,
Australia,AUS,1977,15.229,
Australia,AUS,1978,14.361,
Australia,AUS,1979,13.627,
Australia,AUS,1980,13.028,
Australia,AUS,1981,12.546,
Australia,AUS,1982,12.167,
Australia,AUS,1983,11.862,
Australia,AUS,1984,11.584,
Australia,AUS,1985,11.294,
Australia,AUS,1986,10.972,
Australia,AUS,1987,10.602,
Australia,AUS,1988,10.183,
Australia,AUS,1989,9.714,
Australia,AUS,1990,9.195,
Australia,AUS,1991,8.662,
Australia,AUS,1992,8.152,
Australia,AUS,1993,7.698,
Australia,AUS,1994,7.314,
Australia,AUS,1995,7.009,
Australia,AUS,1996,6.776,
Australia,AUS,1997,6.593,
Australia,AUS,1998,6.446,
Australia,AUS,1999,6.317,
Australia,AUS,2000,6.192,79.698
Australia,AUS,2001,6.077,80.13
Australia,AUS,2002,5.983,80.19
Australia,AUS,2003,5.909,80.566
Australia,AUS,2004,5.831,80.756
Australia,AUS,2005,5.724,80.841
Australia,AUS,2006,5.582,81.042
Australia,AUS,2007,5.412,81.373
Australia,AUS,2008,5.216,81.322
Australia,AUS,2009,5.0,81.753
Australia,AUS,2010,4.766,81.914
Australia,AUS,2011,4.532,81.932
Australia,AUS,2012,4.315,82.272
Australia,AUS,2013,4.127,82.463
Australia,AUS,2014,3.981,82.369
Australia,AUS,2015,3.883,82.287
Australia,AUS,2016,3.828,82.593
Australia,AUS,2017,3.802,82.68
Australia,AUS,2018,3.792,83.023
Australia,AUS,2019,3.786,82.642
Australia,AUS,2020,3.773,83.368
Australia,AUS,2021,3.748,83.102
Australia,AUS,2022,3.712,
Australia,AUS,2023,3.664,
Australia,AUS,2024,3.607,
Austria,AUT,1949,76.606,
Austria,AUT,1950,71.554,
Austria,AUT,1951,66.969,
Austria,AUT,1952,62.823,
Austria,AUT,1953,59.272,
Austria,AUT,1954,56.306,
Austria,AUT,1955,53.83,
Austria,AUT,1956,51.745,
Austria,AUT,1957,49.797,
Austria,AUT,1958,47.692,
Austria,AUT,1959,45.31,
Austria,AUT,1960,42.79,
Austria,AUT,1961,40.297,
Austria,AUT,1962,37.963,
Austria,AUT,1963,35.911,
Austria,AUT,1964,34.195,
Austria,AUT,1965,32.743,
Austria,AUT,1966,31.506,
Austria,AUT,1967,30.509,
Austria,AUT,1968,29.821,
Austria,AUT,1969,29.402,
Austria,AUT,1970,29.078,
Austria,AUT,1971,28.665,
Austria,AUT,1972,27.949,
Austria,AUT,1973,26.74,
Austria,AUT,1974,25.019,
Austria,AUT,1975,23.073,
Austria,AUT,1976,21.158,
Austria,AUT,1977,19.458,
Austria,AUT,1978,18.105,
Austria,AUT,1979,17.091,
Austria,AUT,1980,16.266,
Austria,AUT,1981,15.488,
Austria,AUT,1982,14.733,
Austria,AUT,1983,14.012,
Austria,AUT,1984,13.318,
Austria,AUT,1985,12.616,
Austria,AUT,1986,11.874,
Austria,AUT,1987,11.152,
Austria,AUT,1988,10.521,
Austria,AUT,1989,9.995,
Austria,AUT,1990,9.518,
Austria,AUT,1991,9.032,
Austria,AUT,1992,8.512,
Austria,AUT,1993,7.946,
Austria,AUT,1994,7.362,
Austria,AUT,1995,6.822,
Austria,AUT,1996,6.372,
Austria,AUT,1997,6.027,
Austria,AUT,1998,5.779,
Austria,AUT,1999,5.616,
Austria,AUT,2000,5.501,78.176
Austria,AUT,2001,5.403,78.643
Austria,AUT,2002,5.304,78.704
Austria,AUT,2003,5.185,78.627
Austria,AUT,2004,5.047,79.114
Austria,AUT,2005,4.903,79.326
Austria,AUT,2006,4.771,79.805
Austria,AUT,2007,4.65,80.032
Austria,AUT,2008,4.54,80.267
Austria,AUT,2009,4.44,80.121
Austria,AUT,2010,4.328,80.392
Austria,AUT,2011,4.193,80.738
Austria,AUT,2012,4.048,80.719
Austria,AUT,2013,3.91,80.912
Austria,AUT,2014,3.797,81.235
Austria,AUT,2015,3.704,80.986
Austria,AUT,2016,3.631,81.388
Austria,AUT,2017,3.571,81.389
Austria,AUT,2018,3.52,81.424
Austria,AUT,2019,3.472,81.648
Austria,AUT,2020,3.426,81.085
Austria,AUT,2021,3.382,80.993
Austria,AUT,2022,3.344,
Austria,AUT,2023,3.326,
Austria,AUT,2024,3.322,
Azerbaijan,AZE,1982,110.627,
Azerbaijan,AZE,1983,107.987,
Azerbaijan,AZE,1984,105.294,
Azerbaijan,AZE,1985,102.852,
Azerbaijan,AZE,1986,100.517,
Azerbaijan,AZE,1987,98.57,
Azerbaijan,AZE,1988,96.981,
Azerbaijan,AZE,1989,95.862,
Azerbaijan,AZE,1990,95.412,
Azerbaijan,AZE,1991,95.365,
Azerbaijan,AZE,1992,95.522,
Azerbaijan,AZE,1993,95.579,
Azerbaijan,AZE,1994,95.138,
Azerbaijan,AZE,1995,93.808,
Azerbaijan,AZE,1996,91.523,
Azerbaijan,AZE,1997,88.149,
Azerbaijan,AZE,1998,84.021,
Azerbaijan,AZE,1999,79.327,
Azerbaijan,AZE,2000,74.305,65.235
Azerbaijan,AZE,2001,69.291,66.311
Azerbaijan,AZE,2002,64.399,66.715
Azerbaijan,AZE,2003,59.95,66.742
Azerbaijan,AZE,2004,55.839,67.386
Azerbaijan,AZE,2005,52.093,67.446
Azerbaijan,AZE,2006,48.716,67.638
Azerbaijan,AZE,2007,45.652,69.264
Azerbaijan,AZE,2008,42.871,68.713
Azerbaijan,AZE,2009,40.231,69.375
Azerbaijan,AZE,2010,37.751,69.814
Azerbaijan,AZE,2011,35.454,70.389
Azerbaijan,AZE,2012,33.361,71.211
Azerbaijan,AZE,2013,31.409,72.09
Azerbaijan,AZE,2014,29.62,72.719
Azerbaijan,AZE,2015,27.948,73.627
Azerbaijan,AZE,2016,26.457,73.97
Azerbaijan,AZE,2017,25.115,74.625
Azerbaijan,AZE,2018,23.829,75.131
Azerbaijan,AZE,2019,22.653,75.8
Azerbaijan,AZE,2020,21.543,71.431
Azerbaijan,AZE,2021,20.544,72.913
Azerbaijan,AZE,2022,19.593,
Azerbaijan,AZE,2023,18.743,
Azerbaijan,AZE,2024,17.887,
Burundi,BDI,1964,240.165,
Burundi,BDI,1965,242.014,
Burundi,BDI,1966,244.225,
Burundi,BDI,1967,246.372,
Burundi,BDI,1968,248.014,
Burundi,BDI,1969,249.087,
Burundi,BDI,1970,249.799,
Burundi,BDI,1971,249.989,
Burundi,BDI,1972,317.474,
Burundi,BDI,1973,250.187,
Burundi,BDI,1974,249.828,
Burundi,BDI,1975,249.312,
Burundi,BDI,1976,247.896,
Burundi,BDI,1977,244.922,
Burundi,BDI,1978,239.631,
Burundi,BDI,1979,232.313,
Burundi,BDI,1980,223.531,
Burundi,BDI,1981,213.443,
Burundi,BDI,1982,202.884,
Burundi,BDI,1983,192.733,
Burundi,BDI,1984,183.864,
Burundi,BDI,1985,176.926,
Burundi,BDI,1986,172.034,
Burundi,BDI,1987,169.151,
Burundi,BDI,1988,168.061,
Burundi,BDI,1989,168.137,
Burundi,BDI,1990,168.639,
Burundi,BDI,1991,169.279,
Burundi,BDI,1992,169.717,
Burundi,BDI,1993,192.178,
Burundi,BDI,1994,169.361,
Burundi,BDI,1995,168.25,
Burundi,BDI,1996,189.565,
Burundi,BDI,1997,164.121,
Burundi,BDI,1998,160.814,
Burundi,BDI,1999,156.878,
Burundi,BDI,2000,152.387,44.361
Burundi,BDI,2001,147.524,45.56
Burundi,BDI,2002,142.348,46.772
Burundi,BDI,2003,136.618,47.93
Burundi,BDI,2004,130.409,49.432
Burundi,BDI,2005,123.704,50.909
Burundi,BDI,2006,116.559,54.955
Burundi,BDI,2007,109.456,56.454
Burundi,BDI,2008,102.646,57.791
Burundi,BDI,2009,96.084,58.716
Burundi,BDI,2010,90.215,59.599
Burundi,BDI,2011,84.718,60.405
Burundi,BDI,2012,79.579,61.175
Burundi,BDI,2013,74.886,61.796
Burundi,BDI,2014,70.579,62.323
Burundi,BDI,2015,66.938,62.707
Burundi,BDI,2016,63.704,63.241
Burundi,BDI,2017,60.877,63.682
Burundi,BDI,2018,58.485,64.028
Burundi,BDI,2019,56.218,64.319
Burundi,BDI,2020,54.272,64.594
Burundi,BDI,2021,52.27,64.007
Burundi,BDI,2022,50.341,
Burundi,BDI,2023,48.684,
Burundi,BDI,2024,47.058,
Belgium,BEL,1949,63.533,
Belgium,BEL,1950,60.083,
Belgium,BEL,1951,56.857,
Belgium,BEL,1952,53.772,
Belgium,BEL,1953,50.889,
Belgium,BEL,1954,48.097,
Belgium,BEL,1955,45.376,
Belgium,BEL,1956,42.677,
Belgium,BEL,1957,40.093,
Belgium,BEL,1958,37.748,
Belgium,BEL,1959,35.708,
Belgium,BEL,1960,33.95,
Belgium,BEL,1961,32.454,
Belgium,BEL,1962,31.16,
Belgium,BEL,1963,29.99,
Belgium,BEL,1964,28.903,
Belgium,BEL,1965,27.918,
Belgium,BEL,1966,27.039,
Belgium,BEL,1967,26.25,
Belgium,BEL,1968,25.5,
Belgium,BEL,1969,24.758,
Belgium,BEL,1970,23.925,
Belgium,BEL,1971,22.954,
Belgium,BEL,1972,21.873,
Belgium,BEL,1973,20.751,
Belgium,BEL,1974,19.648,
Belgium,BEL,1975,18.598,
Belgium,BEL,1976,17.623,
Belgium,BEL,1977,16.732,
Belgium,BEL,1978,15.933,
Belgium,BEL,1979,15.212,
Belgium,BEL,1980,14.536,
Belgium,BEL,1981,13.885,
Belgium,BEL,1982,13.265,
Belgium,BEL,1983,12.702,
Belgium,BEL,1984,12.201,
Belgium,BEL,1985,11.762,
Belgium,BEL,1986,11.373,
Belgium,BEL,1987,11.02,
Belgium,BEL,1988,10.681,
Belgium,BEL,1989,10.341,
Belgium,BEL,1990,9.989,
Belgium,BEL,1991,9.611,
Belgium,BEL,1992,9.19,
Belgium,BEL,1993,8.709,
Belgium,BEL,1994,8.178,
Belgium,BEL,1995,7.647,
Belgium,BEL,1996,7.159,
Belgium,BEL,1997,6.739,
Belgium,BEL,1998,6.389,
Belgium,BEL,1999,6.108,
Belgium,BEL,2000,5.876,77.672
Belgium,BEL,2001,5.671,77.974
Belgium,BEL,2002,5.487,78.015
Belgium,BEL,2003,5.319,78.114
Belgium,BEL,2004,5.167,78.796
Belgium,BEL,2005,5.029,78.852
Belgium,BEL,2006,4.901,79.234
Belgium,BEL,2007,4.782,79.566
Belgium,BEL,2008,4.669,79.565
Belgium,BEL,2009,4.561,79.827
Belgium,BEL,2010,4.46,79.848
Belgium,BEL,2011,4.369,80.167
Belgium,BEL,2012,4.287,80.071
Belgium,BEL,2013,4.214,80.325
Belgium,BEL,2014,4.149,80.941
Belgium,BEL,2015,4.094,80.706
Belgium,BEL,2016,4.052,81.075
Belgium,BEL,2017,4.013,81.151
Belgium,BEL,2018,3.972,81.249
Belgium,BEL,2019,3.921,81.609
Belgium,BEL,2020,3.868,80.776
Belgium,BEL,2021,3.818,81.506
Belgium,BEL,2022,3.776,
Belgium,BEL,2023,3.745,
Belgium,BEL,2024,3.721,
Benin,BEN,1945,367.529,
Benin,BEN,1946,363.017,
Benin,BEN,1947,358.782,
Benin,BEN,1948,354.719,
Benin,BEN,1949,350.99,
Benin,BEN,1950,346.998,
Benin,BEN,1951,343.284,
Benin,BEN,1952,339.754,
Benin,BEN,1953,336.338,
Benin,BEN,1954,332.465,
Benin,BEN,1955,328.797,
Benin,BEN,1956,324.827,
Benin,BEN,1957,320.846,
Benin,BEN,1958,316.614,
Benin,BEN,1959,312.177,
Benin,BEN,1960,307.562,
Benin,BEN,1961,302.841,
Benin,BEN,1962,298.008,
Benin,BEN,1963,292.884,
Benin,BEN,1964,287.808,
Benin,BEN,1965,282.637,
Benin,BEN,1966,277.719,
Benin,BEN,1967,272.971,
Benin,BEN,1968,268.297,
Benin,BEN,1969,264.05,
Benin,BEN,1970,259.72,
Benin,BEN,1971,255.289,
Benin,BEN,1972,250.735,
Benin,BEN,1973,245.869,
Benin,BEN,1974,240.927,
Benin,BEN,1975,235.855,
Benin,BEN,1976,230.588,
Benin,BEN,1977,225.487,
Benin,BEN,1978,220.553,
Benin,BEN,1979,215.796,
Benin,BEN,1980,211.319,
Benin,BEN,1981,207.144,
Benin,BEN,1982,203.075,
Benin,BEN,1983,199.123,
Benin,BEN,1984,195.266,
Benin,BEN,1985,191.349,
Benin,BEN,1986,187.408,
Benin,BEN,1987,183.471,
Benin,BEN,1988,179.431,
Benin,BEN,1989,175.367,
Benin,BEN,1990,171.219,
Benin,BEN,1991,167.044,
Benin,BEN,1992,162.958,
Benin,BEN,1993,159.004,
Benin,BEN,1994,155.179,
Benin,BEN,1995,151.518,
Benin,BEN,1996,148.09,
Benin,BEN,1997,144.771,
Benin,BEN,1998,141.492,
Benin,BEN,1999,138.257,
Benin,BEN,2000,134.971,57.421
Benin,BEN,2001,131.7,57.745
Benin,BEN,2002,128.529,58.094
Benin,BEN,2003,125.421,58.459
Benin,BEN,2004,122.478,58.869
Benin,BEN,2005,119.664,59.21
Benin,BEN,2006,116.958,59.54
Benin,BEN,2007,114.409,59.827
Benin,BEN,2008,111.999,60.451
Benin,BEN,2009,109.67,60.994
Benin,BEN,2010,107.352,61.305
Benin,BEN,2011,105.102,61.566
Benin,BEN,2012,102.874,61.815
Benin,BEN,2013,100.63,62.117
Benin,BEN,2014,98.357,62.373
Benin,BEN,2015,96.137,62.627
Benin,BEN,2016,93.97,63.002
Benin,BEN,2017,91.751,63.349
Benin,BEN,2018,89.432,63.739
Benin,BEN,2019,87.047,64.138
Benin,BEN,2020,84.584,64.404
Benin,BEN,2021,82.189,64.013
Benin,BEN,2022,79.644,
Benin,BEN,2023,77.183,
Benin,BEN,2024,74.75,
Burkina Faso,BFA,1944,395.742,
Burkina Faso,BFA,1945,393.233,
Burkina Faso,BFA,1946,390.205,
Burkina Faso,BFA,1947,387.904,
Burkina Faso,BFA,1948,384.764,
Burkina Faso,BFA,1949,381.722,
Burkina Faso,BFA,1950,379.161,
Burkina Faso,BFA,1951,376.167,
Burkina Faso,BFA,1952,373.133,
Burkina Faso,BFA,1953,369.658,
Burkina Faso,BFA,1954,366.117,
Burkina Faso,BFA,1955,362.626,
Burkina Faso,BFA,1956,358.738,
Burkina Faso,BFA,1957,354.732,
Burkina Faso,BFA,1958,350.778,
Burkina Faso,BFA,1959,346.863,
Burkina Faso,BFA,1960,343.076,
Burkina Faso,BFA,1961,339.055,
Burkina Faso,BFA,1962,335.517,
Burkina Faso,BFA,1963,332.06,
Burkina Faso,BFA,1964,328.733,
Burkina Faso,BFA,1965,325.705,
Burkina Faso,BFA,1966,322.738,
Burkina Faso,BFA,1967,320.059,
Burkina Faso,BFA,1968,317.468,
Burkina Faso,BFA,1969,314.475,
Burkina Faso,BFA,1970,311.443,
Burkina Faso,BFA,1971,307.838,
Burkina Faso,BFA,1972,303.011,
Burkina Faso,BFA,1973,296.863,
Burkina Faso,BFA,1974,289.192,
Burkina Faso,BFA,1975,280.06,
Burkina Faso,BFA,1976,270.135,
Burkina Faso,BFA,1977,260.486,
Burkina Faso,BFA,1978,251.499,
Burkina Faso,BFA,1979,243.573,
Burkina Faso,BFA,1980,236.711,
Burkina Faso,BFA,1981,230.891,
Burkina Faso,BFA,1982,225.762,
Burkina Faso,BFA,1983,221.178,
Burkina Faso,BFA,1984,216.653,
Burkina Faso,BFA,1985,212.223,
Burkina Faso,BFA,1986,207.903,
Burkina Faso,BFA,1987,203.826,
Burkina Faso,BFA,1988,200.497,
Burkina Faso,BFA,1989,198.13,
Burkina Faso,BFA,1990,196.554,
Burkina Faso,BFA,1991,195.695,
Burkina Faso,BFA,1992,195.259,
Burkina Faso,BFA,1993,194.648,
Burkina Faso,BFA,1994,193.679,
Burkina Faso,BFA,1995,192.015,
Burkina Faso,BFA,1996,189.615,
Burkina Faso,BFA,1997,186.665,
Burkina Faso,BFA,1998,183.424,
Burkina Faso,BFA,1999,179.828,
Burkina Faso,BFA,2000,176.005,51.888
Burkina Faso,BFA,2001,171.862,52.362
Burkina Faso,BFA,2002,167.332,52.907
Burkina Faso,BFA,2003,162.316,53.58
Burkina Faso,BFA,2004,156.774,54.342
Burkina Faso,BFA,2005,150.753,55.198
Burkina Faso,BFA,2006,144.379,55.98
Burkina Faso,BFA,2007,138.091,56.713
Burkina Faso,BFA,2008,132.082,57.431
Burkina Faso,BFA,2009,126.485,58.067
Burkina Faso,BFA,2010,121.301,58.612
Burkina Faso,BFA,2011,116.59,59.072
Burkina Faso,BFA,2012,112.269,59.518
Burkina Faso,BFA,2013,108.196,59.965
Burkina Faso,BFA,2014,104.334,60.464
Burkina Faso,BFA,2015,100.755,60.943
Burkina Faso,BFA,2016,97.426,61.355
Burkina Faso,BFA,2017,94.116,61.881
Burkina Faso,BFA,2018,91.033,62.361
Burkina Faso,BFA,2019,88.091,62.612
Burkina Faso,BFA,2020,85.125,62.926
Burkina Faso,BFA,2021,82.415,62.297
Burkina Faso,BFA,2022,79.814,
Burkina Faso,BFA,2023,77.359,
Burkina Faso,BFA,2024,74.89,
Bangladesh,BGD,1950,354.821,
Bangladesh,BGD,1951,343.687,
Bangladesh,BGD,1952,333.195,
Bangladesh,BGD,1953,322.774,
Bangladesh,BGD,1954,312.832,
Bangladesh,BGD,1955,303.575,
Bangladesh,BGD,1956,294.82,
Bangladesh,BGD,1957,286.424,
Bangladesh,BGD,1958,278.371,
Bangladesh,BGD,1959,271.056,
Bangladesh,BGD,1960,263.591,
Bangladesh,BGD,1961,256.715,
Bangladesh,BGD,1962,250.211,
Bangladesh,BGD,1963,244.084,
Bangladesh,BGD,1964,238.732,
Bangladesh,BGD,1965,234.22,
Bangladesh,BGD,1966,230.854,
Bangladesh,BGD,1967,228.471,
Bangladesh,BGD,1968,227.154,
Bangladesh,BGD,1969,226.968,
Bangladesh,BGD,1970,271.031,
Bangladesh,BGD,1971,366.993,
Bangladesh,BGD,1972,228.824,
Bangladesh,BGD,1973,229.077,
Bangladesh,BGD,1974,275.665,
Bangladesh,BGD,1975,273.047,
Bangladesh,BGD,1976,224.906,
Bangladesh,BGD,1977,221.509,
Bangladesh,BGD,1978,217.233,
Bangladesh,BGD,1979,212.39,
Bangladesh,BGD,1980,207.191,
Bangladesh,BGD,1981,201.757,
Bangladesh,BGD,1982,196.235,
Bangladesh,BGD,1983,190.62,
Bangladesh,BGD,1984,184.732,
Bangladesh,BGD,1985,178.639,
Bangladesh,BGD,1986,172.286,
Bangladesh,BGD,1987,165.812,
Bangladesh,BGD,1988,159.305,
Bangladesh,BGD,1989,152.801,
Bangladesh,BGD,1990,146.471,
Bangladesh,BGD,1991,140.274,
Bangladesh,BGD,1992,134.071,
Bangladesh,BGD,1993,127.83,
Bangladesh,BGD,1994,121.581,
Bangladesh,BGD,1995,115.461,
Bangladesh,BGD,1996,109.378,
Bangladesh,BGD,1997,103.269,
Bangladesh,BGD,1998,97.137,
Bangladesh,BGD,1999,91.196,
Bangladesh,BGD,2000,85.514,65.362
Bangladesh,BGD,2001,80.192,65.96
Bangladesh,BGD,2002,75.314,66.354
Bangladesh,BGD,2003,70.841,66.784
Bangladesh,BGD,2004,66.763,67.37
Bangladesh,BGD,2005,63.03,67.788
Bangladesh,BGD,2006,59.604,68.093
Bangladesh,BGD,2007,56.483,68.429
Bangladesh,BGD,2008,53.643,69.033
Bangladesh,BGD,2009,51.059,69.605
Bangladesh,BGD,2010,48.713,70.064
Bangladesh,BGD,2011,46.534,71.083
Bangladesh,BGD,2012,44.443,72.093
Bangladesh,BGD,2013,42.433,72.591
Bangladesh,BGD,2014,40.459,72.777
Bangladesh,BGD,2015,38.532,73.192
Bangladesh,BGD,2016,36.679,73.444
Bangladesh,BGD,2017,34.963,73.379
Bangladesh,BGD,2018,33.478,73.674
Bangladesh,BGD,2019,32.298,73.95
Bangladesh,BGD,2020,31.438,73.298
Bangladesh,BGD,2021,30.902,73.103
Bangladesh,BGD,2022,30.661,
Bangladesh,BGD,2023,30.607,
Bangladesh,BGD,2024,30.498,
Bulgaria,BGR,1949,149.165,
Bulgaria,BGR,1950,139.284,
Bulgaria,BGR,1951,129.981,
Bulgaria,BGR,1952,120.938,
Bulgaria,BGR,1953,112.18,
Bulgaria,BGR,1954,103.571,
Bulgaria,BGR,1955,94.888,
Bulgaria,BGR,1956,86.137,
Bulgaria,BGR,1957,77.447,
Bulgaria,BGR,1958,69.137,
Bulgaria,BGR,1959,61.429,
Bulgaria,BGR,1960,54.605,
Bulgaria,BGR,1961,48.887,
Bulgaria,BGR,1962,44.322,
Bulgaria,BGR,1963,40.954,
Bulgaria,BGR,1964,38.695,
Bulgaria,BGR,1965,37.372,
Bulgaria,BGR,1966,36.807,
Bulgaria,BGR,1967,36.447,
Bulgaria,BGR,1968,35.587,
Bulgaria,BGR,1969,34.013,
Bulgaria,BGR,1970,32.333,
Bulgaria,BGR,1971,31.069,
Bulgaria,BGR,1972,30.238,
Bulgaria,BGR,1973,29.639,
Bulgaria,BGR,1974,29.112,
Bulgaria,BGR,1975,28.583,
Bulgaria,BGR,1976,27.932,
Bulgaria,BGR,1977,27.128,
Bulgaria,BGR,1978,26.117,
Bulgaria,BGR,1979,24.955,
Bulgaria,BGR,1980,23.848,
Bulgaria,BGR,1981,22.954,
Bulgaria,BGR,1982,22.208,
Bulgaria,BGR,1983,21.454,
Bulgaria,BGR,1984,20.612,
Bulgaria,BGR,1985,19.707,
Bulgaria,BGR,1986,18.782,
Bulgaria,BGR,1987,18.041,
Bulgaria,BGR,1988,17.74,
Bulgaria,BGR,1989,17.942,
Bulgaria,BGR,1990,18.387,
Bulgaria,BGR,1991,18.824,
Bulgaria,BGR,1992,19.123,
Bulgaria,BGR,1993,19.255,
Bulgaria,BGR,1994,19.246,
Bulgaria,BGR,1995,19.218,
Bulgaria,BGR,1996,19.271,
Bulgaria,BGR,1997,19.27,
Bulgaria,BGR,1998,18.966,
Bulgaria,BGR,1999,18.294,
Bulgaria,BGR,2000,17.474,71.643
Bulgaria,BGR,2001,16.701,71.851
Bulgaria,BGR,2002,15.964,72.115
Bulgaria,BGR,2003,15.134,72.294
Bulgaria,BGR,2004,14.192,72.482
Bulgaria,BGR,2005,13.264,72.476
Bulgaria,BGR,2006,12.471,72.623
Bulgaria,BGR,2007,11.853,72.923
Bulgaria,BGR,2008,11.426,73.246
Bulgaria,BGR,2009,11.147,73.577
Bulgaria,BGR,2010,10.863,73.666
Bulgaria,BGR,2011,10.442,74.07
Bulgaria,BGR,2012,9.89,74.282
Bulgaria,BGR,2013,9.286,74.795
Bulgaria,BGR,2014,8.691,74.408
Bulgaria,BGR,2015,8.154,74.564
Bulgaria,BGR,2016,7.697,74.773
Bulgaria,BGR,2017,7.32,74.72
Bulgaria,BGR,2018,7.0,74.851
Bulgaria,BGR,2019,6.722,75.001
Bulgaria,BGR,2020,6.485,73.49
Bulgaria,BGR,2021,6.286,71.306
Bulgaria,BGR,2022,6.109,
Bulgaria,BGR,2023,5.927,
Bulgaria,BGR,2024,5.736,
Bahrain,BHR,1955,298.433,
Bahrain,BHR,1956,274.775,
Bahrain,BHR,1957,253.333,
Bahrain,BHR,1958,233.668,
Bahrain,BHR,1959,215.157,
Bahrain,BHR,1960,197.65,
Bahrain,BHR,1961,181.319,
Bahrain,BHR,1962,166.247,
Bahrain,BHR,1963,152.107,
Bahrain,BHR,1964,138.949,
Bahrain,BHR,1965,126.828,
Bahrain,BHR,1966,115.551,
Bahrain,BHR,1967,104.967,
Bahrain,BHR,1968,95.268,
Bahrain,BHR,1969,86.359,
Bahrain,BHR,1970,78.135,
Bahrain,BHR,1971,70.693,
Bahrain,BHR,1972,64.097,
Bahrain,BHR,1973,58.191,
Bahrain,BHR,1974,53.032,
Bahrain,BHR,1975,48.535,
Bahrain,BHR,1976,44.648,
Bahrain,BHR,1977,41.212,
Bahrain,BHR,1978,38.16,
Bahrain,BHR,1979,35.462,
Bahrain,BHR,1980,33.066,
Bahrain,BHR,1981,30.993,
Bahrain,BHR,1982,29.186,
Bahrain,BHR,1983,27.626,
Bahrain,BHR,1984,26.303,
Bahrain,BHR,1985,25.207,
Bahrain,BHR,1986,24.366,
Bahrain,BHR,1987,23.783,
Bahrain,BHR,1988,23.433,
Bahrain,BHR,1989,23.216,
Bahrain,BHR,1990,23.022,
Bahrain,BHR,1991,22.705,
Bahrain,BHR,1992,22.069,
Bahrain,BHR,1993,21.036,
Bahrain,BHR,1994,19.698,
Bahrain,BHR,1995,18.169,
Bahrain,BHR,1996,16.624,
Bahrain,BHR,1997,15.236,
Bahrain,BHR,1998,14.092,
Bahrain,BHR,1999,13.182,
Bahrain,BHR,2000,12.5,69.686
Bahrain,BHR,2001,11.986,70.37
Bahrain,BHR,2002,11.597,70.597
Bahrain,BHR,2003,11.27,70.651
Bahrain,BHR,2004,10.961,70.925
Bahrain,BHR,2005,10.626,71.321
Bahrain,BHR,2006,10.254,71.696
Bahrain,BHR,2007,9.842,72.387
Bahrain,BHR,2008,9.405,72.891
Bahrain,BHR,2009,8.979,73.407
Bahrain,BHR,2010,8.604,73.862
Bahrain,BHR,2011,8.3,74.195
Bahrain,BHR,2012,8.057,74.573
Bahrain,BHR,2013,7.885,75.027
Bahrain,BHR,2014,7.763,75.645
Bahrain,BHR,2015,7.677,75.751
Bahrain,BHR,2016,7.64,75.659
Bahrain,BHR,2017,7.656,75.711
Bahrain,BHR,2018,7.723,75.936
Bahrain,BHR,2019,7.838,76.029
Bahrain,BHR,2020,7.993,74.854
Bahrain,BHR,2021,8.183,74.384
Bahrain,BHR,2022,8.393,
Bahrain,BHR,2023,8.6,
Bahrain,BHR,2024,8.767,
Bahamas,BHS,1968,29.392,
Bahamas,BHS,1969,29.843,
Bahamas,BHS,1970,30.29,
Bahamas,BHS,1971,30.705,
Bahamas,BHS,1972,31.052,
Bahamas,BHS,1973,31.285,
Bahamas,BHS,1974,31.362,
Bahamas,BHS,1975,31.265,
Bahamas,BHS,1976,31.041,
Bahamas,BHS,1977,30.711,
Bahamas,BHS,1978,30.312,
Bahamas,BHS,1979,29.887,
Bahamas,BHS,1980,29.469,
Bahamas,BHS,1981,29.076,
Bahamas,BHS,1982,28.727,
Bahamas,BHS,1983,28.429,
Bahamas,BHS,1984,28.153,
Bahamas,BHS,1985,27.816,
Bahamas,BHS,1986,27.28,
Bahamas,BHS,1987,26.493,
Bahamas,BHS,1988,25.533,
Bahamas,BHS,1989,24.467,
Bahamas,BHS,1990,23.347,
Bahamas,BHS,1991,22.269,
Bahamas,BHS,1992,21.234,
Bahamas,BHS,1993,20.249,
Bahamas,BHS,1994,19.286,
Bahamas,BHS,1995,18.39,
Bahamas,BHS,1996,17.591,
Bahamas,BHS,1997,16.925,
Bahamas,BHS,1998,16.446,
Bahamas,BHS,1999,16.207,
Bahamas,BHS,2000,16.182,70.967
Bahamas,BHS,2001,16.307,71.114
Bahamas,BHS,2002,16.504,71.581
Bahamas,BHS,2003,16.709,72.014
Bahamas,BHS,2004,16.835,72.144
Bahamas,BHS,2005,16.859,72.659
Bahamas,BHS,2006,16.751,72.664
Bahamas,BHS,2007,16.509,73.087
Bahamas,BHS,2008,16.182,72.977
Bahamas,BHS,2009,15.813,72.808
Bahamas,BHS,2010,15.429,72.745
Bahamas,BHS,2011,15.056,72.745
Bahamas,BHS,2012,14.728,72.846
Bahamas,BHS,2013,14.432,73.009
Bahamas,BHS,2014,14.176,72.648
Bahamas,BHS,2015,13.957,72.924
Bahamas,BHS,2016,13.788,72.949
Bahamas,BHS,2017,13.655,73.219
Bahamas,BHS,2018,13.533,73.383
Bahamas,BHS,2019,24.268,70.738
Bahamas,BHS,2020,13.304,72.616
Bahamas,BHS,2021,13.141,70.433
Bahamas,BHS,2022,12.926,
Bahamas,BHS,2023,12.658,
Bahamas,BHS,2024,12.361,
Bosnia and Herzegovina,BIH,1984,29.424,
Bosnia and Herzegovina,BIH,1985,27.04,
Bosnia and Herzegovina,BIH,1986,24.894,
Bosnia and Herzegovina,BIH,1987,22.959,
Bosnia and Herzegovina,BIH,1988,21.21,
Bosnia and Herzegovina,BIH,1989,19.625,
Bosnia and Herzegovina,BIH,1990,18.185,
Bosnia and Herzegovina,BIH,1991,16.903,
Bosnia and Herzegovina,BIH,1992,62.291,
Bosnia and Herzegovina,BIH,1993,63.357,
Bosnia and Herzegovina,BIH,1994,13.953,
Bosnia and Herzegovina,BIH,1995,20.066,
Bosnia and Herzegovina,BIH,1996,12.414,
Bosnia and Herzegovina,BIH,1997,11.677,
Bosnia and Herzegovina,BIH,1998,10.942,
Bosnia and Herzegovina,BIH,1999,10.228,
Bosnia and Herzegovina,BIH,2000,9.548,75.46
Bosnia and Herzegovina,BIH,2001,8.929,75.854
Bosnia and Herzegovina,BIH,2002,8.396,76.097
Bosnia and Herzegovina,BIH,2003,7.963,76.385
Bosnia and Herzegovina,BIH,2004,7.626,76.629
Bosnia and Herzegovina,BIH,2005,7.381,76.549
Bosnia and Herzegovina,BIH,2006,7.204,76.796
Bosnia and Herzegovina,BIH,2007,7.081,76.261
Bosnia and Herzegovina,BIH,2008,6.985,76.768
Bosnia and Herzegovina,BIH,2009,6.906,76.783
Bosnia and Herzegovina,BIH,2010,6.834,76.983
Bosnia and Herzegovina,BIH,2011,6.77,77.058
Bosnia and Herzegovina,BIH,2012,6.725,77.271
Bosnia and Herzegovina,BIH,2013,6.705,77.212
Bosnia and Herzegovina,BIH,2014,6.709,77.178
Bosnia and Herzegovina,BIH,2015,6.738,76.996
Bosnia and Herzegovina,BIH,2016,6.775,77.132
Bosnia and Herzegovina,BIH,2017,6.794,77.249
Bosnia and Herzegovina,BIH,2018,6.767,77.321
Bosnia and Herzegovina,BIH,2019,6.697,77.098
Bosnia and Herzegovina,BIH,2020,6.573,75.708
Bosnia and Herzegovina,BIH,2021,6.41,74.849
Bosnia and Herzegovina,BIH,2022,6.224,
Bosnia and Herzegovina,BIH,2023,6.037,
Bosnia and Herzegovina,BIH,2024,6.905,
Belarus,BLR,1958,55.726,
Belarus,BLR,1959,49.92,
Belarus,BLR,1960,44.845,
Belarus,BLR,1961,40.471,
Belarus,BLR,1962,36.733,
Belarus,BLR,1963,33.565,
Belarus,BLR,1964,30.946,
Belarus,BLR,1965,28.775,
Belarus,BLR,1966,27.036,
Belarus,BLR,1967,25.642,
Belarus,BLR,1968,24.551,
Belarus,BLR,1969,23.703,
Belarus,BLR,1970,23.062,
Belarus,BLR,1971,22.559,
Belarus,BLR,1972,22.212,
Belarus,BLR,1973,21.991,
Belarus,BLR,1974,21.868,
Belarus,BLR,1975,21.807,
Belarus,BLR,1976,21.735,
Belarus,BLR,1977,21.611,
Belarus,BLR,1978,21.386,
Belarus,BLR,1979,21.045,
Belarus,BLR,1980,20.597,
Belarus,BLR,1981,20.04,
Belarus,BLR,1982,19.425,
Belarus,BLR,1983,18.797,
Belarus,BLR,1984,18.196,
Belarus,BLR,1985,17.603,
Belarus,BLR,1986,17.004,
Belarus,BLR,1987,16.421,
Belarus,BLR,1988,15.892,
Belarus,BLR,1989,15.463,
Belarus,BLR,1990,15.213,
Belarus,BLR,1991,15.19,
Belarus,BLR,1992,15.338,
Belarus,BLR,1993,15.53,
Belarus,BLR,1994,15.665,
Belarus,BLR,1995,15.672,
Belarus,BLR,1996,15.497,
Belarus,BLR,1997,15.109,
Belarus,BLR,1998,14.489,
Belarus,BLR,1999,13.677,
Belarus,BLR,2000,12.762,68.793
Belarus,BLR,2001,11.831,68.381
Belarus,BLR,2002,10.946,67.907
Belarus,BLR,2003,10.148,68.376
Belarus,BLR,2004,9.432,68.802
Belarus,BLR,2005,8.735,68.697
Belarus,BLR,2006,8.013,69.305
Belarus,BLR,2007,7.295,70.201
Belarus,BLR,2008,6.64,70.338
Belarus,BLR,2009,6.074,70.477
Belarus,BLR,2010,5.593,70.351
Belarus,BLR,2011,5.192,70.572
Belarus,BLR,2012,4.859,72.111
Belarus,BLR,2013,4.575,72.592
Belarus,BLR,2014,4.325,73.153
Belarus,BLR,2015,4.089,73.74
Belarus,BLR,2016,3.854,73.892
Belarus,BLR,2017,3.616,74.227
Belarus,BLR,2018,3.371,74.346
Belarus,BLR,2019,3.131,74.819
Belarus,BLR,2020,2.91,73.01
Belarus,BLR,2021,2.73,73.123
Belarus,BLR,2022,2.578,
Belarus,BLR,2023,2.449,
Belarus,BLR,2024,2.331,
Belize,BLZ,1967,114.918,
Belize,BLZ,1968,109.8,
Belize,BLZ,1969,105.116,
Belize,BLZ,1970,100.277,
Belize,BLZ,1971,95.939,
Belize,BLZ,1972,91.965,
Belize,BLZ,1973,88.114,
Belize,BLZ,1974,84.362,
Belize,BLZ,1975,80.982,
Belize,BLZ,1976,77.701,
Belize,BLZ,1977,74.613,
Belize,BLZ,1978,71.642,
Belize,BLZ,1979,68.862,
Belize,BLZ,1980,66.118,
Belize,BLZ,1981,63.483,
Belize,BLZ,1982,60.867,
Belize,BLZ,1983,58.194,
Belize,BLZ,1984,55.585,
Belize,BLZ,1985,52.887,
Belize,BLZ,1986,50.127,
Belize,BLZ,1987,47.348,
Belize,BLZ,1988,44.598,
Belize,BLZ,1989,41.942,
Belize,BLZ,1990,39.423,
Belize,BLZ,1991,37.078,
Belize,BLZ,1992,34.917,
Belize,BLZ,1993,33.044,
Belize,BLZ,1994,31.369,
Belize,BLZ,1995,29.928,
Belize,BLZ,1996,28.645,
Belize,BLZ,1997,27.476,
Belize,BLZ,1998,26.405,
Belize,BLZ,1999,25.401,
Belize,BLZ,2000,24.457,70.095
Belize,BLZ,2001,23.577,70.615
Belize,BLZ,2002,22.811,71.344
Belize,BLZ,2003,22.137,71.8
Belize,BLZ,2004,21.548,72.031
Belize,BLZ,2005,21.04,72.399
Belize,BLZ,2006,20.586,72.621
Belize,BLZ,2007,20.158,73.052
Belize,BLZ,2008,19.744,73.538
Belize,BLZ,2009,19.326,73.67
Belize,BLZ,2010,18.845,73.606
Belize,BLZ,2011,18.311,73.849
Belize,BLZ,2012,17.707,74.181
Belize,BLZ,2013,17.039,74.311
Belize,BLZ,2014,16.338,74.22
Belize,BLZ,2015,15.644,74.306
Belize,BLZ,2016,14.991,74.396
Belize,BLZ,2017,14.4,74.561
Belize,BLZ,2018,13.896,74.577
Belize,BLZ,2019,13.486,74.866
Belize,BLZ,2020,13.177,74.694
Belize,BLZ,2021,12.962,73.321
Belize,BLZ,2022,12.834,
Belize,BLZ,2023,12.754,
Belize,BLZ,2024,12.657,
Bolivia (Plurinational State of),BOL,1960,285.355,
Bolivia (Plurinational State of),BOL,1961,279.541,
Bolivia (Plurinational State of),BOL,1962,273.633,
Bolivia (Plurinational State of),BOL,1963,267.816,
Bolivia (Plurinational State of),BOL,1964,261.905,
Bolivia (Plurinational State of),BOL,1965,255.879,
Bolivia (Plurinational State of),BOL,1966,249.813,
Bolivia (Plurinational State of),BOL,1967,243.802,
Bolivia (Plurinational State of),BOL,1968,237.809,
Bolivia (Plurinational State of),BOL,1969,231.484,
Bolivia (Plurinational State of),BOL,1970,225.36,
Bolivia (Plurinational State of),BOL,1971,219.166,
Bolivia (Plurinational State of),BOL,1972,212.838,
Bolivia (Plurinational State of),BOL,1973,206.567,
Bolivia (Plurinational State of),BOL,1974,200.087,
Bolivia (Plurinational State of),BOL,1975,193.703,
Bolivia (Plurinational State of),BOL,1976,187.423,
Bolivia (Plurinational State of),BOL,1977,181.357,
Bolivia (Plurinational State of),BOL,1978,175.716,
Bolivia (Plurinational State of),BOL,1979,170.353,
Bolivia (Plurinational State of),BOL,1980,165.393,
Bolivia (Plurinational State of),BOL,1981,160.758,
Bolivia (Plurinational State of),BOL,1982,156.307,
Bolivia (Plurinational State of),BOL,1983,151.894,
Bolivia (Plurinational State of),BOL,1984,147.354,
Bolivia (Plurinational State of),BOL,1985,142.647,
Bolivia (Plurinational State of),BOL,1986,137.81,
Bolivia (Plurinational State of),BOL,1987,132.861,
Bolivia (Plurinational State of),BOL,1988,127.812,
Bolivia (Plurinational State of),BOL,1989,122.758,
Bolivia (Plurinational State of),BOL,1990,117.802,
Bolivia (Plurinational State of),BOL,1991,112.972,
Bolivia (Plurinational State of),BOL,1992,108.211,
Bolivia (Plurinational State of),BOL,1993,103.49,
Bolivia (Plurinational State of),BOL,1994,98.829,
Bolivia (Plurinational State of),BOL,1995,94.126,
Bolivia (Plurinational State of),BOL,1996,89.4,
Bolivia (Plurinational State of),BOL,1997,84.649,
Bolivia (Plurinational State of),BOL,1998,79.93,
Bolivia (Plurinational State of),BOL,1999,75.27,
Bolivia (Plurinational State of),BOL,2000,70.708,66.094
Bolivia (Plurinational State of),BOL,2001,66.312,66.745
Bolivia (Plurinational State of),BOL,2002,62.132,67.184
Bolivia (Plurinational State of),BOL,2003,58.192,67.735
Bolivia (Plurinational State of),BOL,2004,54.48,68.281
Bolivia (Plurinational State of),BOL,2005,51.013,68.732
Bolivia (Plurinational State of),BOL,2006,47.74,69.162
Bolivia (Plurinational State of),BOL,2007,44.67,69.471
Bolivia (Plurinational State of),BOL,2008,41.804,69.786
Bolivia (Plurinational State of),BOL,2009,39.147,70.137
Bolivia (Plurinational State of),BOL,2010,36.686,70.429
Bolivia (Plurinational State of),BOL,2011,34.445,70.72
Bolivia (Plurinational State of),BOL,2012,32.33,71.036
Bolivia (Plurinational State of),BOL,2013,30.32,71.338
Bolivia (Plurinational State of),BOL,2014,28.435,71.649
Bolivia (Plurinational State of),BOL,2015,26.678,71.949
Bolivia (Plurinational State of),BOL,2016,25.012,72.221
Bolivia (Plurinational State of),BOL,2017,23.449,72.448
Bolivia (Plurinational State of),BOL,2018,21.984,72.691
Bolivia (Plurinational State of),BOL,2019,20.601,72.92
Bolivia (Plurinational State of),BOL,2020,19.344,67.117
Bolivia (Plurinational State of),BOL,2021,18.219,65.411
Bolivia (Plurinational State of),BOL,2022,17.26,
Bolivia (Plurinational State of),BOL,2023,16.428,
Bolivia (Plurinational State of),BOL,2024,15.696,
Brazil,BRA,1931,222.963,
Brazil,BRA,1932,224.69,
Brazil,BRA,1933,226.688,
Brazil,BRA,1934,228.699,
Brazil,BRA,1935,231.034,
Brazil,BRA,1936,233.165,
Brazil,BRA,1937,234.93,
Brazil,BRA,1938,236.794,
Brazil,BRA,1939,238.137,
Brazil,BRA,1940,239.213,
Brazil,BRA,1941,239.657,
Brazil,BRA,1942,239.431,
Brazil,BRA,1943,238.518,
Brazil,BRA,1944,237.451,
Brazil,BRA,1945,235.724,
Brazil,BRA,1946,233.065,
Brazil,BRA,1947,230.058,
Brazil,BRA,1948,226.773,
Brazil,BRA,1949,223.049,
Brazil,BRA,1950,218.975,
Brazil,BRA,1951,214.687,
Brazil,BRA,1952,210.065,
Brazil,BRA,1953,205.397,
Brazil,BRA,1954,200.389,
Brazil,BRA,1955,195.163,
Brazil,BRA,1956,190.021,
Brazil,BRA,1957,184.908,
Brazil,BRA,1958,179.709,
Brazil,BRA,1959,174.724,
Brazil,BRA,1960,169.842,
Brazil,BRA,1961,165.003,
Brazil,BRA,1962,160.371,
Brazil,BRA,1963,156.114,
Brazil,BRA,1964,152.188,
Brazil,BRA,1965,148.524,
Brazil,BRA,1966,144.996,
Brazil,BRA,1967,141.621,
Brazil,BRA,1968,138.398,
Brazil,BRA,1969,135.277,
Brazil,BRA,1970,132.091,
Brazil,BRA,1971,128.915,
Brazil,BRA,1972,125.618,
Brazil,BRA,1973,122.268,
Brazil,BRA,1974,118.87,
Brazil,BRA,1975,115.429,
Brazil,BRA,1976,111.838,
Brazil,BRA,1977,108.041,
Brazil,BRA,1978,104.132,
Brazil,BRA,1979,100.002,
Brazil,BRA,1980,95.766,
Brazil,BRA,1981,91.489,
Brazil,BRA,1982,87.31,
Brazil,BRA,1983,83.34,
Brazil,BRA,1984,79.758,
Brazil,BRA,1985,76.532,
Brazil,BRA,1986,73.607,
Brazil,BRA,1987,70.851,
Brazil,BRA,1988,68.143,
Brazil,BRA,1989,65.51,
Brazil,BRA,1990,62.827,
Brazil,BRA,1991,60.052,
Brazil,BRA,1992,57.07,
Brazil,BRA,1993,53.948,
Brazil,BRA,1994,50.771,
Brazil,BRA,1995,47.668,
Brazil,BRA,1996,44.694,
Brazil,BRA,1997,41.89,
Brazil,BRA,1998,39.258,
Brazil,BRA,1999,36.783,
Brazil,BRA,2000,34.445,71.5
Brazil,BRA,2001,32.228,71.804
Brazil,BRA,2002,30.133,72.037
Brazil,BRA,2003,28.184,72.305
Brazil,BRA,2004,26.334,72.502
Brazil,BRA,2005,24.626,73.148
Brazil,BRA,2006,23.081,73.331
Brazil,BRA,2007,21.721,73.579
Brazil,BRA,2008,20.525,73.714
Brazil,BRA,2009,19.49,73.842
Brazil,BRA,2010,18.608,73.923
Brazil,BRA,2011,17.859,74.015
Brazil,BRA,2012,17.239,74.282
Brazil,BRA,2013,16.726,74.422
Brazil,BRA,2014,16.306,74.636
Brazil,BRA,2015,15.963,74.711
Brazil,BRA,2016,16.771,74.562
Brazil,BRA,2017,15.427,74.989
Brazil,BRA,2018,15.217,75.319
Brazil,BRA,2019,15.03,75.478
Brazil,BRA,2020,14.874,74.114
Brazil,BRA,2021,14.724,72.388
Brazil,BRA,2022,14.588,
Brazil,BRA,2023,14.425,
Brazil,BRA,2024,14.217,
Barbados,BRB,1949,190.329,
Barbados,BRB,1950,184.048,
Barbados,BRB,1951,177.509,
Barbados,BRB,1952,170.07,
Barbados,BRB,1953,161.031,
Barbados,BRB,1954,150.01,
Barbados,BRB,1955,137.587,
Barbados,BRB,1956,124.639,
Barbados,BRB,1957,112.2,
Barbados,BRB,1958,101.171,
Barbados,BRB,1959,92.098,
Barbados,BRB,1960,84.735,
Barbados,BRB,1961,78.575,
Barbados,BRB,1962,73.258,
Barbados,BRB,1963,68.616,
Barbados,BRB,1964,64.534,
Barbados,BRB,1965,60.972,
Barbados,BRB,1966,57.917,
Barbados,BRB,1967,55.251,
Barbados,BRB,1968,52.796,
Barbados,BRB,1969,50.372,
Barbados,BRB,1970,47.945,
Barbados,BRB,1971,45.538,
Barbados,BRB,1972,43.161,
Barbados,BRB,1973,40.835,
Barbados,BRB,1974,38.595,
Barbados,BRB,1975,36.424,
Barbados,BRB,1976,34.307,
Barbados,BRB,1977,32.298,
Barbados,BRB,1978,30.37,
Barbados,BRB,1979,28.565,
Barbados,BRB,1980,26.936,
Barbados,BRB,1981,25.54,
Barbados,BRB,1982,24.394,
Barbados,BRB,1983,23.435,
Barbados,BRB,1984,22.628,
Barbados,BRB,1985,21.904,
Barbados,BRB,1986,21.195,
Barbados,BRB,1987,20.477,
Barbados,BRB,1988,19.727,
Barbados,BRB,1989,18.932,
Barbados,BRB,1990,18.13,
Barbados,BRB,1991,17.333,
Barbados,BRB,1992,16.58,
Barbados,BRB,1993,15.905,
Barbados,BRB,1994,15.334,
Barbados,BRB,1995,14.879,
Barbados,BRB,1996,14.541,
Barbados,BRB,1997,14.331,
Barbados,BRB,1998,14.236,
Barbados,BRB,1999,14.257,
Barbados,BRB,2000,14.358,74.605
Barbados,BRB,2001,14.522,75.058
Barbados,BRB,2002,14.689,74.858
Barbados,BRB,2003,14.828,74.551
Barbados,BRB,2004,14.886,74.615
Barbados,BRB,2005,14.843,74.963
Barbados,BRB,2006,14.718,75.056
Barbados,BRB,2007,14.525,75.244
Barbados,BRB,2008,14.301,75.509
Barbados,BRB,2009,14.08,75.905
Barbados,BRB,2010,13.868,75.957
Barbados,BRB,2011,13.666,76.024
Barbados,BRB,2012,13.491,76.23
Barbados,BRB,2013,13.279,76.241
Barbados,BRB,2014,13.051,76.243
Barbados,BRB,2015,12.759,76.29
Barbados,BRB,2016,12.449,76.325
Barbados,BRB,2017,12.126,76.336
Barbados,BRB,2018,11.779,76.283
Barbados,BRB,2019,11.441,76.04
Barbados,BRB,2020,11.082,76.949
Barbados,BRB,2021,10.742,76.842
Barbados,BRB,2022,10.412,
Barbados,BRB,2023,10.097,
Barbados,BRB,2024,9.764,
Brunei Darussalam,BRN,1945,289.958,
Brunei Darussalam,BRN,1946,269.74,
Brunei Darussalam,BRN,1947,250.797,
Brunei Darussalam,BRN,1948,233.205,
Brunei Darussalam,BRN,1949,216.425,
Brunei Darussalam,BRN,1950,200.707,
Brunei Darussalam,BRN,1951,185.919,
Brunei Darussalam,BRN,1952,171.816,
Brunei Darussalam,BRN,1953,158.465,
Brunei Darussalam,BRN,1954,145.888,
Brunei Darussalam,BRN,1955,134.082,
Brunei Darussalam,BRN,1956,123.289,
Brunei Darussalam,BRN,1957,113.421,
Brunei Darussalam,BRN,1958,104.362,
Brunei Darussalam,BRN,1959,96.207,
Brunei Darussalam,BRN,1960,88.876,
Brunei Darussalam,BRN,1961,82.388,
Brunei Darussalam,BRN,1962,76.586,
Brunei Darussalam,BRN,1963,71.482,
Brunei Darussalam,BRN,1964,67.067,
Brunei Darussalam,BRN,1965,63.215,
Brunei Darussalam,BRN,1966,59.898,
Brunei Darussalam,BRN,1967,56.952,
Brunei Darussalam,BRN,1968,54.283,
Brunei Darussalam,BRN,1969,51.698,
Brunei Darussalam,BRN,1970,49.115,
Brunei Darussalam,BRN,1971,46.402,
Brunei Darussalam,BRN,1972,43.593,
Brunei Darussalam,BRN,1973,40.657,
Brunei Darussalam,BRN,1974,37.751,
Brunei Darussalam,BRN,1975,34.855,
Brunei Darussalam,BRN,1976,32.085,
Brunei Darussalam,BRN,1977,29.463,
Brunei Darussalam,BRN,1978,27.034,
Brunei Darussalam,BRN,1979,24.803,
Brunei Darussalam,BRN,1980,22.774,
Brunei Darussalam,BRN,1981,20.944,
Brunei Darussalam,BRN,1982,19.332,
Brunei Darussalam,BRN,1983,17.907,
Brunei Darussalam,BRN,1984,16.683,
Brunei Darussalam,BRN,1985,15.66,
Brunei Darussalam,BRN,1986,14.83,
Brunei Darussalam,BRN,1987,14.187,
Brunei Darussalam,BRN,1988,13.747,
Brunei Darussalam,BRN,1989,13.468,
Brunei Darussalam,BRN,1990,13.303,
Brunei Darussalam,BRN,1991,13.215,
Brunei Darussalam,BRN,1992,13.113,
Brunei Darussalam,BRN,1993,12.932,
Brunei Darussalam,BRN,1994,12.655,
Brunei Darussalam,BRN,1995,12.295,
Brunei Darussalam,BRN,1996,11.875,
Brunei Darussalam,BRN,1997,11.431,
Brunei Darussalam,BRN,1998,11.013,
Brunei Darussalam,BRN,1999,10.631,
Brunei Darussalam,BRN,2000,10.305,75.505
Brunei Darussalam,BRN,2001,10.036,75.681
Brunei Darussalam,BRN,2002,9.829,75.905
Brunei Darussalam,BRN,2003,9.677,76.107
Brunei Darussalam,BRN,2004,9.582,76.298
Brunei Darussalam,BRN,2005,9.535,76.477
Brunei Darussalam,BRN,2006,9.528,76.585
Brunei Darussalam,BRN,2007,9.558,76.664
Brunei Darussalam,BRN,2008,9.632,76.718
Brunei Darussalam,BRN,2009,9.741,76.878
Brunei Darussalam,BRN,2010,9.883,76.971
Brunei Darussalam,BRN,2011,10.042,76.99
Brunei Darussalam,BRN,2012,10.225,76.897
Brunei Darussalam,BRN,2013,10.401,76.82
Brunei Darussalam,BRN,2014,10.558,76.658
Brunei Darussalam,BRN,2015,10.668,76.558
Brunei Darussalam,BRN,2016,10.718,76.418
Brunei Darussalam,BRN,2017,10.709,76.405
Brunei Darussalam,BRN,2018,10.641,76.408
Brunei Darussalam,BRN,2019,10.532,76.675
Brunei Darussalam,BRN,2020,10.397,76.764
Brunei Darussalam,BRN,2021,10.27,76.923
Brunei Darussalam,BRN,2022,10.152,
Brunei Darussalam,BRN,2023,10.052,
Brunei Darussalam,BRN,2024,9.944,
Bhutan,BTN,1968,275.702,
Bhutan,BTN,1969,269.093,
Bhutan,BTN,1970,262.693,
Bhutan,BTN,1971,256.542,
Bhutan,BTN,1972,249.931,
Bhutan,BTN,1973,243.521,
Bhutan,BTN,1974,237.194,
Bhutan,BTN,1975,230.377,
Bhutan,BTN,1976,223.763,
Bhutan,BTN,1977,216.8,
Bhutan,BTN,1978,209.953,
Bhutan,BTN,1979,202.75,
Bhutan,BTN,1980,195.259,
Bhutan,BTN,1981,187.635,
Bhutan,BTN,1982,180.328,
Bhutan,BTN,1983,173.412,
Bhutan,BTN,1984,166.344,
Bhutan,BTN,1985,159.542,
Bhutan,BTN,1986,152.754,
Bhutan,BTN,1987,146.202,
Bhutan,BTN,1988,139.817,
Bhutan,BTN,1989,133.777,
Bhutan,BTN,1990,127.95,
Bhutan,BTN,1991,122.44,
Bhutan,BTN,1992,117.175,
Bhutan,BTN,1993,112.089,
Bhutan,BTN,1994,107.04,
Bhutan,BTN,1995,101.972,
Bhutan,BTN,1996,96.921,
Bhutan,BTN,1997,91.975,
Bhutan,BTN,1998,87.074,
Bhutan,BTN,1999,82.226,
Bhutan,BTN,2000,77.666,65.99
Bhutan,BTN,2001,73.201,67.18
Bhutan,BTN,2002,68.847,67.846
Bhutan,BTN,2003,64.627,68.385
Bhutan,BTN,2004,60.563,68.885
Bhutan,BTN,2005,56.658,69.369
Bhutan,BTN,2006,52.931,69.956
Bhutan,BTN,2007,49.454,70.476
Bhutan,BTN,2008,46.232,70.909
Bhutan,BTN,2009,43.269,71.27
Bhutan,BTN,2010,40.517,71.727
Bhutan,BTN,2011,37.912,72.127
Bhutan,BTN,2012,35.498,72.455
Bhutan,BTN,2013,33.236,72.722
Bhutan,BTN,2014,31.151,72.914
Bhutan,BTN,2015,29.21,73.075
Bhutan,BTN,2016,27.433,73.284
Bhutan,BTN,2017,25.794,73.547
Bhutan,BTN,2018,24.196,73.753
Bhutan,BTN,2019,22.716,73.93
Bhutan,BTN,2020,21.315,74.451
Bhutan,BTN,2021,20.048,74.876
Bhutan,BTN,2022,18.963,
Bhutan,BTN,2023,17.988,
Bhutan,BTN,2024,17.166,
Botswana,BWA,1954,201.447,
Botswana,BWA,1955,195.206,
Botswana,BWA,1956,188.927,
Botswana,BWA,1957,183.431,
Botswana,BWA,1958,178.323,
Botswana,BWA,1959,172.776,
Botswana,BWA,1960,167.76,
Botswana,BWA,1961,162.7,
Botswana,BWA,1962,158.234,
Botswana,BWA,1963,153.876,
Botswana,BWA,1964,149.515,
Botswana,BWA,1965,145.545,
Botswana,BWA,1966,141.926,
Botswana,BWA,1967,138.06,
Botswana,BWA,1968,133.931,
Botswana,BWA,1969,129.692,
Botswana,BWA,1970,125.323,
Botswana,BWA,1971,120.658,
Botswana,BWA,1972,115.941,
Botswana,BWA,1973,111.081,
Botswana,BWA,1974,105.827,
Botswana,BWA,1975,100.378,
Botswana,BWA,1976,94.768,
Botswana,BWA,1977,88.922,
Botswana,BWA,1978,83.329,
Botswana,BWA,1979,78.118,
Botswana,BWA,1980,73.329,
Botswana,BWA,1981,69.041,
Botswana,BWA,1982,65.153,
Botswana,BWA,1983,61.909,
Botswana,BWA,1984,59.129,
Botswana,BWA,1985,56.59,
Botswana,BWA,1986,54.162,
Botswana,BWA,1987,52.088,
Botswana,BWA,1988,50.705,
Botswana,BWA,1989,50.487,
Botswana,BWA,1990,51.47,
Botswana,BWA,1991,53.606,
Botswana,BWA,1992,57.115,
Botswana,BWA,1993,61.462,
Botswana,BWA,1994,66.237,
Botswana,BWA,1995,66.402,
Botswana,BWA,1996,70.371,
Botswana,BWA,1997,73.439,
Botswana,BWA,1998,75.416,
Botswana,BWA,1999,78.513,
Botswana,BWA,2000,79.84,47.164
Botswana,BWA,2001,79.303,46.704
Botswana,BWA,2002,77.874,46.955
Botswana,BWA,2003,76.737,48.302
Botswana,BWA,2004,75.675,50.641
Botswana,BWA,2005,70.828,53.168
Botswana,BWA,2006,66.015,54.886
Botswana,BWA,2007,64.333,55.77
Botswana,BWA,2008,63.748,56.179
Botswana,BWA,2009,60.615,56.887
Botswana,BWA,2010,58.424,57.627
Botswana,BWA,2011,58.821,58.412
Botswana,BWA,2012,53.866,59.749
Botswana,BWA,2013,50.3,60.612
Botswana,BWA,2014,48.967,61.383
Botswana,BWA,2015,46.726,62.046
Botswana,BWA,2016,45.135,62.99
Botswana,BWA,2017,42.122,64.012
Botswana,BWA,2018,41.171,64.53
Botswana,BWA,2019,39.979,64.919
Botswana,BWA,2020,38.883,65.168
Botswana,BWA,2021,37.069,61.231
Botswana,BWA,2022,35.667,
Botswana,BWA,2023,34.571,
Botswana,BWA,2024,33.311,
Central African Republic,CAF,1959,290.594,
Central African Republic,CAF,1960,285.062,
Central African Republic,CAF,1961,279.536,
Central African Republic,CAF,1962,274.073,
Central African Republic,CAF,1963,268.526,
Central African Republic,CAF,1964,262.509,
Central African Republic,CAF,1965,256.69,
Central African Republic,CAF,1966,250.594,
Central African Republic,CAF,1967,244.563,
Central African Republic,CAF,1968,238.65,
Central African Republic,CAF,1969,233.167,
Central African Republic,CAF,1970,227.834,
Central African Republic,CAF,1971,222.822,
Central African Republic,CAF,1972,218.287,
Central African Republic,CAF,1973,214.029,
Central African Republic,CAF,1974,209.951,
Central African Republic,CAF,1975,206.185,
Central African Republic,CAF,1976,202.463,
Central African Republic,CAF,1977,198.895,
Central African Republic,CAF,1978,195.526,
Central African Republic,CAF,1979,192.405,
Central African Republic,CAF,1980,189.738,
Central African Republic,CAF,1981,187.284,
Central African Republic,CAF,1982,185.28,
Central African Republic,CAF,1983,183.641,
Central African Republic,CAF,1984,182.356,
Central African Republic,CAF,1985,181.365,
Central African Republic,CAF,1986,180.599,
Central African Republic,CAF,1987,180.007,
Central African Republic,CAF,1988,179.434,
Central African Republic,CAF,1989,179.044,
Central African Republic,CAF,1990,178.61,
Central African Republic,CAF,1991,178.097,
Central African Republic,CAF,1992,177.445,
Central African Republic,CAF,1993,176.714,
Central African Republic,CAF,1994,175.878,
Central African Republic,CAF,1995,175.002,
Central African Republic,CAF,1996,173.699,
Central African Republic,CAF,1997,172.1,
Central African Republic,CAF,1998,170.139,
Central African Republic,CAF,1999,167.984,
Central African Republic,CAF,2000,165.458,44.234
Central African Republic,CAF,2001,162.487,44.472
Central African Republic,CAF,2002,159.047,44.772
Central African Republic,CAF,2003,155.59,45.205
Central African Republic,CAF,2004,151.825,45.616
Central African Republic,CAF,2005,147.91,46.141
Central African Republic,CAF,2006,143.481,46.698
Central African Republic,CAF,2007,139.312,47.394
Central African Republic,CAF,2008,135.466,48.299
Central African Republic,CAF,2009,489.291,48.867
Central African Republic,CAF,2010,150.741,49.202
Central African Republic,CAF,2011,125.09,49.468
Central African Republic,CAF,2012,121.94,49.822
Central African Republic,CAF,2013,134.211,49.311
Central African Republic,CAF,2014,186.847,49.177
Central African Republic,CAF,2015,113.707,50.97
Central African Republic,CAF,2016,126.769,51.5
Central African Republic,CAF,2017,155.208,51.267
Central African Republic,CAF,2018,120.233,52.137
Central African Republic,CAF,2019,254.692,52.933
Central African Republic,CAF,2020,124.188,53.078
Central African Republic,CAF,2021,178.7,52.308
Central African Republic,CAF,2022,424.579,
Central African Republic,CAF,2023,92.606,
Central African Republic,CAF,2024,89.728,
Canada,CAN,1949,51.253,
Canada,CAN,1950,48.636,
Canada,CAN,1951,46.15,
Canada,CAN,1952,43.844,
Canada,CAN,1953,41.747,
Canada,CAN,1954,39.902,
Canada,CAN,1955,38.338,
Canada,CAN,1956,37.01,
Canada,CAN,1957,35.826,
Canada,CAN,1958,34.708,
Canada,CAN,1959,33.649,
Canada,CAN,1960,32.619,
Canada,CAN,1961,31.582,
Canada,CAN,1962,30.508,
Canada,CAN,1963,29.377,
Canada,CAN,1964,28.232,
Canada,CAN,1965,27.099,
Canada,CAN,1966,26.005,
Canada,CAN,1967,24.953,
Canada,CAN,1968,23.943,
Canada,CAN,1969,22.948,
Canada,CAN,1970,21.953,
Canada,CAN,1971,20.95,
Canada,CAN,1972,19.942,
Canada,CAN,1973,18.939,
Canada,CAN,1974,17.945,
Canada,CAN,1975,16.965,
Canada,CAN,1976,16.004,
Canada,CAN,1977,15.073,
Canada,CAN,1978,14.179,
Canada,CAN,1979,13.326,
Canada,CAN,1980,12.528,
Canada,CAN,1981,11.799,
Canada,CAN,1982,11.152,
Canada,CAN,1983,10.598,
Canada,CAN,1984,10.13,
Canada,CAN,1985,9.744,
Canada,CAN,1986,9.418,
Canada,CAN,1987,9.124,
Canada,CAN,1988,8.842,
Canada,CAN,1989,8.557,
Canada,CAN,1990,8.261,
Canada,CAN,1991,7.963,
Canada,CAN,1992,7.678,
Canada,CAN,1993,7.414,
Canada,CAN,1994,7.167,
Canada,CAN,1995,6.929,
Canada,CAN,1996,6.712,
Canada,CAN,1997,6.526,
Canada,CAN,1998,6.38,
Canada,CAN,1999,6.278,
Canada,CAN,2000,6.221,79.089
Canada,CAN,2001,6.196,79.311
Canada,CAN,2002,6.184,79.422
Canada,CAN,2003,6.171,79.58
Canada,CAN,2004,6.147,79.85
Canada,CAN,2005,6.103,79.951
Canada,CAN,2006,6.041,80.371
Canada,CAN,2007,5.967,80.382
Canada,CAN,2008,5.885,80.563
Canada,CAN,2009,5.804,80.883
Canada,CAN,2010,5.726,81.144
Canada,CAN,2011,5.65,81.402
Canada,CAN,2012,5.572,81.493
Canada,CAN,2013,5.494,81.558
Canada,CAN,2014,5.416,81.591
Canada,CAN,2015,5.343,81.649
Canada,CAN,2016,5.277,81.745
Canada,CAN,2017,5.225,81.71
Canada,CAN,2018,5.191,81.734
Canada,CAN,2019,5.18,82.022
Canada,CAN,2020,5.194,81.3
Canada,CAN,2021,5.234,81.583
Canada,CAN,2022,5.298,
Canada,CAN,2023,5.371,
Canada,CAN,2024,5.427,
Switzerland,CHE,1950,38.576,
Switzerland,CHE,1951,37.185,
Switzerland,CHE,1952,35.828,
Switzerland,CHE,1953,34.453,
Switzerland,CHE,1954,33.054,
Switzerland,CHE,1955,31.647,
Switzerland,CHE,1956,30.257,
Switzerland,CHE,1957,28.981,
Switzerland,CHE,1958,27.936,
Switzerland,CHE,1959,27.154,
Switzerland,CHE,1960,26.531,
Switzerland,CHE,1961,25.965,
Switzerland,CHE,1962,25.344,
Switzerland,CHE,1963,24.546,
Switzerland,CHE,1964,23.572,
Switzerland,CHE,1965,22.551,
Switzerland,CHE,1966,21.601,
Switzerland,CHE,1967,20.744,
Switzerland,CHE,1968,19.943,
Switzerland,CHE,1969,19.167,
Switzerland,CHE,1970,18.379,
Switzerland,CHE,1971,17.554,
Switzerland,CHE,1972,16.675,
Switzerland,CHE,1973,15.741,
Switzerland,CHE,1974,14.775,
Switzerland,CHE,1975,13.824,
Switzerland,CHE,1976,12.93,
Switzerland,CHE,1977,12.12,
Switzerland,CHE,1978,11.428,
Switzerland,CHE,1979,10.859,
Switzerland,CHE,1980,10.388,
Switzerland,CHE,1981,9.997,
Switzerland,CHE,1982,9.672,
Switzerland,CHE,1983,9.406,
Switzerland,CHE,1984,9.19,
Switzerland,CHE,1985,9.019,
Switzerland,CHE,1986,8.883,
Switzerland,CHE,1987,8.759,
Switzerland,CHE,1988,8.617,
Switzerland,CHE,1989,8.428,
Switzerland,CHE,1990,8.172,
Switzerland,CHE,1991,7.843,
Switzerland,CHE,1992,7.465,
Switzerland,CHE,1993,7.078,
Switzerland,CHE,1994,6.714,
Switzerland,CHE,1995,6.402,
Switzerland,CHE,1996,6.155,
Switzerland,CHE,1997,5.97,
Switzerland,CHE,1998,5.833,
Switzerland,CHE,1999,5.727,
Switzerland,CHE,2000,5.634,79.715
Switzerland,CHE,2001,5.535,80.1
Switzerland,CHE,2002,5.427,80.41
Switzerland,CHE,2003,5.31,80.404
Switzerland,CHE,2004,5.188,80.942
Switzerland,CHE,2005,5.065,81.115
Switzerland,CHE,2006,4.943,81.415
Switzerland,CHE,2007,4.831,81.598
Switzerland,CHE,2008,4.728,81.862
Switzerland,CHE,2009,4.639,81.89
Switzerland,CHE,2010,4.561,82.195
Switzerland,CHE,2011,4.497,82.369
Switzerland,CHE,2012,4.441,82.392
Switzerland,CHE,2013,4.389,82.475
Switzerland,CHE,2014,4.337,82.849
Switzerland,CHE,2015,4.278,82.59
Switzerland,CHE,2016,4.213,83.171
Switzerland,CHE,2017,4.147,83.14
Switzerland,CHE,2018,4.086,83.29
Switzerland,CHE,2019,4.038,83.48
Switzerland,CHE,2020,4.0,82.736
Switzerland,CHE,2021,3.966,83.328
Switzerland,CHE,2022,3.936,
Switzerland,CHE,2023,3.902,
Switzerland,CHE,2024,3.866,
Chile,CHL,1954,149.917,
Chile,CHL,1955,149.04,
Chile,CHL,1956,150.142,
Chile,CHL,1957,152.54,
Chile,CHL,1958,154.433,
Chile,CHL,1959,154.625,
Chile,CHL,1960,152.811,
Chile,CHL,1961,149.04,
Chile,CHL,1962,143.339,
Chile,CHL,1963,135.862,
Chile,CHL,1964,126.678,
Chile,CHL,1965,115.989,
Chile,CHL,1966,104.131,
Chile,CHL,1967,93.393,
Chile,CHL,1968,86.008,
Chile,CHL,1969,82.349,
Chile,CHL,1970,80.662,
Chile,CHL,1971,79.248,
Chile,CHL,1972,77.417,
Chile,CHL,1973,74.819,
Chile,CHL,1974,70.954,
Chile,CHL,1975,65.008,
Chile,CHL,1976,56.841,
Chile,CHL,1977,48.398,
Chile,CHL,1978,41.634,
Chile,CHL,1979,36.888,
Chile,CHL,1980,33.203,
Chile,CHL,1981,29.86,
Chile,CHL,1982,26.924,
Chile,CHL,1983,24.664,
Chile,CHL,1984,23.176,
Chile,CHL,1985,22.337,
Chile,CHL,1986,22.052,
Chile,CHL,1987,21.941,
Chile,CHL,1988,21.47,
Chile,CHL,1989,20.414,
Chile,CHL,1990,19.034,
Chile,CHL,1991,17.614,
Chile,CHL,1992,16.253,
Chile,CHL,1993,14.999,
Chile,CHL,1994,13.902,
Chile,CHL,1995,13.067,
Chile,CHL,1996,12.563,
Chile,CHL,1997,12.245,
Chile,CHL,1998,11.911,
Chile,CHL,1999,11.45,
Chile,CHL,2000,10.901,76.797
Chile,CHL,2001,10.331,76.757
Chile,CHL,2002,9.82,77.342
Chile,CHL,2003,9.449,77.446
Chile,CHL,2004,9.239,77.549
Chile,CHL,2005,9.117,78.005
Chile,CHL,2006,9.011,78.483
Chile,CHL,2007,8.915,78.485
Chile,CHL,2008,8.846,79.198
Chile,CHL,2009,8.798,79.005
Chile,CHL,2010,8.732,78.832
Chile,CHL,2011,8.612,79.552
Chile,CHL,2012,8.442,79.584
Chile,CHL,2013,8.252,79.826
Chile,CHL,2014,8.064,79.937
Chile,CHL,2015,7.894,80.125
Chile,CHL,2016,7.746,80.462
Chile,CHL,2017,7.574,80.659
Chile,CHL,2018,7.323,80.962
Chile,CHL,2019,7.004,81.028
Chile,CHL,2020,6.766,79.904
Chile,CHL,2021,6.729,79.024
Chile,CHL,2022,6.817,
Chile,CHL,2023,6.858,
Chile,CHL,2024,6.753,
China,CHN,1969,117.994,
China,CHN,1970,112.095,
China,CHN,1971,106.302,
China,CHN,1972,100.783,
China,CHN,1973,95.203,
China,CHN,1974,89.68,
China,CHN,1975,84.265,
China,CHN,1976,79.067,
China,CHN,1977,74.154,
China,CHN,1978,69.757,
China,CHN,1979,65.924,
China,CHN,1980,62.62,
China,CHN,1981,59.875,
China,CHN,1982,57.709,
China,CHN,1983,56.061,
China,CHN,1984,54.931,
China,CHN,1985,54.224,
China,CHN,1986,53.868,
China,CHN,1987,53.809,
China,CHN,1988,53.853,
China,CHN,1989,53.804,
China,CHN,1990,53.582,
China,CHN,1991,53.028,
China,CHN,1992,52.081,
China,CHN,1993,50.822,
China,CHN,1994,49.245,
China,CHN,1995,47.439,
China,CHN,1996,45.539,
China,CHN,1997,43.511,
China,CHN,1998,41.356,
China,CHN,1999,39.079,
China,CHN,2000,36.639,70.839
China,CHN,2001,34.071,71.134
China,CHN,2002,31.439,71.455
China,CHN,2003,28.833,71.688
China,CHN,2004,26.329,71.932
China,CHN,2005,24.016,72.443
China,CHN,2006,21.946,73.289
China,CHN,2007,20.118,73.839
China,CHN,2008,18.491,73.997
China,CHN,2009,17.051,74.387
China,CHN,2010,15.749,74.652
China,CHN,2011,14.562,75.035
China,CHN,2012,13.483,75.481
China,CHN,2013,12.478,75.84
China,CHN,2014,11.563,76.199
China,CHN,2015,10.724,76.51
China,CHN,2016,9.957,76.716
China,CHN,2017,9.253,76.946
China,CHN,2018,8.613,77.14
China,CHN,2019,8.033,77.313
China,CHN,2020,7.501,77.481
China,CHN,2021,7.01,77.616
China,CHN,2022,6.558,
China,CHN,2023,6.123,
China,CHN,2024,5.724,
Cote d'Ivoire,CIV,1955,361.963,
Cote d'Ivoire,CIV,1956,353.011,
Cote d'Ivoire,CIV,1957,344.497,
Cote d'Ivoire,CIV,1958,335.963,
Cote d'Ivoire,CIV,1959,327.583,
Cote d'Ivoire,CIV,1960,319.301,
Cote d'Ivoire,CIV,1961,311.206,
Cote d'Ivoire,CIV,1962,303.518,
Cote d'Ivoire,CIV,1963,295.796,
Cote d'Ivoire,CIV,1964,288.339,
Cote d'Ivoire,CIV,1965,281.085,
Cote d'Ivoire,CIV,1966,274.005,
Cote d'Ivoire,CIV,1967,266.938,
Cote d'Ivoire,CIV,1968,259.931,
Cote d'Ivoire,CIV,1969,252.776,
Cote d'Ivoire,CIV,1970,245.573,
Cote d'Ivoire,CIV,1971,238.052,
Cote d'Ivoire,CIV,1972,230.075,
Cote d'Ivoire,CIV,1973,221.76,
Cote d'Ivoire,CIV,1974,213.202,
Cote d'Ivoire,CIV,1975,204.501,
Cote d'Ivoire,CIV,1976,196.155,
Cote d'Ivoire,CIV,1977,188.352,
Cote d'Ivoire,CIV,1978,181.293,
Cote d'Ivoire,CIV,1979,175.13,
Cote d'Ivoire,CIV,1980,169.963,
Cote d'Ivoire,CIV,1981,165.472,
Cote d'Ivoire,CIV,1982,161.806,
Cote d'Ivoire,CIV,1983,158.818,
Cote d'Ivoire,CIV,1984,156.46,
Cote d'Ivoire,CIV,1985,154.745,
Cote d'Ivoire,CIV,1986,153.582,
Cote d'Ivoire,CIV,1987,152.934,
Cote d'Ivoire,CIV,1988,152.859,
Cote d'Ivoire,CIV,1989,153.195,
Cote d'Ivoire,CIV,1990,153.648,
Cote d'Ivoire,CIV,1991,154.05,
Cote d'Ivoire,CIV,1992,154.2,
Cote d'Ivoire,CIV,1993,154.067,
Cote d'Ivoire,CIV,1994,153.466,
Cote d'Ivoire,CIV,1995,152.434,
Cote d'Ivoire,CIV,1996,150.927,
Cote d'Ivoire,CIV,1997,148.906,
Cote d'Ivoire,CIV,1998,146.363,
Cote d'Ivoire,CIV,1999,143.588,
Cote d'Ivoire,CIV,2000,140.435,51.169
Cote d'Ivoire,CIV,2001,136.911,51.501
Cote d'Ivoire,CIV,2002,133.139,51.805
Cote d'Ivoire,CIV,2003,129.227,52.204
Cote d'Ivoire,CIV,2004,125.283,52.802
Cote d'Ivoire,CIV,2005,121.186,53.847
Cote d'Ivoire,CIV,2006,117.386,54.917
Cote d'Ivoire,CIV,2007,113.532,55.732
Cote d'Ivoire,CIV,2008,108.988,56.571
Cote d'Ivoire,CIV,2009,105.21,57.181
Cote d'Ivoire,CIV,2010,101.574,57.331
Cote d'Ivoire,CIV,2011,98.434,57.554
Cote d'Ivoire,CIV,2012,95.345,58.55
Cote d'Ivoire,CIV,2013,91.997,59.31
Cote d'Ivoire,CIV,2014,88.62,60.068
Cote d'Ivoire,CIV,2015,85.482,60.934
Cote d'Ivoire,CIV,2016,82.982,61.627
Cote d'Ivoire,CIV,2017,80.529,62.276
Cote d'Ivoire,CIV,2018,77.896,62.908
Cote d'Ivoire,CIV,2019,75.3,63.485
Cote d'Ivoire,CIV,2020,73.041,63.311
Cote d'Ivoire,CIV,2021,70.801,63.517
Cote d'Ivoire,CIV,2022,68.694,
Cote d'Ivoire,CIV,2023,66.543,
Cote d'Ivoire,CIV,2024,64.471,
Cameroon,CMR,1953,358.708,
Cameroon,CMR,1954,345.802,
Cameroon,CMR,1955,333.46,
Cameroon,CMR,1956,321.636,
Cameroon,CMR,1957,310.705,
Cameroon,CMR,1958,300.35,
Cameroon,CMR,1959,291.264,
Cameroon,CMR,1960,283.363,
Cameroon,CMR,1961,276.861,
Cameroon,CMR,1962,271.264,
Cameroon,CMR,1963,266.448,
Cameroon,CMR,1964,261.384,
Cameroon,CMR,1965,255.447,
Cameroon,CMR,1966,248.455,
Cameroon,CMR,1967,240.505,
Cameroon,CMR,1968,231.756,
Cameroon,CMR,1969,222.753,
Cameroon,CMR,1970,214.163,
Cameroon,CMR,1971,206.826,
Cameroon,CMR,1972,201.016,
Cameroon,CMR,1973,196.73,
Cameroon,CMR,1974,193.991,
Cameroon,CMR,1975,192.23,
Cameroon,CMR,1976,190.935,
Cameroon,CMR,1977,189.584,
Cameroon,CMR,1978,187.495,
Cameroon,CMR,1979,184.298,
Cameroon,CMR,1980,180.027,
Cameroon,CMR,1981,174.919,
Cameroon,CMR,1982,168.98,
Cameroon,CMR,1983,162.611,
Cameroon,CMR,1984,156.241,
Cameroon,CMR,1985,150.334,
Cameroon,CMR,1986,145.058,
Cameroon,CMR,1987,140.981,
Cameroon,CMR,1988,138.367,
Cameroon,CMR,1989,137.196,
Cameroon,CMR,1990,137.433,
Cameroon,CMR,1991,138.786,
Cameroon,CMR,1992,140.88,
Cameroon,CMR,1993,143.113,
Cameroon,CMR,1994,145.371,
Cameroon,CMR,1995,147.084,
Cameroon,CMR,1996,148.17,
Cameroon,CMR,1997,148.415,
Cameroon,CMR,1998,147.796,
Cameroon,CMR,1999,146.351,
Cameroon,CMR,2000,143.926,52.959
Cameroon,CMR,2001,141.001,52.899
Cameroon,CMR,2002,137.604,52.903
Cameroon,CMR,2003,134.281,53.059
Cameroon,CMR,2004,130.882,53.566
Cameroon,CMR,2005,127.615,54.127
Cameroon,CMR,2006,124.197,54.528
Cameroon,CMR,2007,120.844,55.004
Cameroon,CMR,2008,117.211,55.694
Cameroon,CMR,2009,113.708,56.268
Cameroon,CMR,2010,109.453,56.785
Cameroon,CMR,2011,105.164,57.257
Cameroon,CMR,2012,100.79,57.774
Cameroon,CMR,2013,96.457,58.16
Cameroon,CMR,2014,92.359,58.436
Cameroon,CMR,2015,88.5,58.984
Cameroon,CMR,2016,85.08,59.791
Cameroon,CMR,2017,81.87,60.643
Cameroon,CMR,2018,78.925,61.387
Cameroon,CMR,2019,76.622,62.026
Cameroon,CMR,2020,74.354,62.181
Cameroon,CMR,2021,71.922,61.769
Cameroon,CMR,2022,69.426,
Cameroon,CMR,2023,66.976,
Cameroon,CMR,2024,64.838,
Democratic Republic of the Congo,COD,1969,247.84,
Democratic Republic of the Congo,COD,1970,244.759,
Democratic Republic of the Congo,COD,1971,241.367,
Democratic Republic of the Congo,COD,1972,237.677,
Democratic Republic of the Congo,COD,1973,233.795,
Democratic Republic of the Congo,COD,1974,229.806,
Democratic Republic of the Congo,COD,1975,225.976,
Democratic Republic of the Congo,COD,1976,221.994,
Democratic Republic of the Congo,COD,1977,218.165,
Democratic Republic of the Congo,COD,1978,213.943,
Democratic Republic of the Congo,COD,1979,210.159,
Democratic Republic of the Congo,COD,1980,206.622,
Democratic Republic of the Congo,COD,1981,203.196,
Democratic Republic of the Congo,COD,1982,199.952,
Democratic Republic of the Congo,COD,1983,196.944,
Democratic Republic of the Congo,COD,1984,194.34,
Democratic Republic of the Congo,COD,1985,191.759,
Democratic Republic of the Congo,COD,1986,189.427,
Democratic Republic of the Congo,COD,1987,187.098,
Democratic Republic of the Congo,COD,1988,184.768,
Democratic Republic of the Congo,COD,1989,182.38,
Democratic Republic of the Congo,COD,1990,179.953,
Democratic Republic of the Congo,COD,1991,177.657,
Democratic Republic of the Congo,COD,1992,175.387,
Democratic Republic of the Congo,COD,1993,173.388,
Democratic Republic of the Congo,COD,1994,171.439,
Democratic Republic of the Congo,COD,1995,169.435,
Democratic Republic of the Congo,COD,1996,210.447,
Democratic Republic of the Congo,COD,1997,206.813,
Democratic Republic of the Congo,COD,1998,195.55,
Democratic Republic of the Congo,COD,1999,190.358,
Democratic Republic of the Congo,COD,2000,184.571,52.644
Democratic Republic of the Congo,COD,2001,178.45,52.997
Democratic Republic of the Congo,COD,2002,172.189,53.254
Democratic Republic of the Congo,COD,2003,165.872,53.694
Democratic Republic of the Congo,COD,2004,159.438,54.344
Democratic Republic of the Congo,COD,2005,124.395,54.942
Democratic Republic of the Congo,COD,2006,118.908,55.485
Democratic Republic of the Congo,COD,2007,113.792,55.978
Democratic Republic of the Congo,COD,2008,109.153,56.322
Democratic Republic of the Congo,COD,2009,104.953,56.809
Democratic Republic of the Congo,COD,2010,101.387,57.399
Democratic Republic of the Congo,COD,2011,98.343,57.888
Democratic Republic of the Congo,COD,2012,95.916,58.34
Democratic Republic of the Congo,COD,2013,94.061,58.895
Democratic Republic of the Congo,COD,2014,92.732,59.461
Democratic Republic of the Congo,COD,2015,91.923,59.962
Democratic Republic of the Congo,COD,2016,91.518,60.436
Democratic Republic of the Congo,COD,2017,91.455,60.841
Democratic Republic of the Congo,COD,2018,91.712,61.432
Democratic Republic of the Congo,COD,2019,92.232,61.839
Democratic Republic of the Congo,COD,2020,92.734,62.036
Democratic Republic of the Congo,COD,2021,92.913,61.626
Democratic Republic of the Congo,COD,2022,92.483,
Democratic Republic of the Congo,COD,2023,91.314,
Democratic Republic of the Congo,COD,2024,89.678,
Congo,COG,1944,317.403,
Congo,COG,1945,310.32,
Congo,COG,1946,304.228,
Congo,COG,1947,297.447,
Congo,COG,1948,291.085,
Congo,COG,1949,284.352,
Congo,COG,1950,277.301,
Congo,COG,1951,270.052,
Congo,COG,1952,262.799,
Congo,COG,1953,254.673,
Congo,COG,1954,246.224,
Congo,COG,1955,237.4,
Congo,COG,1956,228.251,
Congo,COG,1957,219.091,
Congo,COG,1958,210.034,
Congo,COG,1959,201.491,
Congo,COG,1960,193.477,
Congo,COG,1961,186.198,
Congo,COG,1962,179.153,
Congo,COG,1963,172.7,
Congo,COG,1964,166.502,
Congo,COG,1965,160.777,
Congo,COG,1966,155.352,
Congo,COG,1967,150.123,
Congo,COG,1968,145.261,
Congo,COG,1969,140.875,
Congo,COG,1970,136.63,
Congo,COG,1971,133.03,
Congo,COG,1972,129.671,
Congo,COG,1973,126.51,
Congo,COG,1974,123.266,
Congo,COG,1975,120.376,
Congo,COG,1976,117.629,
Congo,COG,1977,114.744,
Congo,COG,1978,112.159,
Congo,COG,1979,109.609,
Congo,COG,1980,106.999,
Congo,COG,1981,104.415,
Congo,COG,1982,101.954,
Congo,COG,1983,99.318,
Congo,COG,1984,96.699,
Congo,COG,1985,94.549,
Congo,COG,1986,92.752,
Congo,COG,1987,91.44,
Congo,COG,1988,90.615,
Congo,COG,1989,90.707,
Congo,COG,1990,91.546,
Congo,COG,1991,93.088,
Congo,COG,1992,95.257,
Congo,COG,1993,97.93,
Congo,COG,1994,101.145,
Congo,COG,1995,104.494,
Congo,COG,1996,107.966,
Congo,COG,1997,110.968,
Congo,COG,1998,113.204,
Congo,COG,1999,113.703,
Congo,COG,2000,112.465,52.218
Congo,COG,2001,109.342,53.111
Congo,COG,2002,104.624,53.806
Congo,COG,2003,98.913,54.501
Congo,COG,2004,92.319,55.405
Congo,COG,2005,85.73,56.511
Congo,COG,2006,79.501,57.531
Congo,COG,2007,73.938,58.26
Congo,COG,2008,69.153,59.222
Congo,COG,2009,65.337,60.089
Congo,COG,2010,62.377,60.605
Congo,COG,2011,59.955,61.131
Congo,COG,2012,57.929,61.219
Congo,COG,2013,56.185,61.428
Congo,COG,2014,54.471,61.64
Congo,COG,2015,52.685,62.055
Congo,COG,2016,50.973,62.566
Congo,COG,2017,49.283,62.843
Congo,COG,2018,47.588,63.06
Congo,COG,2019,52.245,62.758
Congo,COG,2020,44.507,63.359
Congo,COG,2021,42.982,63.173
Congo,COG,2022,41.539,
Congo,COG,2023,40.296,
Congo,COG,2024,39.112,
Cook Islands,COK,1951,192.755,
Cook Islands,COK,1952,181.756,
Cook Islands,COK,1953,171.641,
Cook Islands,COK,1954,161.802,
Cook Islands,COK,1955,152.596,
Cook Islands,COK,1956,143.666,
Cook Islands,COK,1957,134.834,
Cook Islands,COK,1958,126.076,
Cook Islands,COK,1959,117.654,
Cook Islands,COK,1960,109.404,
Cook Islands,COK,1961,101.482,
Cook Islands,COK,1962,93.9,
Cook Islands,COK,1963,86.817,
Cook Islands,COK,1964,80.173,
Cook Islands,COK,1965,73.877,
Cook Islands,COK,1966,67.933,
Cook Islands,COK,1967,62.444,
Cook Islands,COK,1968,57.477,
Cook Islands,COK,1969,52.993,
Cook Islands,COK,1970,48.885,
Cook Islands,COK,1971,45.347,
Cook Islands,COK,1972,42.288,
Cook Islands,COK,1973,39.632,
Cook Islands,COK,1974,37.444,
Cook Islands,COK,1975,35.659,
Cook Islands,COK,1976,34.103,
Cook Islands,COK,1977,32.719,
Cook Islands,COK,1978,31.46,
Cook Islands,COK,1979,30.291,
Cook Islands,COK,1980,29.193,
Cook Islands,COK,1981,28.196,
Cook Islands,COK,1982,27.293,
Cook Islands,COK,1983,26.475,
Cook Islands,COK,1984,25.765,
Cook Islands,COK,1985,25.128,
Cook Islands,COK,1986,24.617,
Cook Islands,COK,1987,24.25,
Cook Islands,COK,1988,24.005,
Cook Islands,COK,1989,23.854,
Cook Islands,COK,1990,23.769,
Cook Islands,COK,1991,23.724,
Cook Islands,COK,1992,23.639,
Cook Islands,COK,1993,23.487,
Cook Islands,COK,1994,23.183,
Cook Islands,COK,1995,22.7,
Cook Islands,COK,1996,22.047,
Cook Islands,COK,1997,21.224,
Cook Islands,COK,1998,20.332,
Cook Islands,COK,1999,19.473,
Cook Islands,COK,2000,18.663,
Cook Islands,COK,2001,17.901,
Cook Islands,COK,2002,17.18,
Cook Islands,COK,2003,16.495,
Cook Islands,COK,2004,15.811,
Cook Islands,COK,2005,15.138,
Cook Islands,COK,2006,14.495,
Cook Islands,COK,2007,13.908,
Cook Islands,COK,2008,13.419,
Cook Islands,COK,2009,13.047,
Cook Islands,COK,2010,12.816,
Cook Islands,COK,2011,12.723,
Cook Islands,COK,2012,12.769,
Cook Islands,COK,2013,12.914,
Cook Islands,COK,2014,13.135,
Cook Islands,COK,2015,13.404,
Cook Islands,COK,2016,13.681,
Cook Islands,COK,2017,13.962,
Cook Islands,COK,2018,14.198,
Cook Islands,COK,2019,14.325,
Cook Islands,COK,2020,14.303,
Cook Islands,COK,2021,14.155,
Cook Islands,COK,2022,13.918,
Cook Islands,COK,2023,13.649,
Cook Islands,COK,2024,13.341,
Colombia,COL,1952,178.183,
Colombia,COL,1953,172.193,
Colombia,COL,1954,166.603,
Colombia,COL,1955,161.163,
Colombia,COL,1956,155.715,
Colombia,COL,1957,150.463,
Colombia,COL,1958,145.414,
Colombia,COL,1959,140.547,
Colombia,COL,1960,135.843,
Colombia,COL,1961,131.358,
Colombia,COL,1962,127.001,
Colombia,COL,1963,122.912,
Colombia,COL,1964,119.102,
Colombia,COL,1965,115.518,
Colombia,COL,1966,111.918,
Colombia,COL,1967,108.347,
Colombia,COL,1968,104.859,
Colombia,COL,1969,101.297,
Colombia,COL,1970,97.725,
Colombia,COL,1971,94.081,
Colombia,COL,1972,90.314,
Colombia,COL,1973,86.496,
Colombia,COL,1974,82.522,
Colombia,COL,1975,78.468,
Colombia,COL,1976,74.374,
Colombia,COL,1977,70.272,
Colombia,COL,1978,66.263,
Colombia,COL,1979,62.389,
Colombia,COL,1980,58.717,
Colombia,COL,1981,55.26,
Colombia,COL,1982,52.055,
Colombia,COL,1983,49.115,
Colombia,COL,1984,46.441,
Colombia,COL,1985,49.295,
Colombia,COL,1986,41.957,
Colombia,COL,1987,40.125,
Colombia,COL,1988,38.523,
Colombia,COL,1989,37.094,
Colombia,COL,1990,35.779,
Colombia,COL,1991,34.536,
Colombia,COL,1992,33.337,
Colombia,COL,1993,32.175,
Colombia,COL,1994,31.024,
Colombia,COL,1995,29.892,
Colombia,COL,1996,28.802,
Colombia,COL,1997,27.772,
Colombia,COL,1998,26.796,
Colombia,COL,1999,25.872,
Colombia,COL,2000,25.02,72.539
Colombia,COL,2001,24.222,72.629
Colombia,COL,2002,23.455,72.831
Colombia,COL,2003,22.743,73.545
Colombia,COL,2004,22.051,73.983
Colombia,COL,2005,21.377,74.44
Colombia,COL,2006,20.724,74.697
Colombia,COL,2007,20.087,75.199
Colombia,COL,2008,19.454,75.409
Colombia,COL,2009,18.833,75.759
Colombia,COL,2010,18.215,75.961
Colombia,COL,2011,17.636,76.686
Colombia,COL,2012,17.064,76.945
Colombia,COL,2013,16.496,77.228
Colombia,COL,2014,15.956,77.366
Colombia,COL,2015,15.453,77.345
Colombia,COL,2016,14.96,77.577
Colombia,COL,2017,14.471,77.794
Colombia,COL,2018,14.006,77.824
Colombia,COL,2019,13.548,77.954
Colombia,COL,2020,13.122,76.175
Colombia,COL,2021,12.703,74.533
Colombia,COL,2022,12.299,
Colombia,COL,2023,11.91,
Colombia,COL,2024,11.541,
Comoros,COM,1970,232.124,
Comoros,COM,1971,225.931,
Comoros,COM,1972,219.969,
Comoros,COM,1973,214.31,
Comoros,COM,1974,208.408,
Comoros,COM,1975,202.658,
Comoros,COM,1976,196.817,
Comoros,COM,1977,191.033,
Comoros,COM,1978,185.186,
Comoros,COM,1979,179.287,
Comoros,COM,1980,173.45,
Comoros,COM,1981,167.584,
Comoros,COM,1982,161.793,
Comoros,COM,1983,156.136,
Comoros,COM,1984,150.606,
Comoros,COM,1985,145.155,
Comoros,COM,1986,139.989,
Comoros,COM,1987,134.934,
Comoros,COM,1988,130.038,
Comoros,COM,1989,125.237,
Comoros,COM,1990,120.473,
Comoros,COM,1991,115.755,
Comoros,COM,1992,111.111,
Comoros,COM,1993,106.51,
Comoros,COM,1994,102.051,
Comoros,COM,1995,97.759,
Comoros,COM,1996,93.735,
Comoros,COM,1997,90.015,
Comoros,COM,1998,86.44,
Comoros,COM,1999,83.036,
Comoros,COM,2000,79.866,62.037
Comoros,COM,2001,76.772,62.703
Comoros,COM,2002,73.789,63.121
Comoros,COM,2003,70.999,63.632
Comoros,COM,2004,68.33,63.975
Comoros,COM,2005,65.833,64.277
Comoros,COM,2006,63.418,64.551
Comoros,COM,2007,61.239,64.774
Comoros,COM,2008,59.207,65.336
Comoros,COM,2009,57.324,65.015
Comoros,COM,2010,55.559,65.966
Comoros,COM,2011,54.006,65.805
Comoros,COM,2012,52.547,66.397
Comoros,COM,2013,51.213,66.727
Comoros,COM,2014,50.025,67.071
Comoros,COM,2015,48.907,67.426
Comoros,COM,2016,47.851,67.702
Comoros,COM,2017,46.859,67.832
Comoros,COM,2018,45.85,68.196
Comoros,COM,2019,44.84,68.101
Comoros,COM,2020,43.722,68.307
Comoros,COM,2021,42.589,67.497
Comoros,COM,2022,41.371,
Comoros,COM,2023,40.186,
Comoros,COM,2024,38.973,
Cabo Verde,CPV,1945,237.623,
Cabo Verde,CPV,1946,231.569,
Cabo Verde,CPV,1947,225.529,
Cabo Verde,CPV,1948,219.889,
Cabo Verde,CPV,1949,214.339,
Cabo Verde,CPV,1950,209.049,
Cabo Verde,CPV,1951,204.003,
Cabo Verde,CPV,1952,199.417,
Cabo Verde,CPV,1953,195.079,
Cabo Verde,CPV,1954,190.799,
Cabo Verde,CPV,1955,187.043,
Cabo Verde,CPV,1956,183.699,
Cabo Verde,CPV,1957,180.451,
Cabo Verde,CPV,1958,177.476,
Cabo Verde,CPV,1959,174.566,
Cabo Verde,CPV,1960,171.442,
Cabo Verde,CPV,1961,168.118,
Cabo Verde,CPV,1962,164.781,
Cabo Verde,CPV,1963,161.639,
Cabo Verde,CPV,1964,157.891,
Cabo Verde,CPV,1965,153.583,
Cabo Verde,CPV,1966,149.122,
Cabo Verde,CPV,1967,144.187,
Cabo Verde,CPV,1968,138.79,
Cabo Verde,CPV,1969,132.932,
Cabo Verde,CPV,1970,126.685,
Cabo Verde,CPV,1971,120.482,
Cabo Verde,CPV,1972,114.1,
Cabo Verde,CPV,1973,107.788,
Cabo Verde,CPV,1974,101.65,
Cabo Verde,CPV,1975,95.874,
Cabo Verde,CPV,1976,90.759,
Cabo Verde,CPV,1977,86.24,
Cabo Verde,CPV,1978,82.657,
Cabo Verde,CPV,1979,79.963,
Cabo Verde,CPV,1980,78.118,
Cabo Verde,CPV,1981,77.075,
Cabo Verde,CPV,1982,76.455,
Cabo Verde,CPV,1983,75.792,
Cabo Verde,CPV,1984,74.579,
Cabo Verde,CPV,1985,72.548,
Cabo Verde,CPV,1986,69.556,
Cabo Verde,CPV,1987,65.865,
Cabo Verde,CPV,1988,62.1,
Cabo Verde,CPV,1989,58.822,
Cabo Verde,CPV,1990,56.374,
Cabo Verde,CPV,1991,54.955,
Cabo Verde,CPV,1992,54.552,
Cabo Verde,CPV,1993,54.583,
Cabo Verde,CPV,1994,54.468,
Cabo Verde,CPV,1995,53.671,
Cabo Verde,CPV,1996,51.687,
Cabo Verde,CPV,1997,48.408,
Cabo Verde,CPV,1998,44.348,
Cabo Verde,CPV,1999,40.015,
Cabo Verde,CPV,2000,36.01,71.698
Cabo Verde,CPV,2001,32.769,71.987
Cabo Verde,CPV,2002,30.474,72.185
Cabo Verde,CPV,2003,28.998,72.333
Cabo Verde,CPV,2004,28.247,72.44
Cabo Verde,CPV,2005,28.008,72.619
Cabo Verde,CPV,2006,28.019,73.41
Cabo Verde,CPV,2007,28.052,73.47
Cabo Verde,CPV,2008,27.925,73.93
Cabo Verde,CPV,2009,27.501,73.982
Cabo Verde,CPV,2010,26.738,74.232
Cabo Verde,CPV,2011,25.631,74.333
Cabo Verde,CPV,2012,24.23,74.464
Cabo Verde,CPV,2013,22.608,74.704
Cabo Verde,CPV,2014,20.871,74.869
Cabo Verde,CPV,2015,19.152,74.828
Cabo Verde,CPV,2016,17.575,74.863
Cabo Verde,CPV,2017,16.214,74.912
Cabo Verde,CPV,2018,15.058,73.858
Cabo Verde,CPV,2019,14.113,74.06
Cabo Verde,CPV,2020,13.325,73.667
Cabo Verde,CPV,2021,12.665,73.161
Cabo Verde,CPV,2022,12.099,
Cabo Verde,CPV,2023,11.597,
Cabo Verde,CPV,2024,11.139,
Costa Rica,CRI,1949,132.246,
Costa Rica,CRI,1950,131.266,
Costa Rica,CRI,1951,129.967,
Costa Rica,CRI,1952,128.664,
Costa Rica,CRI,1953,126.891,
Costa Rica,CRI,1954,124.556,
Costa Rica,CRI,1955,121.351,
Costa Rica,CRI,1956,117.024,
Costa Rica,CRI,1957,111.786,
Costa Rica,CRI,1958,106.087,
Costa Rica,CRI,1959,100.532,
Costa Rica,CRI,1960,96.15,
Costa Rica,CRI,1961,93.739,
Costa Rica,CRI,1962,92.794,
Costa Rica,CRI,1963,92.363,
Costa Rica,CRI,1964,91.613,
Costa Rica,CRI,1965,90.208,
Costa Rica,CRI,1966,87.851,
Costa Rica,CRI,1967,84.833,
Costa Rica,CRI,1968,81.662,
Costa Rica,CRI,1969,78.49,
Costa Rica,CRI,1970,74.77,
Costa Rica,CRI,1971,70.093,
Costa Rica,CRI,1972,64.496,
Costa Rica,CRI,1973,58.302,
Costa Rica,CRI,1974,51.818,
Costa Rica,CRI,1975,45.365,
Costa Rica,CRI,1976,39.221,
Costa Rica,CRI,1977,33.842,
Costa Rica,CRI,1978,29.574,
Costa Rica,CRI,1979,26.483,
Costa Rica,CRI,1980,24.449,
Costa Rica,CRI,1981,23.354,
Costa Rica,CRI,1982,22.896,
Costa Rica,CRI,1983,22.7,
Costa Rica,CRI,1984,22.472,
Costa Rica,CRI,1985,22.004,
Costa Rica,CRI,1986,21.157,
Costa Rica,CRI,1987,20.044,
Costa Rica,CRI,1988,18.88,
Costa Rica,CRI,1989,17.825,
Costa Rica,CRI,1990,16.932,
Costa Rica,CRI,1991,16.228,
Costa Rica,CRI,1992,15.71,
Costa Rica,CRI,1993,15.34,
Costa Rica,CRI,1994,15.089,
Costa Rica,CRI,1995,14.9,
Costa Rica,CRI,1996,14.714,
Costa Rica,CRI,1997,14.469,
Costa Rica,CRI,1998,14.106,
Costa Rica,CRI,1999,13.619,
Costa Rica,CRI,2000,13.088,78.166
Costa Rica,CRI,2001,12.589,78.072
Costa Rica,CRI,2002,12.158,78.857
Costa Rica,CRI,2003,11.805,78.708
Costa Rica,CRI,2004,11.538,78.678
Costa Rica,CRI,2005,11.345,79.722
Costa Rica,CRI,2006,11.201,79.364
Costa Rica,CRI,2007,11.074,80.231
Costa Rica,CRI,2008,10.928,80.294
Costa Rica,CRI,2009,10.732,80.61
Costa Rica,CRI,2010,10.483,79.514
Costa Rica,CRI,2011,10.175,80.263
Costa Rica,CRI,2012,9.842,80.423
Costa Rica,CRI,2013,9.515,80.598
Costa Rica,CRI,2014,9.227,80.48
Costa Rica,CRI,2015,9.015,80.574
Costa Rica,CRI,2016,8.899,80.11
Costa Rica,CRI,2017,8.885,80.195
Costa Rica,CRI,2018,8.96,80.289
Costa Rica,CRI,2019,9.115,80.301
Costa Rica,CRI,2020,9.33,79.993
Costa Rica,CRI,2021,9.584,78.631
Costa Rica,CRI,2022,9.864,
Costa Rica,CRI,2023,10.147,
Costa Rica,CRI,2024,10.407,
Cuba,CUB,1958,43.561,
Cuba,CUB,1959,43.836,
Cuba,CUB,1960,44.147,
Cuba,CUB,1961,44.39,
Cuba,CUB,1962,44.528,
Cuba,CUB,1963,44.475,
Cuba,CUB,1964,44.206,
Cuba,CUB,1965,43.705,
Cuba,CUB,1966,43.034,
Cuba,CUB,1967,42.113,
Cuba,CUB,1968,40.981,
Cuba,CUB,1969,39.649,
Cuba,CUB,1970,38.144,
Cuba,CUB,1971,36.518,
Cuba,CUB,1972,34.753,
Cuba,CUB,1973,32.923,
Cuba,CUB,1974,31.156,
Cuba,CUB,1975,29.426,
Cuba,CUB,1976,27.776,
Cuba,CUB,1977,26.195,
Cuba,CUB,1978,24.766,
Cuba,CUB,1979,23.42,
Cuba,CUB,1980,22.189,
Cuba,CUB,1981,21.064,
Cuba,CUB,1982,20.017,
Cuba,CUB,1983,19.055,
Cuba,CUB,1984,18.152,
Cuba,CUB,1985,17.296,
Cuba,CUB,1986,16.469,
Cuba,CUB,1987,15.658,
Cuba,CUB,1988,14.885,
Cuba,CUB,1989,14.147,
Cuba,CUB,1990,13.453,
Cuba,CUB,1991,12.813,
Cuba,CUB,1992,12.206,
Cuba,CUB,1993,11.641,
Cuba,CUB,1994,11.113,
Cuba,CUB,1995,10.618,
Cuba,CUB,1996,10.158,
Cuba,CUB,1997,9.731,
Cuba,CUB,1998,9.319,
Cuba,CUB,1999,8.935,
Cuba,CUB,2000,8.574,76.748
Cuba,CUB,2001,8.235,76.714
Cuba,CUB,2002,7.923,77.749
Cuba,CUB,2003,7.623,77.442
Cuba,CUB,2004,7.349,77.446
Cuba,CUB,2005,7.09,77.208
Cuba,CUB,2006,6.848,78.025
Cuba,CUB,2007,6.642,78.1
Cuba,CUB,2008,6.461,77.877
Cuba,CUB,2009,6.315,78.02
Cuba,CUB,2010,6.195,77.834
Cuba,CUB,2011,6.103,78.529
Cuba,CUB,2012,6.052,78.421
Cuba,CUB,2013,6.041,78.311
Cuba,CUB,2014,6.072,78.143
Cuba,CUB,2015,6.143,77.93
Cuba,CUB,2016,6.263,78.144
Cuba,CUB,2017,6.426,77.653
Cuba,CUB,2018,6.627,77.854
Cuba,CUB,2019,6.879,77.662
Cuba,CUB,2020,7.164,77.635
Cuba,CUB,2021,7.487,73.673
Cuba,CUB,2022,7.847,
Cuba,CUB,2023,8.213,
Cuba,CUB,2024,8.559,
Cyprus,CYP,1971,36.891,
Cyprus,CYP,1972,36.529,
Cyprus,CYP,1973,36.099,
Cyprus,CYP,1974,35.342,
Cyprus,CYP,1975,34.098,
Cyprus,CYP,1976,32.153,
Cyprus,CYP,1977,29.498,
Cyprus,CYP,1978,26.56,
Cyprus,CYP,1979,23.858,
Cyprus,CYP,1980,21.591,
Cyprus,CYP,1981,19.627,
Cyprus,CYP,1982,17.836,
Cyprus,CYP,1983,16.17,
Cyprus,CYP,1984,14.564,
Cyprus,CYP,1985,13.115,
Cyprus,CYP,1986,12.022,
Cyprus,CYP,1987,11.42,
Cyprus,CYP,1988,11.191,
Cyprus,CYP,1989,11.172,
Cyprus,CYP,1990,11.197,
Cyprus,CYP,1991,11.107,
Cyprus,CYP,1992,10.779,
Cyprus,CYP,1993,10.255,
Cyprus,CYP,1994,9.666,
Cyprus,CYP,1995,9.09,
Cyprus,CYP,1996,8.528,
Cyprus,CYP,1997,7.988,
Cyprus,CYP,1998,7.473,
Cyprus,CYP,1999,7.001,
Cyprus,CYP,2000,6.56,78.832
Cyprus,CYP,2001,6.16,78.867
Cyprus,CYP,2002,5.788,78.996
Cyprus,CYP,2003,5.437,79.112
Cyprus,CYP,2004,5.083,79.278
Cyprus,CYP,2005,4.734,79.537
Cyprus,CYP,2006,4.386,79.839
Cyprus,CYP,2007,4.06,80.213
Cyprus,CYP,2008,3.756,80.589
Cyprus,CYP,2009,3.48,80.923
Cyprus,CYP,2010,3.233,81.178
Cyprus,CYP,2011,3.013,81.388
Cyprus,CYP,2012,2.824,81.62
Cyprus,CYP,2013,2.67,81.85
Cyprus,CYP,2014,2.561,81.847
Cyprus,CYP,2015,2.504,81.801
Cyprus,CYP,2016,2.511,81.715
Cyprus,CYP,2017,2.594,81.87
Cyprus,CYP,2018,2.748,82.057
Cyprus,CYP,2019,2.973,82.177
Cyprus,CYP,2020,3.278,82.063
Cyprus,CYP,2021,3.656,81.913
Cyprus,CYP,2022,4.093,
Cyprus,CYP,2023,4.562,
Cyprus,CYP,2024,4.979,
Czechia,CZE,1949,84.97,
Czechia,CZE,1950,71.625,
Czechia,CZE,1951,60.444,
Czechia,CZE,1952,51.305,
Czechia,CZE,1953,44.084,
Czechia,CZE,1954,38.466,
Czechia,CZE,1955,34.127,
Czechia,CZE,1956,30.886,
Czechia,CZE,1957,28.5,
Czechia,CZE,1958,26.774,
Czechia,CZE,1959,25.566,
Czechia,CZE,1960,24.789,
Czechia,CZE,1961,24.356,
Czechia,CZE,1962,24.214,
Czechia,CZE,1963,24.27,
Czechia,CZE,1964,24.427,
Czechia,CZE,1965,24.604,
Czechia,CZE,1966,24.726,
Czechia,CZE,1967,24.768,
Czechia,CZE,1968,24.699,
Czechia,CZE,1969,24.534,
Czechia,CZE,1970,24.252,
Czechia,CZE,1971,23.893,
Czechia,CZE,1972,23.437,
Czechia,CZE,1973,22.896,
Czechia,CZE,1974,22.283,
Czechia,CZE,1975,21.595,
Czechia,CZE,1976,20.793,
Czechia,CZE,1977,19.897,
Czechia,CZE,1978,18.907,
Czechia,CZE,1979,17.889,
Czechia,CZE,1980,16.885,
Czechia,CZE,1981,15.959,
Czechia,CZE,1982,15.183,
Czechia,CZE,1983,14.664,
Czechia,CZE,1984,14.384,
Czechia,CZE,1985,14.16,
Czechia,CZE,1986,13.825,
Czechia,CZE,1987,13.394,
Czechia,CZE,1988,12.969,
Czechia,CZE,1989,12.579,
Czechia,CZE,1990,12.162,
Czechia,CZE,1991,11.655,
Czechia,CZE,1992,11.023,
Czechia,CZE,1993,10.255,
Czechia,CZE,1994,9.385,
Czechia,CZE,1995,8.5,
Czechia,CZE,1996,7.674,
Czechia,CZE,1997,6.946,
Czechia,CZE,1998,6.33,
Czechia,CZE,1999,5.834,
Czechia,CZE,2000,5.454,75.03
Czechia,CZE,2001,5.182,75.301
Czechia,CZE,2002,4.974,75.364
Czechia,CZE,2003,4.782,75.261
Czechia,CZE,2004,4.576,75.785
Czechia,CZE,2005,4.36,75.999
Czechia,CZE,2006,4.14,76.608
Czechia,CZE,2007,3.923,76.865
Czechia,CZE,2008,3.719,77.154
Czechia,CZE,2009,3.536,77.275
Czechia,CZE,2010,3.381,77.551
Czechia,CZE,2011,3.26,77.786
Czechia,CZE,2012,3.179,77.969
Czechia,CZE,2013,3.143,78.111
Czechia,CZE,2014,3.148,78.68
Czechia,CZE,2015,3.17,78.483
Czechia,CZE,2016,3.184,78.93
Czechia,CZE,2017,3.173,78.855
Czechia,CZE,2018,3.115,78.892
Czechia,CZE,2019,3.016,79.137
Czechia,CZE,2020,2.903,78.13
Czechia,CZE,2021,2.798,77.077
Czechia,CZE,2022,2.711,
Czechia,CZE,2023,2.644,
Czechia,CZE,2024,2.594,
Germany,DEU,1968,27.126,
Germany,DEU,1969,26.382,
Germany,DEU,1970,25.639,
Germany,DEU,1971,24.865,
Germany,DEU,1972,24.02,
Germany,DEU,1973,23.074,
Germany,DEU,1974,22.011,
Germany,DEU,1975,20.818,
Germany,DEU,1976,19.553,
Germany,DEU,1977,18.301,
Germany,DEU,1978,17.118,
Germany,DEU,1979,16.016,
Germany,DEU,1980,14.995,
Germany,DEU,1981,14.063,
Germany,DEU,1982,13.218,
Germany,DEU,1983,12.45,
Germany,DEU,1984,11.762,
Germany,DEU,1985,11.145,
Germany,DEU,1986,10.582,
Germany,DEU,1987,10.053,
Germany,DEU,1988,9.536,
Germany,DEU,1989,9.031,
Germany,DEU,1990,8.53,
Germany,DEU,1991,8.043,
Germany,DEU,1992,7.586,
Germany,DEU,1993,7.166,
Germany,DEU,1994,6.789,
Germany,DEU,1995,6.459,
Germany,DEU,1996,6.171,
Germany,DEU,1997,5.919,
Germany,DEU,1998,5.703,
Germany,DEU,1999,5.515,
Germany,DEU,2000,5.358,78.106
Germany,DEU,2001,5.22,78.443
Germany,DEU,2002,5.093,78.462
Germany,DEU,2003,4.973,78.456
Germany,DEU,2004,4.854,79.029
Germany,DEU,2005,4.732,79.208
Germany,DEU,2006,4.609,79.604
Germany,DEU,2007,4.488,79.791
Germany,DEU,2008,4.373,79.878
Germany,DEU,2009,4.268,79.994
Germany,DEU,2010,4.176,80.18
Germany,DEU,2011,4.097,80.463
Germany,DEU,2012,4.035,80.593
Germany,DEU,2013,3.988,80.289
Germany,DEU,2014,3.951,80.76
Germany,DEU,2015,3.919,80.426
Germany,DEU,2016,3.885,80.685
Germany,DEU,2017,3.844,80.751
Germany,DEU,2018,3.794,80.648
Germany,DEU,2019,3.746,80.974
Germany,DEU,2020,3.712,80.796
Germany,DEU,2021,3.695,80.491
Germany,DEU,2022,3.695,
Germany,DEU,2023,3.707,
Germany,DEU,2024,3.711,
Djibouti,DJI,1976,169.517,
Djibouti,DJI,1977,164.488,
Djibouti,DJI,1978,159.752,
Djibouti,DJI,1979,155.228,
Djibouti,DJI,1980,150.945,
Djibouti,DJI,1981,146.873,
Djibouti,DJI,1982,142.713,
Djibouti,DJI,1983,138.665,
Djibouti,DJI,1984,134.629,
Djibouti,DJI,1985,130.664,
Djibouti,DJI,1986,127.153,
Djibouti,DJI,1987,123.787,
Djibouti,DJI,1988,120.716,
Djibouti,DJI,1989,117.849,
Djibouti,DJI,1990,115.258,
Djibouti,DJI,1991,113.075,
Djibouti,DJI,1992,111.297,
Djibouti,DJI,1993,109.629,
Djibouti,DJI,1994,108.234,
Djibouti,DJI,1995,106.89,
Djibouti,DJI,1996,105.508,
Djibouti,DJI,1997,103.999,
Djibouti,DJI,1998,102.282,
Djibouti,DJI,1999,100.532,
Djibouti,DJI,2000,98.455,59.52
Djibouti,DJI,2001,96.3,59.485
Djibouti,DJI,2002,94.001,59.495
Djibouti,DJI,2003,91.622,59.653
Djibouti,DJI,2004,89.289,59.749
Djibouti,DJI,2005,86.899,60.093
Djibouti,DJI,2006,84.571,60.219
Djibouti,DJI,2007,82.272,60.992
Djibouti,DJI,2008,79.912,61.387
Djibouti,DJI,2009,77.659,61.715
Djibouti,DJI,2010,75.53,62.014
Djibouti,DJI,2011,73.423,62.336
Djibouti,DJI,2012,71.327,62.755
Djibouti,DJI,2013,69.205,63.139
Djibouti,DJI,2014,67.195,63.515
Djibouti,DJI,2015,65.163,63.877
Djibouti,DJI,2016,63.201,64.339
Djibouti,DJI,2017,61.175,64.73
Djibouti,DJI,2018,59.374,65.12
Djibouti,DJI,2019,57.493,65.439
Djibouti,DJI,2020,55.675,65.265
Djibouti,DJI,2021,54.007,64.872
Djibouti,DJI,2022,52.148,
Djibouti,DJI,2023,50.506,
Djibouti,DJI,2024,48.858,
Dominica,DMA,1960,136.398,
Dominica,DMA,1961,124.329,
Dominica,DMA,1962,113.255,
Dominica,DMA,1963,103.235,
Dominica,DMA,1964,94.14,
Dominica,DMA,1965,85.895,
Dominica,DMA,1966,78.396,
Dominica,DMA,1967,71.618,
Dominica,DMA,1968,65.459,
Dominica,DMA,1969,59.879,
Dominica,DMA,1970,54.817,
Dominica,DMA,1971,50.25,
Dominica,DMA,1972,46.127,
Dominica,DMA,1973,42.434,
Dominica,DMA,1974,39.138,
Dominica,DMA,1975,36.182,
Dominica,DMA,1976,33.557,
Dominica,DMA,1977,31.245,
Dominica,DMA,1978,29.204,
Dominica,DMA,1979,33.36,
Dominica,DMA,1980,25.847,
Dominica,DMA,1981,24.479,
Dominica,DMA,1982,23.287,
Dominica,DMA,1983,22.256,
Dominica,DMA,1984,21.376,
Dominica,DMA,1985,20.631,
Dominica,DMA,1986,20.01,
Dominica,DMA,1987,19.495,
Dominica,DMA,1988,19.083,
Dominica,DMA,1989,18.764,
Dominica,DMA,1990,18.524,
Dominica,DMA,1991,18.352,
Dominica,DMA,1992,18.248,
Dominica,DMA,1993,18.206,
Dominica,DMA,1994,18.221,
Dominica,DMA,1995,18.285,
Dominica,DMA,1996,18.403,
Dominica,DMA,1997,18.569,
Dominica,DMA,1998,18.789,
Dominica,DMA,1999,19.056,
Dominica,DMA,2000,19.371,
Dominica,DMA,2001,19.733,
Dominica,DMA,2002,20.14,
Dominica,DMA,2003,20.59,
Dominica,DMA,2004,21.075,
Dominica,DMA,2005,21.616,
Dominica,DMA,2006,22.187,
Dominica,DMA,2007,22.809,
Dominica,DMA,2008,23.471,
Dominica,DMA,2009,24.172,
Dominica,DMA,2010,24.931,
Dominica,DMA,2011,25.721,
Dominica,DMA,2012,26.548,
Dominica,DMA,2013,27.399,
Dominica,DMA,2014,28.288,
Dominica,DMA,2015,29.218,
Dominica,DMA,2016,30.175,
Dominica,DMA,2017,31.135,
Dominica,DMA,2018,32.064,
Dominica,DMA,2019,32.961,
Dominica,DMA,2020,33.751,
Dominica,DMA,2021,34.448,
Dominica,DMA,2022,35.011,
Dominica,DMA,2023,35.411,
Dominica,DMA,2024,35.658,
Denmark,DNK,1950,33.993,
Denmark,DNK,1951,33.374,
Denmark,DNK,1952,32.623,
Denmark,DNK,1953,31.669,
Denmark,DNK,1954,30.506,
Denmark,DNK,1955,29.262,
Denmark,DNK,1956,28.07,
Denmark,DNK,1957,27.006,
Denmark,DNK,1958,26.167,
Denmark,DNK,1959,25.547,
Denmark,DNK,1960,25.018,
Denmark,DNK,1961,24.451,
Denmark,DNK,1962,23.789,
Denmark,DNK,1963,23.018,
Denmark,DNK,1964,22.128,
Denmark,DNK,1965,21.13,
Denmark,DNK,1966,20.049,
Denmark,DNK,1967,18.995,
Denmark,DNK,1968,18.094,
Denmark,DNK,1969,17.361,
Denmark,DNK,1970,16.64,
Denmark,DNK,1971,15.794,
Denmark,DNK,1972,14.857,
Denmark,DNK,1973,13.928,
Denmark,DNK,1974,13.071,
Denmark,DNK,1975,12.307,
Denmark,DNK,1976,11.645,
Denmark,DNK,1977,11.084,
Denmark,DNK,1978,10.623,
Denmark,DNK,1979,10.255,
Denmark,DNK,1980,9.966,
Denmark,DNK,1981,9.747,
Denmark,DNK,1982,9.603,
Denmark,DNK,1983,9.549,
Denmark,DNK,1984,9.576,
Denmark,DNK,1985,9.645,
Denmark,DNK,1986,9.712,
Denmark,DNK,1987,9.725,
Denmark,DNK,1988,9.614,
Denmark,DNK,1989,9.35,
Denmark,DNK,1990,8.947,
Denmark,DNK,1991,8.429,
Denmark,DNK,1992,7.868,
Denmark,DNK,1993,7.345,
Denmark,DNK,1994,6.898,
Denmark,DNK,1995,6.535,
Denmark,DNK,1996,6.247,
Denmark,DNK,1997,6.028,
Denmark,DNK,1998,5.867,
Denmark,DNK,1999,5.748,
Denmark,DNK,2000,5.643,76.935
Denmark,DNK,2001,5.525,77.042
Denmark,DNK,2002,5.388,77.029
Denmark,DNK,2003,5.225,77.318
Denmark,DNK,2004,5.039,77.69
Denmark,DNK,2005,4.844,78.131
Denmark,DNK,2006,4.65,78.191
Denmark,DNK,2007,4.471,78.299
Denmark,DNK,2008,4.316,78.639
Denmark,DNK,2009,4.193,78.878
Denmark,DNK,2010,4.11,79.169
Denmark,DNK,2011,4.072,79.688
Denmark,DNK,2012,4.069,79.966
Denmark,DNK,2013,4.074,80.165
Denmark,DNK,2014,4.074,80.514
Denmark,DNK,2015,4.054,80.594
Denmark,DNK,2016,4.004,80.714
Denmark,DNK,2017,3.931,80.941
Denmark,DNK,2018,3.851,80.823
Denmark,DNK,2019,3.78,81.279
Denmark,DNK,2020,3.734,81.368
Denmark,DNK,2021,3.732,81.184
Denmark,DNK,2022,3.774,
Denmark,DNK,2023,3.856,
Denmark,DNK,2024,3.955,
Dominican Republic,DOM,1950,144.973,
Dominican Republic,DOM,1951,145.694,
Dominican Republic,DOM,1952,146.383,
Dominican Republic,DOM,1953,146.977,
Dominican Republic,DOM,1954,147.564,
Dominican Republic,DOM,1955,148.093,
Dominican Republic,DOM,1956,148.557,
Dominican Republic,DOM,1957,148.924,
Dominican Republic,DOM,1958,149.097,
Dominican Republic,DOM,1959,148.778,
Dominican Republic,DOM,1960,148.16,
Dominican Republic,DOM,1961,146.981,
Dominican Republic,DOM,1962,145.42,
Dominican Republic,DOM,1963,143.415,
Dominican Republic,DOM,1964,141.097,
Dominican Republic,DOM,1965,138.557,
Dominican Republic,DOM,1966,135.737,
Dominican Republic,DOM,1967,132.875,
Dominican Republic,DOM,1968,129.977,
Dominican Republic,DOM,1969,127.028,
Dominican Republic,DOM,1970,123.848,
Dominican Republic,DOM,1971,120.5,
Dominican Republic,DOM,1972,116.782,
Dominican Republic,DOM,1973,112.896,
Dominican Republic,DOM,1974,108.824,
Dominican Republic,DOM,1975,104.787,
Dominican Republic,DOM,1976,100.855,
Dominican Republic,DOM,1977,97.125,
Dominican Republic,DOM,1978,93.543,
Dominican Republic,DOM,1979,90.096,
Dominican Republic,DOM,1980,86.802,
Dominican Republic,DOM,1981,83.622,
Dominican Republic,DOM,1982,80.537,
Dominican Republic,DOM,1983,77.595,
Dominican Republic,DOM,1984,74.766,
Dominican Republic,DOM,1985,72.009,
Dominican Republic,DOM,1986,69.351,
Dominican Republic,DOM,1987,66.726,
Dominican Republic,DOM,1988,64.224,
Dominican Republic,DOM,1989,61.768,
Dominican Republic,DOM,1990,59.285,
Dominican Republic,DOM,1991,56.841,
Dominican Republic,DOM,1992,54.418,
Dominican Republic,DOM,1993,52.06,
Dominican Republic,DOM,1994,49.775,
Dominican Republic,DOM,1995,47.641,
Dominican Republic,DOM,1996,45.64,
Dominican Republic,DOM,1997,43.828,
Dominican Republic,DOM,1998,42.2,
Dominican Republic,DOM,1999,40.809,
Dominican Republic,DOM,2000,39.596,73.398
Dominican Republic,DOM,2001,38.585,73.598
Dominican Republic,DOM,2002,37.713,73.591
Dominican Republic,DOM,2003,37.04,73.23
Dominican Republic,DOM,2004,36.447,72.745
Dominican Republic,DOM,2005,35.991,72.8
Dominican Republic,DOM,2006,35.604,72.802
Dominican Republic,DOM,2007,35.324,72.981
Dominican Republic,DOM,2008,35.105,73.28
Dominican Republic,DOM,2009,34.948,73.545
Dominican Republic,DOM,2010,34.853,73.801
Dominican Republic,DOM,2011,34.768,74.029
Dominican Republic,DOM,2012,34.772,73.72
Dominican Republic,DOM,2013,34.812,73.279
Dominican Republic,DOM,2014,34.85,73.264
Dominican Republic,DOM,2015,34.883,73.295
Dominican Republic,DOM,2016,34.945,73.334
Dominican Republic,DOM,2017,34.917,73.411
Dominican Republic,DOM,2018,34.743,73.521
Dominican Republic,DOM,2019,34.353,73.913
Dominican Republic,DOM,2020,33.78,73.568
Dominican Republic,DOM,2021,33.039,73.321
Dominican Republic,DOM,2022,32.301,
Dominican Republic,DOM,2023,31.476,
Dominican Republic,DOM,2024,30.634,
Algeria,DZA,1954,243.138,
Algeria,DZA,1955,242.157,
Algeria,DZA,1956,241.306,
Algeria,DZA,1957,240.485,
Algeria,DZA,1958,239.78,
Algeria,DZA,1959,239.197,
Algeria,DZA,1960,239.236,
Algeria,DZA,1961,239.502,
Algeria,DZA,1962,240.005,
Algeria,DZA,1963,241.179,
Algeria,DZA,1964,242.293,
Algeria,DZA,1965,243.674,
Algeria,DZA,1966,244.757,
Algeria,DZA,1967,245.245,
Algeria,DZA,1968,244.975,
Algeria,DZA,1969,243.582,
Algeria,DZA,1970,240.531,
Algeria,DZA,1971,236.209,
Algeria,DZA,1972,230.634,
Algeria,DZA,1973,224.016,
Algeria,DZA,1974,216.542,
Algeria,DZA,1975,208.346,
Algeria,DZA,1976,199.522,
Algeria,DZA,1977,190.123,
Algeria,DZA,1978,180.121,
Algeria,DZA,1979,168.781,
Algeria,DZA,1980,155.573,
Algeria,DZA,1981,140.287,
Algeria,DZA,1982,123.065,
Algeria,DZA,1983,105.219,
Algeria,DZA,1984,89.122,
Algeria,DZA,1985,76.091,
Algeria,DZA,1986,66.299,
Algeria,DZA,1987,59.567,
Algeria,DZA,1988,55.392,
Algeria,DZA,1989,52.958,
Algeria,DZA,1990,51.568,
Algeria,DZA,1991,50.762,
Algeria,DZA,1992,50.192,
Algeria,DZA,1993,49.647,
Algeria,DZA,1994,48.971,
Algeria,DZA,1995,48.1,
Algeria,DZA,1996,47.033,
Algeria,DZA,1997,45.864,
Algeria,DZA,1998,44.564,
Algeria,DZA,1999,43.168,
Algeria,DZA,2000,41.694,72.468
Algeria,DZA,2001,40.165,72.772
Algeria,DZA,2002,38.591,73.088
Algeria,DZA,2003,37.002,73.274
Algeria,DZA,2004,35.43,73.763
Algeria,DZA,2005,33.927,74.079
Algeria,DZA,2006,32.52,74.346
Algeria,DZA,2007,31.231,74.592
Algeria,DZA,2008,30.06,74.839
Algeria,DZA,2009,29.015,75.06
Algeria,DZA,2010,28.09,75.287
Algeria,DZA,2011,27.283,75.449
Algeria,DZA,2012,26.566,75.639
Algeria,DZA,2013,25.948,75.791
Algeria,DZA,2014,25.402,75.934
Algeria,DZA,2015,24.91,76.069
Algeria,DZA,2016,24.456,76.278
Algeria,DZA,2017,24.035,76.404
Algeria,DZA,2018,23.653,76.436
Algeria,DZA,2019,23.282,76.548
Algeria,DZA,2020,22.921,74.02
Algeria,DZA,2021,22.599,75.978
Algeria,DZA,2022,22.284,
Algeria,DZA,2023,21.979,
Algeria,DZA,2024,21.64,
Ecuador,ECU,1955,208.001,
Ecuador,ECU,1956,201.49,
Ecuador,ECU,1957,194.472,
Ecuador,ECU,1958,187.828,
Ecuador,ECU,1959,181.733,
Ecuador,ECU,1960,176.13,
Ecuador,ECU,1961,170.564,
Ecuador,ECU,1962,165.457,
Ecuador,ECU,1963,160.715,
Ecuador,ECU,1964,156.273,
Ecuador,ECU,1965,152.223,
Ecuador,ECU,1966,148.623,
Ecuador,ECU,1967,145.409,
Ecuador,ECU,1968,142.521,
Ecuador,ECU,1969,139.647,
Ecuador,ECU,1970,136.542,
Ecuador,ECU,1971,133.059,
Ecuador,ECU,1972,129.179,
Ecuador,ECU,1973,124.591,
Ecuador,ECU,1974,119.706,
Ecuador,ECU,1975,114.504,
Ecuador,ECU,1976,109.354,
Ecuador,ECU,1977,104.442,
Ecuador,ECU,1978,99.798,
Ecuador,ECU,1979,95.365,
Ecuador,ECU,1980,90.936,
Ecuador,ECU,1981,86.474,
Ecuador,ECU,1982,82.076,
Ecuador,ECU,1983,77.693,
Ecuador,ECU,1984,73.368,
Ecuador,ECU,1985,69.394,
Ecuador,ECU,1986,65.73,
Ecuador,ECU,1987,62.389,
Ecuador,ECU,1988,59.321,
Ecuador,ECU,1989,56.455,
Ecuador,ECU,1990,53.695,
Ecuador,ECU,1991,51.057,
Ecuador,ECU,1992,48.412,
Ecuador,ECU,1993,45.835,
Ecuador,ECU,1994,43.205,
Ecuador,ECU,1995,40.547,
Ecuador,ECU,1996,37.987,
Ecuador,ECU,1997,35.564,
Ecuador,ECU,1998,33.32,
Ecuador,ECU,1999,31.341,
Ecuador,ECU,2000,29.55,72.588
Ecuador,ECU,2001,28.0,73.065
Ecuador,ECU,2002,26.648,73.167
Ecuador,ECU,2003,25.515,73.917
Ecuador,ECU,2004,24.493,73.966
Ecuador,ECU,2005,23.557,73.758
Ecuador,ECU,2006,22.676,73.974
Ecuador,ECU,2007,21.783,74.347
Ecuador,ECU,2008,20.885,74.407
Ecuador,ECU,2009,19.996,74.934
Ecuador,ECU,2010,19.116,75.147
Ecuador,ECU,2011,18.244,75.582
Ecuador,ECU,2012,17.401,75.808
Ecuador,ECU,2013,16.628,76.404
Ecuador,ECU,2014,15.933,76.897
Ecuador,ECU,2015,15.341,77.153
Ecuador,ECU,2016,14.844,77.18
Ecuador,ECU,2017,14.429,77.313
Ecuador,ECU,2018,14.085,77.469
Ecuador,ECU,2019,13.805,77.752
Ecuador,ECU,2020,13.567,72.711
Ecuador,ECU,2021,13.364,73.958
Ecuador,ECU,2022,13.195,
Ecuador,ECU,2023,13.046,
Ecuador,ECU,2024,12.884,
Egypt,EGY,1955,374.044,
Egypt,EGY,1956,364.06,
Egypt,EGY,1957,354.33,
Egypt,EGY,1958,344.405,
Egypt,EGY,1959,334.704,
Egypt,EGY,1960,324.375,
Egypt,EGY,1961,313.987,
Egypt,EGY,1962,303.421,
Egypt,EGY,1963,293.242,
Egypt,EGY,1964,283.854,
Egypt,EGY,1965,275.575,
Egypt,EGY,1966,268.442,
Egypt,EGY,1967,262.534,
Egypt,EGY,1968,257.723,
Egypt,EGY,1969,253.658,
Egypt,EGY,1970,249.953,
Egypt,EGY,1971,246.085,
Egypt,EGY,1972,241.481,
Egypt,EGY,1973,235.68,
Egypt,EGY,1974,228.206,
Egypt,EGY,1975,219.389,
Egypt,EGY,1976,209.737,
Egypt,EGY,1977,199.707,
Egypt,EGY,1978,189.529,
Egypt,EGY,1979,179.668,
Egypt,EGY,1980,169.836,
Egypt,EGY,1981,159.996,
Egypt,EGY,1982,149.939,
Egypt,EGY,1983,139.763,
Egypt,EGY,1984,129.464,
Egypt,EGY,1985,119.621,
Egypt,EGY,1986,110.685,
Egypt,EGY,1987,102.896,
Egypt,EGY,1988,96.251,
Egypt,EGY,1989,90.708,
Egypt,EGY,1990,85.996,
Egypt,EGY,1991,81.657,
Egypt,EGY,1992,77.451,
Egypt,EGY,1993,73.273,
Egypt,EGY,1994,69.015,
Egypt,EGY,1995,64.795,
Egypt,EGY,1996,60.705,
Egypt,EGY,1997,56.902,
Egypt,EGY,1998,53.388,
Egypt,EGY,1999,50.188,
Egypt,EGY,2000,47.319,69.149
Egypt,EGY,2001,44.766,68.845
Egypt,EGY,2002,42.477,68.853
Egypt,EGY,2003,40.441,68.784
Egypt,EGY,2004,38.649,69.182
Egypt,EGY,2005,37.043,69.523
Egypt,EGY,2006,35.554,69.568
Egypt,EGY,2007,34.161,69.748
Egypt,EGY,2008,32.829,69.771
Egypt,EGY,2009,31.612,69.789
Egypt,EGY,2010,30.468,69.834
Egypt,EGY,2011,29.464,70.084
Egypt,EGY,2012,28.561,69.83
Egypt,EGY,2013,27.793,70.472
Egypt,EGY,2014,27.105,70.463
Egypt,EGY,2015,26.501,70.056
Egypt,EGY,2016,25.996,70.702
Egypt,EGY,2017,25.557,71.251
Egypt,EGY,2018,25.169,71.358
Egypt,EGY,2019,24.816,71.59
Egypt,EGY,2020,24.431,70.121
Egypt,EGY,2021,23.991,69.108
Egypt,EGY,2022,23.452,
Egypt,EGY,2023,22.93,
Egypt,EGY,2024,22.374,
Eritrea,ERI,1974,220.472,
Eritrea,ERI,1975,254.591,
Eritrea,ERI,1976,210.327,
Eritrea,ERI,1977,205.979,
Eritrea,ERI,1978,201.917,
Eritrea,ERI,1979,198.639,
Eritrea,ERI,1980,195.441,
Eritrea,ERI,1981,192.491,
Eritrea,ERI,1982,189.44,
Eritrea,ERI,1983,283.967,
Eritrea,ERI,1984,279.373,
Eritrea,ERI,1985,274.204,
Eritrea,ERI,1986,175.413,
Eritrea,ERI,1987,170.875,
Eritrea,ERI,1988,165.739,
Eritrea,ERI,1989,159.961,
Eritrea,ERI,1990,153.435,
Eritrea,ERI,1991,146.298,
Eritrea,ERI,1992,138.598,
Eritrea,ERI,1993,130.497,
Eritrea,ERI,1994,122.392,
Eritrea,ERI,1995,114.527,
Eritrea,ERI,1996,107.296,
Eritrea,ERI,1997,100.78,
Eritrea,ERI,1998,95.008,
Eritrea,ERI,1999,110.216,
Eritrea,ERI,2000,85.278,54.934
Eritrea,ERI,2001,81.1,56.201
Eritrea,ERI,2002,77.319,56.757
Eritrea,ERI,2003,73.782,57.228
Eritrea,ERI,2004,70.534,57.69
Eritrea,ERI,2005,67.496,58.136
Eritrea,ERI,2006,64.681,58.758
Eritrea,ERI,2007,62.036,59.291
Eritrea,ERI,2008,59.611,59.618
Eritrea,ERI,2009,57.317,60.065
Eritrea,ERI,2010,55.226,60.443
Eritrea,ERI,2011,53.274,60.907
Eritrea,ERI,2012,51.447,61.351
Eritrea,ERI,2013,49.683,61.716
Eritrea,ERI,2014,48.061,62.187
Eritrea,ERI,2015,46.372,62.518
Eritrea,ERI,2016,44.733,62.877
Eritrea,ERI,2017,43.323,63.171
Eritrea,ERI,2018,41.896,63.472
Eritrea,ERI,2019,40.503,63.764
Eritrea,ERI,2020,39.115,63.82
Eritrea,ERI,2021,37.823,63.573
Eritrea,ERI,2022,36.586,
Eritrea,ERI,2023,35.412,
Eritrea,ERI,2024,34.297,
Spain,ESP,1949,116.584,
Spain,ESP,1950,103.393,
Spain,ESP,1951,92.272,
Spain,ESP,1952,83.479,
Spain,ESP,1953,76.786,
Spain,ESP,1954,71.768,
Spain,ESP,1955,67.982,
Spain,ESP,1956,65.001,
Spain,ESP,1957,62.381,
Spain,ESP,1958,59.841,
Spain,ESP,1959,57.295,
Spain,ESP,1960,54.672,
Spain,ESP,1961,52.009,
Spain,ESP,1962,49.385,
Spain,ESP,1963,46.867,
Spain,ESP,1964,44.504,
Spain,ESP,1965,42.338,
Spain,ESP,1966,40.279,
Spain,ESP,1967,38.244,
Spain,ESP,1968,36.129,
Spain,ESP,1969,33.924,
Spain,ESP,1970,31.631,
Spain,ESP,1971,29.334,
Spain,ESP,1972,27.163,
Spain,ESP,1973,25.166,
Spain,ESP,1974,23.351,
Spain,ESP,1975,21.699,
Spain,ESP,1976,20.163,
Spain,ESP,1977,18.716,
Spain,ESP,1978,17.335,
Spain,ESP,1979,16.05,
Spain,ESP,1980,14.879,
Spain,ESP,1981,13.848,
Spain,ESP,1982,12.971,
Spain,ESP,1983,12.25,
Spain,ESP,1984,11.651,
Spain,ESP,1985,11.145,
Spain,ESP,1986,10.703,
Spain,ESP,1987,10.299,
Spain,ESP,1988,9.914,
Spain,ESP,1989,9.538,
Spain,ESP,1990,9.161,
Spain,ESP,1991,8.762,
Spain,ESP,1992,8.327,
Spain,ESP,1993,7.853,
Spain,ESP,1994,7.367,
Spain,ESP,1995,6.904,
Spain,ESP,1996,6.483,
Spain,ESP,1997,6.126,
Spain,ESP,1998,5.839,
Spain,ESP,1999,5.61,
Spain,ESP,2000,5.428,79.09
Spain,ESP,2001,5.278,79.395
Spain,ESP,2002,5.144,79.488
Spain,ESP,2003,5.014,79.414
Spain,ESP,2004,4.875,79.996
Spain,ESP,2005,4.718,80.01
Spain,ESP,2006,4.544,80.672
Spain,ESP,2007,4.364,80.676
Spain,ESP,2008,4.183,80.973
Spain,ESP,2009,4.009,81.329
Spain,ESP,2010,3.845,81.693
Spain,ESP,2011,3.697,81.813
Spain,ESP,2012,3.567,81.96
Spain,ESP,2013,3.458,82.479
Spain,ESP,2014,3.372,82.584
Spain,ESP,2015,3.309,82.329
Spain,ESP,2016,3.265,82.731
Spain,ESP,2017,3.231,82.676
Spain,ESP,2018,3.202,82.768
Spain,ESP,2019,3.18,83.136
Spain,ESP,2020,3.165,81.925
Spain,ESP,2021,3.161,82.663
Spain,ESP,2022,3.168,
Spain,ESP,2023,3.184,
Spain,ESP,2024,3.193,
Estonia,EST,1958,39.544,
Estonia,EST,1959,37.224,
Estonia,EST,1960,35.037,
Estonia,EST,1961,32.978,
Estonia,EST,1962,31.059,
Estonia,EST,1963,29.305,
Estonia,EST,1964,27.724,
Estonia,EST,1965,26.326,
Estonia,EST,1966,25.101,
Estonia,EST,1967,24.092,
Estonia,EST,1968,23.267,
Estonia,EST,1969,22.63,
Estonia,EST,1970,22.17,
Estonia,EST,1971,21.856,
Estonia,EST,1972,21.681,
Estonia,EST,1973,21.614,
Estonia,EST,1974,21.649,
Estonia,EST,1975,21.735,
Estonia,EST,1976,21.828,
Estonia,EST,1977,21.902,
Estonia,EST,1978,21.903,
Estonia,EST,1979,21.786,
Estonia,EST,1980,21.559,
Estonia,EST,1981,21.199,
Estonia,EST,1982,20.735,
Estonia,EST,1983,20.206,
Estonia,EST,1984,19.677,
Estonia,EST,1985,19.169,
Estonia,EST,1986,18.745,
Estonia,EST,1987,18.391,
Estonia,EST,1988,18.107,
Estonia,EST,1989,17.88,
Estonia,EST,1990,17.701,
Estonia,EST,1991,17.518,
Estonia,EST,1992,17.282,
Estonia,EST,1993,16.91,
Estonia,EST,1994,16.363,
Estonia,EST,1995,15.653,
Estonia,EST,1996,14.805,
Estonia,EST,1997,13.878,
Estonia,EST,1998,12.917,
Estonia,EST,1999,11.965,
Estonia,EST,2000,11.032,70.969
Estonia,EST,2001,10.145,70.855
Estonia,EST,2002,9.298,71.184
Estonia,EST,2003,8.507,71.879
Estonia,EST,2004,7.782,72.264
Estonia,EST,2005,7.111,72.886
Estonia,EST,2006,6.495,73.026
Estonia,EST,2007,5.929,73.127
Estonia,EST,2008,5.421,74.247
Estonia,EST,2009,4.961,75.044
Estonia,EST,2010,4.554,75.843
Estonia,EST,2011,4.2,76.287
Estonia,EST,2012,3.889,76.408
Estonia,EST,2013,3.618,77.03
Estonia,EST,2014,3.381,77.097
Estonia,EST,2015,3.17,77.634
Estonia,EST,2016,2.985,77.711
Estonia,EST,2017,2.82,78.216
Estonia,EST,2018,2.671,78.349
Estonia,EST,2019,2.538,78.891
Estonia,EST,2020,2.415,78.622
Estonia,EST,2021,2.3,77.131
Estonia,EST,2022,2.195,
Estonia,EST,2023,2.1,
Estonia,EST,2024,2.016,
Ethiopia,ETH,1966,251.42,
Ethiopia,ETH,1967,250.776,
Ethiopia,ETH,1968,250.295,
Ethiopia,ETH,1969,250.066,
Ethiopia,ETH,1970,249.57,
Ethiopia,ETH,1971,249.265,
Ethiopia,ETH,1972,289.026,
Ethiopia,ETH,1973,287.593,
Ethiopia,ETH,1974,286.102,
Ethiopia,ETH,1975,284.838,
Ethiopia,ETH,1976,247.006,
Ethiopia,ETH,1977,246.414,
Ethiopia,ETH,1978,245.683,
Ethiopia,ETH,1979,244.016,
Ethiopia,ETH,1980,241.91,
Ethiopia,ETH,1981,239.186,
Ethiopia,ETH,1982,235.849,
Ethiopia,ETH,1983,323.326,
Ethiopia,ETH,1984,317.29,
Ethiopia,ETH,1985,306.012,
Ethiopia,ETH,1986,299.528,
Ethiopia,ETH,1987,215.119,
Ethiopia,ETH,1988,210.891,
Ethiopia,ETH,1989,206.514,
Ethiopia,ETH,1990,201.97,
Ethiopia,ETH,1991,196.977,
Ethiopia,ETH,1992,191.507,
Ethiopia,ETH,1993,185.453,
Ethiopia,ETH,1994,178.896,
Ethiopia,ETH,1995,172.255,
Ethiopia,ETH,1996,165.566,
Ethiopia,ETH,1997,159.034,
Ethiopia,ETH,1998,152.524,
Ethiopia,ETH,1999,146.334,
Ethiopia,ETH,2000,140.127,50.788
Ethiopia,ETH,2001,133.827,52.822
Ethiopia,ETH,2002,127.433,53.813
Ethiopia,ETH,2003,121.045,54.785
Ethiopia,ETH,2004,114.581,55.834
Ethiopia,ETH,2005,108.347,57.03
Ethiopia,ETH,2006,102.425,58.32
Ethiopia,ETH,2007,96.938,59.728
Ethiopia,ETH,2008,91.83,61.003
Ethiopia,ETH,2009,87.064,62.164
Ethiopia,ETH,2010,82.677,63.255
Ethiopia,ETH,2011,78.611,64.259
Ethiopia,ETH,2012,74.792,65.134
Ethiopia,ETH,2013,71.196,65.912
Ethiopia,ETH,2014,67.712,66.56
Ethiopia,ETH,2015,64.42,67.104
Ethiopia,ETH,2016,61.269,67.588
Ethiopia,ETH,2017,58.407,68.073
Ethiopia,ETH,2018,55.848,68.472
Ethiopia,ETH,2019,53.595,68.848
Ethiopia,ETH,2020,51.521,68.796
Ethiopia,ETH,2021,70.351,67.839
Ethiopia,ETH,2022,68.06,
Ethiopia,ETH,2023,51.488,
Ethiopia,ETH,2024,44.504,
Finland,FIN,1949,47.595,
Finland,FIN,1950,45.208,
Finland,FIN,1951,43.022,
Finland,FIN,1952,40.988,
Finland,FIN,1953,39.096,
Finland,FIN,1954,37.317,
Finland,FIN,1955,35.607,
Finland,FIN,1956,33.916,
Finland,FIN,1957,32.212,
Finland,FIN,1958,30.425,
Finland,FIN,1959,28.589,
Finland,FIN,1960,26.823,
Finland,FIN,1961,25.225,
Finland,FIN,1962,23.795,
Finland,FIN,1963,22.496,
Finland,FIN,1964,21.301,
Finland,FIN,1965,20.216,
Finland,FIN,1966,19.248,
Finland,FIN,1967,18.377,
Finland,FIN,1968,17.581,
Finland,FIN,1969,16.831,
Finland,FIN,1970,16.107,
Finland,FIN,1971,15.373,
Finland,FIN,1972,14.621,
Finland,FIN,1973,13.854,
Finland,FIN,1974,13.075,
Finland,FIN,1975,12.27,
Finland,FIN,1976,11.443,
Finland,FIN,1977,10.631,
Finland,FIN,1978,9.88,
Finland,FIN,1979,9.219,
Finland,FIN,1980,8.662,
Finland,FIN,1981,8.21,
Finland,FIN,1982,7.863,
Finland,FIN,1983,7.612,
Finland,FIN,1984,7.445,
Finland,FIN,1985,7.338,
Finland,FIN,1986,7.264,
Finland,FIN,1987,7.196,
Finland,FIN,1988,7.099,
Finland,FIN,1989,6.946,
Finland,FIN,1990,6.728,
Finland,FIN,1991,6.443,
Finland,FIN,1992,6.114,
Finland,FIN,1993,5.777,
Finland,FIN,1994,5.459,
Finland,FIN,1995,5.174,
Finland,FIN,1996,4.932,
Finland,FIN,1997,4.73,
Finland,FIN,1998,4.558,
Finland,FIN,1999,4.407,
Finland,FIN,2000,4.277,77.595
Finland,FIN,2001,4.163,78.018
Finland,FIN,2002,4.063,78.126
Finland,FIN,2003,3.966,78.41
Finland,FIN,2004,3.862,78.728
Finland,FIN,2005,3.746,78.983
Finland,FIN,2006,3.612,79.233
Finland,FIN,2007,3.466,79.269
Finland,FIN,2008,3.314,79.583
Finland,FIN,2009,3.163,79.706
Finland,FIN,2010,3.018,79.866
Finland,FIN,2011,2.881,80.284
Finland,FIN,2012,2.757,80.376
Finland,FIN,2013,2.648,80.678
Finland,FIN,2014,2.559,80.865
Finland,FIN,2015,2.488,81.199
Finland,FIN,2016,2.439,81.117
Finland,FIN,2017,2.406,81.321
Finland,FIN,2018,2.384,81.408
Finland,FIN,2019,2.37,81.647
Finland,FIN,2020,2.361,81.545
Finland,FIN,2021,2.356,81.534
Finland,FIN,2022,2.355,
Finland,FIN,2023,2.355,
Finland,FIN,2024,2.352,
Fiji,FJI,1940,144.955,
Fiji,FJI,1941,143.939,
Fiji,FJI,1942,142.915,
Fiji,FJI,1943,141.706,
Fiji,FJI,1944,140.514,
Fiji,FJI,1945,139.052,
Fiji,FJI,1946,137.364,
Fiji,FJI,1947,135.399,
Fiji,FJI,1948,133.161,
Fiji,FJI,1949,130.281,
Fiji,FJI,1950,126.661,
Fiji,FJI,1951,122.45,
Fiji,FJI,1952,117.589,
Fiji,FJI,1953,112.379,
Fiji,FJI,1954,107.15,
Fiji,FJI,1955,101.831,
Fiji,FJI,1956,96.683,
Fiji,FJI,1957,91.921,
Fiji,FJI,1958,87.378,
Fiji,FJI,1959,83.154,
Fiji,FJI,1960,79.221,
Fiji,FJI,1961,75.52,
Fiji,FJI,1962,72.112,
Fiji,FJI,1963,68.944,
Fiji,FJI,1964,65.972,
Fiji,FJI,1965,63.375,
Fiji,FJI,1966,61.163,
Fiji,FJI,1967,59.413,
Fiji,FJI,1968,58.125,
Fiji,FJI,1969,57.228,
Fiji,FJI,1970,56.618,
Fiji,FJI,1971,56.294,
Fiji,FJI,1972,56.007,
Fiji,FJI,1973,55.614,
Fiji,FJI,1974,54.908,
Fiji,FJI,1975,53.869,
Fiji,FJI,1976,52.502,
Fiji,FJI,1977,50.778,
Fiji,FJI,1978,48.819,
Fiji,FJI,1979,46.661,
Fiji,FJI,1980,44.475,
Fiji,FJI,1981,42.325,
Fiji,FJI,1982,40.281,
Fiji,FJI,1983,38.409,
Fiji,FJI,1984,36.677,
Fiji,FJI,1985,35.132,
Fiji,FJI,1986,33.727,
Fiji,FJI,1987,32.396,
Fiji,FJI,1988,31.157,
Fiji,FJI,1989,29.963,
Fiji,FJI,1990,28.822,
Fiji,FJI,1991,27.759,
Fiji,FJI,1992,26.737,
Fiji,FJI,1993,25.859,
Fiji,FJI,1994,25.083,
Fiji,FJI,1995,24.405,
Fiji,FJI,1996,23.826,
Fiji,FJI,1997,23.367,
Fiji,FJI,1998,23.014,
Fiji,FJI,1999,22.77,
Fiji,FJI,2000,22.631,65.825
Fiji,FJI,2001,22.597,66.345
Fiji,FJI,2002,22.66,66.704
Fiji,FJI,2003,22.828,66.625
Fiji,FJI,2004,23.085,67.122
Fiji,FJI,2005,23.342,67.085
Fiji,FJI,2006,23.495,67.081
Fiji,FJI,2007,23.485,67.104
Fiji,FJI,2008,23.236,67.028
Fiji,FJI,2009,22.768,67.253
Fiji,FJI,2010,22.177,67.314
Fiji,FJI,2011,21.555,67.397
Fiji,FJI,2012,21.021,67.512
Fiji,FJI,2013,20.678,67.629
Fiji,FJI,2014,20.63,67.721
Fiji,FJI,2015,20.92,67.802
Fiji,FJI,2016,21.629,67.75
Fiji,FJI,2017,22.739,67.872
Fiji,FJI,2018,24.15,67.867
Fiji,FJI,2019,25.732,67.866
Fiji,FJI,2020,27.21,67.711
Fiji,FJI,2021,28.294,65.501
Fiji,FJI,2022,28.942,
Fiji,FJI,2023,29.157,
Fiji,FJI,2024,29.123,
France,FRA,1949,61.1,
France,FRA,1950,57.115,
France,FRA,1951,53.303,
France,FRA,1952,49.707,
France,FRA,1953,46.299,
France,FRA,1954,43.114,
France,FRA,1955,40.136,
France,FRA,1956,37.382,
France,FRA,1957,34.812,
France,FRA,1958,32.435,
France,FRA,1959,30.323,
France,FRA,1960,28.534,
France,FRA,1961,27.018,
France,FRA,1962,25.669,
France,FRA,1963,24.462,
France,FRA,1964,23.358,
France,FRA,1965,22.358,
France,FRA,1966,21.449,
France,FRA,1967,20.62,
France,FRA,1968,19.853,
France,FRA,1969,19.068,
France,FRA,1970,18.226,
France,FRA,1971,17.379,
France,FRA,1972,16.621,
France,FRA,1973,15.986,
France,FRA,1974,15.437,
France,FRA,1975,14.934,
France,FRA,1976,14.436,
France,FRA,1977,13.918,
France,FRA,1978,13.368,
France,FRA,1979,12.834,
France,FRA,1980,12.351,
France,FRA,1981,11.916,
France,FRA,1982,11.498,
France,FRA,1983,11.087,
France,FRA,1984,10.701,
France,FRA,1985,10.367,
France,FRA,1986,10.076,
France,FRA,1987,9.819,
France,FRA,1988,9.574,
France,FRA,1989,9.306,
France,FRA,1990,8.977,
France,FRA,1991,8.571,
France,FRA,1992,8.081,
France,FRA,1993,7.535,
France,FRA,1994,6.998,
France,FRA,1995,6.522,
France,FRA,1996,6.134,
France,FRA,1997,5.846,
France,FRA,1998,5.652,
France,FRA,1999,5.509,
France,FRA,2000,5.379,78.911
France,FRA,2001,5.245,79.011
France,FRA,2002,5.095,79.144
France,FRA,2003,4.926,79.091
France,FRA,2004,4.765,80.0
France,FRA,2005,4.631,80.005
France,FRA,2006,4.525,80.526
France,FRA,2007,4.437,80.796
France,FRA,2008,4.36,80.875
France,FRA,2009,4.288,81.041
France,FRA,2010,4.217,81.222
France,FRA,2011,4.154,81.577
France,FRA,2012,4.116,81.578
France,FRA,2013,4.112,81.82
France,FRA,2014,4.133,82.249
France,FRA,2015,4.167,81.905
France,FRA,2016,4.203,82.132
France,FRA,2017,4.227,82.171
France,FRA,2018,4.236,82.377
France,FRA,2019,4.238,82.529
France,FRA,2020,4.244,81.874
France,FRA,2021,4.261,81.923
France,FRA,2022,4.29,
France,FRA,2023,4.322,
France,FRA,2024,4.343,
Micronesia (Federated States of),FSM,1958,136.643,
Micronesia (Federated States of),FSM,1959,130.739,
Micronesia (Federated States of),FSM,1960,125.347,
Micronesia (Federated States of),FSM,1961,120.034,
Micronesia (Federated States of),FSM,1962,115.248,
Micronesia (Federated States of),FSM,1963,110.399,
Micronesia (Federated States of),FSM,1964,105.88,
Micronesia (Federated States of),FSM,1965,101.527,
Micronesia (Federated States of),FSM,1966,97.397,
Micronesia (Federated States of),FSM,1967,93.351,
Micronesia (Federated States of),FSM,1968,89.568,
Micronesia (Federated States of),FSM,1969,85.929,
Micronesia (Federated States of),FSM,1970,82.605,
Micronesia (Federated States of),FSM,1971,79.48,
Micronesia (Federated States of),FSM,1972,76.438,
Micronesia (Federated States of),FSM,1973,73.644,
Micronesia (Federated States of),FSM,1974,71.071,
Micronesia (Federated States of),FSM,1975,68.865,
Micronesia (Federated States of),FSM,1976,66.875,
Micronesia (Federated States of),FSM,1977,64.994,
Micronesia (Federated States of),FSM,1978,63.372,
Micronesia (Federated States of),FSM,1979,62.006,
Micronesia (Federated States of),FSM,1980,60.835,
Micronesia (Federated States of),FSM,1981,59.937,
Micronesia (Federated States of),FSM,1982,59.059,
Micronesia (Federated States of),FSM,1983,58.275,
Micronesia (Federated States of),FSM,1984,57.488,
Micronesia (Federated States of),FSM,1985,56.448,
Micronesia (Federated States of),FSM,1986,55.183,
Micronesia (Federated States of),FSM,1987,53.786,
Micronesia (Federated States of),FSM,1988,52.214,
Micronesia (Federated States of),FSM,1989,50.676,
Micronesia (Federated States of),FSM,1990,49.245,
Micronesia (Federated States of),FSM,1991,48.071,
Micronesia (Federated States of),FSM,1992,47.044,
Micronesia (Federated States of),FSM,1993,46.136,
Micronesia (Federated States of),FSM,1994,45.249,
Micronesia (Federated States of),FSM,1995,44.327,
Micronesia (Federated States of),FSM,1996,43.274,
Micronesia (Federated States of),FSM,1997,42.106,
Micronesia (Federated States of),FSM,1998,40.899,
Micronesia (Federated States of),FSM,1999,39.765,
Micronesia (Federated States of),FSM,2000,38.602,63.558
Micronesia (Federated States of),FSM,2001,37.676,63.82
Micronesia (Federated States of),FSM,2002,41.545,62.917
Micronesia (Federated States of),FSM,2003,36.419,64.102
Micronesia (Federated States of),FSM,2004,36.065,64.159
Micronesia (Federated States of),FSM,2005,35.918,64.214
Micronesia (Federated States of),FSM,2006,35.861,64.289
Micronesia (Federated States of),FSM,2007,35.63,64.369
Micronesia (Federated States of),FSM,2008,35.343,64.493
Micronesia (Federated States of),FSM,2009,34.812,64.681
Micronesia (Federated States of),FSM,2010,34.132,64.778
Micronesia (Federated States of),FSM,2011,33.415,64.909
Micronesia (Federated States of),FSM,2012,32.561,65.029
Micronesia (Federated States of),FSM,2013,31.582,65.163
Micronesia (Federated States of),FSM,2014,30.66,65.268
Micronesia (Federated States of),FSM,2015,29.817,65.325
Micronesia (Federated States of),FSM,2016,28.926,65.524
Micronesia (Federated States of),FSM,2017,28.103,65.657
Micronesia (Federated States of),FSM,2018,27.253,65.827
Micronesia (Federated States of),FSM,2019,26.383,65.943
Micronesia (Federated States of),FSM,2020,25.558,65.672
Micronesia (Federated States of),FSM,2021,24.72,65.71
Micronesia (Federated States of),FSM,2022,23.936,
Micronesia (Federated States of),FSM,2023,23.1,
Micronesia (Federated States of),FSM,2024,22.422,
Gabon,GAB,1944,357.965,
Gabon,GAB,1945,347.279,
Gabon,GAB,1946,337.036,
Gabon,GAB,1947,327.311,
Gabon,GAB,1948,317.92,
Gabon,GAB,1949,308.646,
Gabon,GAB,1950,299.633,
Gabon,GAB,1951,290.826,
Gabon,GAB,1952,282.219,
Gabon,GAB,1953,273.45,
Gabon,GAB,1954,265.136,
Gabon,GAB,1955,257.094,
Gabon,GAB,1956,248.877,
Gabon,GAB,1957,240.886,
Gabon,GAB,1958,233.345,
Gabon,GAB,1959,225.823,
Gabon,GAB,1960,218.763,
Gabon,GAB,1961,211.597,
Gabon,GAB,1962,204.684,
Gabon,GAB,1963,197.996,
Gabon,GAB,1964,191.495,
Gabon,GAB,1965,185.184,
Gabon,GAB,1966,179.244,
Gabon,GAB,1967,173.42,
Gabon,GAB,1968,167.691,
Gabon,GAB,1969,162.152,
Gabon,GAB,1970,156.902,
Gabon,GAB,1971,151.802,
Gabon,GAB,1972,146.721,
Gabon,GAB,1973,141.883,
Gabon,GAB,1974,137.025,
Gabon,GAB,1975,132.462,
Gabon,GAB,1976,128.005,
Gabon,GAB,1977,123.689,
Gabon,GAB,1978,119.456,
Gabon,GAB,1979,115.314,
Gabon,GAB,1980,111.488,
Gabon,GAB,1981,107.681,
Gabon,GAB,1982,104.04,
Gabon,GAB,1983,100.627,
Gabon,GAB,1984,97.466,
Gabon,GAB,1985,94.67,
Gabon,GAB,1986,92.043,
Gabon,GAB,1987,89.641,
Gabon,GAB,1988,87.641,
Gabon,GAB,1989,85.857,
Gabon,GAB,1990,84.267,
Gabon,GAB,1991,82.906,
Gabon,GAB,1992,81.789,
Gabon,GAB,1993,80.798,
Gabon,GAB,1994,79.937,
Gabon,GAB,1995,79.186,
Gabon,GAB,1996,78.347,
Gabon,GAB,1997,77.401,
Gabon,GAB,1998,76.258,
Gabon,GAB,1999,74.86,
Gabon,GAB,2000,73.262,57.689
Gabon,GAB,2001,71.466,57.709
Gabon,GAB,2002,69.627,58.056
Gabon,GAB,2003,67.661,58.216
Gabon,GAB,2004,65.606,58.709
Gabon,GAB,2005,63.589,59.689
Gabon,GAB,2006,61.773,60.299
Gabon,GAB,2007,59.67,60.671
Gabon,GAB,2008,57.579,60.804
Gabon,GAB,2009,55.566,61.229
Gabon,GAB,2010,53.373,61.734
Gabon,GAB,2011,51.344,62.088
Gabon,GAB,2012,49.369,62.668
Gabon,GAB,2013,47.325,63.254
Gabon,GAB,2014,45.784,63.768
Gabon,GAB,2015,44.372,64.001
Gabon,GAB,2016,42.747,64.255
Gabon,GAB,2017,41.398,64.526
Gabon,GAB,2018,39.939,64.704
Gabon,GAB,2019,38.462,64.973
Gabon,GAB,2020,36.779,65.126
Gabon,GAB,2021,35.808,65.094
Gabon,GAB,2022,34.672,
Gabon,GAB,2023,33.782,
Gabon,GAB,2024,32.627,
United Kingdom of Great Britain and Northern Ireland,GBR,1949,38.149,
United Kingdom of Great Britain and Northern Ireland,GBR,1950,36.592,
United Kingdom of Great Britain and Northern Ireland,GBR,1951,35.073,
United Kingdom of Great Britain and Northern Ireland,GBR,1952,33.569,
United Kingdom of Great Britain and Northern Ireland,GBR,1953,32.108,
United Kingdom of Great Britain and Northern Ireland,GBR,1954,30.765,
United Kingdom of Great Britain and Northern Ireland,GBR,1955,29.63,
United Kingdom of Great Britain and Northern Ireland,GBR,1956,28.701,
United Kingdom of Great Britain and Northern Ireland,GBR,1957,27.969,
United Kingdom of Great Britain and Northern Ireland,GBR,1958,27.406,
United Kingdom of Great Britain and Northern Ireland,GBR,1959,26.956,
United Kingdom of Great Britain and Northern Ireland,GBR,1960,26.561,
United Kingdom of Great Britain and Northern Ireland,GBR,1961,26.131,
United Kingdom of Great Britain and Northern Ireland,GBR,1962,25.594,
United Kingdom of Great Britain and Northern Ireland,GBR,1963,24.916,
United Kingdom of Great Britain and Northern Ireland,GBR,1964,24.172,
United Kingdom of Great Britain and Northern Ireland,GBR,1965,23.435,
United Kingdom of Great Britain and Northern Ireland,GBR,1966,22.771,
United Kingdom of Great Britain and Northern Ireland,GBR,1967,22.222,
United Kingdom of Great Britain and Northern Ireland,GBR,1968,21.794,
United Kingdom of Great Britain and Northern Ireland,GBR,1969,21.418,
United Kingdom of Great Britain and Northern Ireland,GBR,1970,21.028,
United Kingdom of Great Britain and Northern Ireland,GBR,1971,20.574,
United Kingdom of Great Britain and Northern Ireland,GBR,1972,20.04,
United Kingdom of Great Britain and Northern Ireland,GBR,1973,19.41,
United Kingdom of Great Britain and Northern Ireland,GBR,1974,18.719,
United Kingdom of Great Britain and Northern Ireland,GBR,1975,17.978,
United Kingdom of Great Britain and Northern Ireland,GBR,1976,17.209,
United Kingdom of Great Britain and Northern Ireland,GBR,1977,16.443,
United Kingdom of Great Britain and Northern Ireland,GBR,1978,15.68,
United Kingdom of Great Britain and Northern Ireland,GBR,1979,14.912,
United Kingdom of Great Britain and Northern Ireland,GBR,1980,14.131,
United Kingdom of Great Britain and Northern Ireland,GBR,1981,13.376,
United Kingdom of Great Britain and Northern Ireland,GBR,1982,12.708,
United Kingdom of Great Britain and Northern Ireland,GBR,1983,12.157,
United Kingdom of Great Britain and Northern Ireland,GBR,1984,11.714,
United Kingdom of Great Britain and Northern Ireland,GBR,1985,11.379,
United Kingdom of Great Britain and Northern Ireland,GBR,1986,11.093,
United Kingdom of Great Britain and Northern Ireland,GBR,1987,10.774,
United Kingdom of Great Britain and Northern Ireland,GBR,1988,10.375,
United Kingdom of Great Britain and Northern Ireland,GBR,1989,9.881,
United Kingdom of Great Britain and Northern Ireland,GBR,1990,9.304,
United Kingdom of Great Britain and Northern Ireland,GBR,1991,8.705,
United Kingdom of Great Britain and Northern Ireland,GBR,1992,8.171,
United Kingdom of Great Britain and Northern Ireland,GBR,1993,7.744,
United Kingdom of Great Britain and Northern Ireland,GBR,1994,7.416,
United Kingdom of Great Britain and Northern Ireland,GBR,1995,7.184,
United Kingdom of Great Britain and Northern Ireland,GBR,1996,7.02,
United Kingdom of Great Britain and Northern Ireland,GBR,1997,6.888,
United Kingdom of Great Britain and Northern Ireland,GBR,1998,6.769,
United Kingdom of Great Britain and Northern Ireland,GBR,1999,6.656,
United Kingdom of Great Britain and Northern Ireland,GBR,2000,6.549,77.858
United Kingdom of Great Britain and Northern Ireland,GBR,2001,6.447,77.952
United Kingdom of Great Britain and Northern Ireland,GBR,2002,6.348,78.078
United Kingdom of Great Britain and Northern Ireland,GBR,2003,6.249,78.148
United Kingdom of Great Britain and Northern Ireland,GBR,2004,6.148,78.676
United Kingdom of Great Britain and Northern Ireland,GBR,2005,6.035,78.912
United Kingdom of Great Britain and Northern Ireland,GBR,2006,5.906,79.226
United Kingdom of Great Britain and Northern Ireland,GBR,2007,5.751,79.415
United Kingdom of Great Britain and Northern Ireland,GBR,2008,5.571,79.537
United Kingdom of Great Britain and Northern Ireland,GBR,2009,5.375,80.032
United Kingdom of Great Britain and Northern Ireland,GBR,2010,5.168,80.253
United Kingdom of Great Britain and Northern Ireland,GBR,2011,4.969,80.641
United Kingdom of Great Britain and Northern Ireland,GBR,2012,4.791,80.641
United Kingdom of Great Britain and Northern Ireland,GBR,2013,4.645,80.686
United Kingdom of Great Britain and Northern Ireland,GBR,2014,4.533,80.937
United Kingdom of Great Britain and Northern Ireland,GBR,2015,4.458,80.659
United Kingdom of Great Britain and Northern Ireland,GBR,2016,4.411,80.81
United Kingdom of Great Britain and Northern Ireland,GBR,2017,4.382,80.924
United Kingdom of Great Britain and Northern Ireland,GBR,2018,4.367,80.624
United Kingdom of Great Britain and Northern Ireland,GBR,2019,4.369,81.223
United Kingdom of Great Britain and Northern Ireland,GBR,2020,4.394,80.14
United Kingdom of Great Britain and Northern Ireland,GBR,2021,4.444,80.101
United Kingdom of Great Britain and Northern Ireland,GBR,2022,4.518,
United Kingdom of Great Britain and Northern Ireland,GBR,2023,4.606,
United Kingdom of Great Britain and Northern Ireland,GBR,2024,4.68,
Georgia,GEO,1975,70.679,
Georgia,GEO,1976,68.192,
Georgia,GEO,1977,65.717,
Georgia,GEO,1978,63.313,
Georgia,GEO,1979,61.032,
Georgia,GEO,1980,58.966,
Georgia,GEO,1981,56.883,
Georgia,GEO,1982,54.877,
Georgia,GEO,1983,53.08,
Georgia,GEO,1984,51.539,
Georgia,GEO,1985,50.299,
Georgia,GEO,1986,49.36,
Georgia,GEO,1987,48.633,
Georgia,GEO,1988,48.087,
Georgia,GEO,1989,47.651,
Georgia,GEO,1990,47.32,
Georgia,GEO,1991,46.918,
Georgia,GEO,1992,46.503,
Georgia,GEO,1993,45.99,
Georgia,GEO,1994,45.284,
Georgia,GEO,1995,44.382,
Georgia,GEO,1996,43.213,
Georgia,GEO,1997,41.763,
Georgia,GEO,1998,40.049,
Georgia,GEO,1999,38.055,
Georgia,GEO,2000,35.836,71.068
Georgia,GEO,2001,33.415,71.591
Georgia,GEO,2002,30.878,69.893
Georgia,GEO,2003,28.325,70.797
Georgia,GEO,2004,25.763,70.541
Georgia,GEO,2005,23.296,72.044
Georgia,GEO,2006,21.017,72.024
Georgia,GEO,2007,18.95,72.553
Georgia,GEO,2008,17.122,71.718
Georgia,GEO,2009,15.539,71.322
Georgia,GEO,2010,14.203,71.818
Georgia,GEO,2011,13.09,71.94
Georgia,GEO,2012,12.192,72.185
Georgia,GEO,2013,11.493,72.603
Georgia,GEO,2014,10.96,72.723
Georgia,GEO,2015,10.555,72.85
Georgia,GEO,2016,10.249,72.632
Georgia,GEO,2017,10.001,73.505
Georgia,GEO,2018,9.785,73.813
Georgia,GEO,2019,9.574,73.853
Georgia,GEO,2020,9.37,73.109
Georgia,GEO,2021,9.172,71.24
Georgia,GEO,2022,8.981,
Georgia,GEO,2023,8.791,
Georgia,GEO,2024,8.595,
Ghana,GHA,1932,364.572,
Ghana,GHA,1933,358.49,
Ghana,GHA,1934,351.691,
Ghana,GHA,1935,345.302,
Ghana,GHA,1936,339.524,
Ghana,GHA,1937,333.272,
Ghana,GHA,1938,326.881,
Ghana,GHA,1939,320.06,
Ghana,GHA,1940,313.522,
Ghana,GHA,1941,307.134,
Ghana,GHA,1942,300.696,
Ghana,GHA,1943,294.342,
Ghana,GHA,1944,288.285,
Ghana,GHA,1945,282.192,
Ghana,GHA,1946,276.394,
Ghana,GHA,1947,270.643,
Ghana,GHA,1948,264.664,
Ghana,GHA,1949,258.663,
Ghana,GHA,1950,252.737,
Ghana,GHA,1951,246.99,
Ghana,GHA,1952,241.039,
Ghana,GHA,1953,235.848,
Ghana,GHA,1954,230.735,
Ghana,GHA,1955,226.134,
Ghana,GHA,1956,221.741,
Ghana,GHA,1957,217.641,
Ghana,GHA,1958,214.191,
Ghana,GHA,1959,211.279,
Ghana,GHA,1960,208.994,
Ghana,GHA,1961,206.894,
Ghana,GHA,1962,205.249,
Ghana,GHA,1963,204.068,
Ghana,GHA,1964,203.236,
Ghana,GHA,1965,202.811,
Ghana,GHA,1966,202.748,
Ghana,GHA,1967,203.004,
Ghana,GHA,1968,203.282,
Ghana,GHA,1969,203.36,
Ghana,GHA,1970,202.79,
Ghana,GHA,1971,201.536,
Ghana,GHA,1972,199.218,
Ghana,GHA,1973,195.941,
Ghana,GHA,1974,191.846,
Ghana,GHA,1975,187.106,
Ghana,GHA,1976,182.246,
Ghana,GHA,1977,177.453,
Ghana,GHA,1978,173.364,
Ghana,GHA,1979,170.161,
Ghana,GHA,1980,168.131,
Ghana,GHA,1981,166.554,
Ghana,GHA,1982,164.902,
Ghana,GHA,1983,162.759,
Ghana,GHA,1984,159.682,
Ghana,GHA,1985,155.33,
Ghana,GHA,1986,150.093,
Ghana,GHA,1987,144.346,
Ghana,GHA,1988,138.402,
Ghana,GHA,1989,132.737,
Ghana,GHA,1990,127.629,
Ghana,GHA,1991,123.46,
Ghana,GHA,1992,120.209,
Ghana,GHA,1993,117.846,
Ghana,GHA,1994,116.018,
Ghana,GHA,1995,114.358,
Ghana,GHA,1996,112.548,
Ghana,GHA,1997,110.312,
Ghana,GHA,1998,107.389,
Ghana,GHA,1999,103.918,
Ghana,GHA,2000,99.944,59.085
Ghana,GHA,2001,95.818,59.152
Ghana,GHA,2002,91.857,59.316
Ghana,GHA,2003,88.242,59.538
Ghana,GHA,2004,84.969,59.796
Ghana,GHA,2005,82.013,60.066
Ghana,GHA,2006,79.141,60.346
Ghana,GHA,2007,76.175,60.668
Ghana,GHA,2008,73.066,61.086
Ghana,GHA,2009,69.806,61.528
Ghana,GHA,2010,66.522,61.975
Ghana,GHA,2011,63.316,62.583
Ghana,GHA,2012,60.262,63.163
Ghana,GHA,2013,57.491,63.587
Ghana,GHA,2014,54.928,63.965
Ghana,GHA,2015,52.537,64.337
Ghana,GHA,2016,50.314,64.707
Ghana,GHA,2017,48.196,65.086
Ghana,GHA,2018,46.119,65.516
Ghana,GHA,2019,44.082,65.971
Ghana,GHA,2020,42.161,66.181
Ghana,GHA,2021,40.291,66.102
Ghana,GHA,2022,38.644,
Ghana,GHA,2023,37.186,
Ghana,GHA,2024,35.878,
Guinea,GIN,1937,348.214,
Guinea,GIN,1938,349.034,
Guinea,GIN,1939,349.857,
Guinea,GIN,1940,350.666,
Guinea,GIN,1941,351.16,
Guinea,GIN,1942,351.888,
Guinea,GIN,1943,352.426,
Guinea,GIN,1944,353.243,
Guinea,GIN,1945,354.048,
Guinea,GIN,1946,354.382,
Guinea,GIN,1947,354.621,
Guinea,GIN,1948,354.882,
Guinea,GIN,1949,355.144,
Guinea,GIN,1950,355.436,
Guinea,GIN,1951,355.754,
Guinea,GIN,1952,355.79,
Guinea,GIN,1953,355.775,
Guinea,GIN,1954,355.2,
Guinea,GIN,1955,354.268,
Guinea,GIN,1956,353.221,
Guinea,GIN,1957,351.978,
Guinea,GIN,1958,350.102,
Guinea,GIN,1959,348.372,
Guinea,GIN,1960,346.699,
Guinea,GIN,1961,344.393,
Guinea,GIN,1962,342.159,
Guinea,GIN,1963,339.723,
Guinea,GIN,1964,337.272,
Guinea,GIN,1965,334.864,
Guinea,GIN,1966,332.131,
Guinea,GIN,1967,329.336,
Guinea,GIN,1968,326.587,
Guinea,GIN,1969,323.834,
Guinea,GIN,1970,320.966,
Guinea,GIN,1971,317.663,
Guinea,GIN,1972,314.587,
Guinea,GIN,1973,311.006,
Guinea,GIN,1974,307.655,
Guinea,GIN,1975,304.019,
Guinea,GIN,1976,299.881,
Guinea,GIN,1977,295.447,
Guinea,GIN,1978,290.728,
Guinea,GIN,1979,285.883,
Guinea,GIN,1980,281.032,
Guinea,GIN,1981,276.257,
Guinea,GIN,1982,271.505,
Guinea,GIN,1983,266.891,
Guinea,GIN,1984,262.261,
Guinea,GIN,1985,257.593,
Guinea,GIN,1986,253.013,
Guinea,GIN,1987,248.42,
Guinea,GIN,1988,243.71,
Guinea,GIN,1989,238.709,
Guinea,GIN,1990,233.394,
Guinea,GIN,1991,227.47,
Guinea,GIN,1992,221.085,
Guinea,GIN,1993,214.418,
Guinea,GIN,1994,207.543,
Guinea,GIN,1995,200.532,
Guinea,GIN,1996,193.542,
Guinea,GIN,1997,186.606,
Guinea,GIN,1998,179.655,
Guinea,GIN,1999,172.626,
Guinea,GIN,2000,165.681,54.195
Guinea,GIN,2001,159.001,54.672
Guinea,GIN,2002,152.659,55.181
Guinea,GIN,2003,146.895,55.638
Guinea,GIN,2004,141.602,56.034
Guinea,GIN,2005,137.021,56.453
Guinea,GIN,2006,133.056,56.855
Guinea,GIN,2007,129.733,57.162
Guinea,GIN,2008,126.879,57.536
Guinea,GIN,2009,124.37,57.856
Guinea,GIN,2010,122.195,58.264
Guinea,GIN,2011,120.269,58.592
Guinea,GIN,2012,118.397,58.889
Guinea,GIN,2013,116.554,59.127
Guinea,GIN,2014,115.449,58.607
Guinea,GIN,2015,113.739,59.198
Guinea,GIN,2016,111.38,59.839
Guinea,GIN,2017,109.543,60.254
Guinea,GIN,2018,107.519,60.659
Guinea,GIN,2019,105.364,61.129
Guinea,GIN,2020,102.888,61.156
Guinea,GIN,2021,100.319,61.263
Guinea,GIN,2022,97.629,
Guinea,GIN,2023,94.95,
Guinea,GIN,2024,92.145,
Gambia,GMB,1956,389.822,
Gambia,GMB,1957,382.47,
Gambia,GMB,1958,374.781,
Gambia,GMB,1959,367.291,
Gambia,GMB,1960,360.099,
Gambia,GMB,1961,353.131,
Gambia,GMB,1962,346.384,
Gambia,GMB,1963,339.576,
Gambia,GMB,1964,333.09,
Gambia,GMB,1965,326.743,
Gambia,GMB,1966,320.364,
Gambia,GMB,1967,314.006,
Gambia,GMB,1968,307.919,
Gambia,GMB,1969,301.872,
Gambia,GMB,1970,295.567,
Gambia,GMB,1971,289.027,
Gambia,GMB,1972,282.525,
Gambia,GMB,1973,275.928,
Gambia,GMB,1974,269.221,
Gambia,GMB,1975,262.549,
Gambia,GMB,1976,255.845,
Gambia,GMB,1977,249.504,
Gambia,GMB,1978,242.954,
Gambia,GMB,1979,236.686,
Gambia,GMB,1980,230.338,
Gambia,GMB,1981,223.868,
Gambia,GMB,1982,217.246,
Gambia,GMB,1983,210.705,
Gambia,GMB,1984,204.089,
Gambia,GMB,1985,197.362,
Gambia,GMB,1986,190.743,
Gambia,GMB,1987,184.237,
Gambia,GMB,1988,178.092,
Gambia,GMB,1989,172.058,
Gambia,GMB,1990,166.179,
Gambia,GMB,1991,160.495,
Gambia,GMB,1992,154.875,
Gambia,GMB,1993,149.256,
Gambia,GMB,1994,143.704,
Gambia,GMB,1995,138.185,
Gambia,GMB,1996,132.855,
Gambia,GMB,1997,127.643,
Gambia,GMB,1998,122.566,
Gambia,GMB,1999,117.652,
Gambia,GMB,2000,112.815,59.154
Gambia,GMB,2001,108.108,59.402
Gambia,GMB,2002,103.582,59.59
Gambia,GMB,2003,99.171,59.854
Gambia,GMB,2004,94.873,60.161
Gambia,GMB,2005,90.74,60.523
Gambia,GMB,2006,86.831,60.885
Gambia,GMB,2007,83.04,61.116
Gambia,GMB,2008,79.406,61.502
Gambia,GMB,2009,76.0,61.858
Gambia,GMB,2010,72.747,62.357
Gambia,GMB,2011,69.687,62.846
Gambia,GMB,2012,66.798,63.208
Gambia,GMB,2013,64.032,63.422
Gambia,GMB,2014,61.444,63.578
Gambia,GMB,2015,58.948,63.795
Gambia,GMB,2016,56.569,64.055
Gambia,GMB,2017,54.342,64.317
Gambia,GMB,2018,52.32,64.607
Gambia,GMB,2019,50.389,64.912
Gambia,GMB,2020,48.63,64.787
Gambia,GMB,2021,46.976,64.214
Gambia,GMB,2022,45.337,
Gambia,GMB,2023,43.842,
Gambia,GMB,2024,42.407,
Guinea-Bissau,GNB,1985,245.94,
Guinea-Bissau,GNB,1986,241.217,
Guinea-Bissau,GNB,1987,236.743,
Guinea-Bissau,GNB,1988,232.361,
Guinea-Bissau,GNB,1989,228.0,
Guinea-Bissau,GNB,1990,223.697,
Guinea-Bissau,GNB,1991,218.983,
Guinea-Bissau,GNB,1992,214.479,
Guinea-Bissau,GNB,1993,209.868,
Guinea-Bissau,GNB,1994,205.029,
Guinea-Bissau,GNB,1995,200.114,
Guinea-Bissau,GNB,1996,195.03,
Guinea-Bissau,GNB,1997,189.98,
Guinea-Bissau,GNB,1998,184.97,
Guinea-Bissau,GNB,1999,179.882,
Guinea-Bissau,GNB,2000,174.833,50.199
Guinea-Bissau,GNB,2001,169.319,50.637
Guinea-Bissau,GNB,2002,163.567,51.041
Guinea-Bissau,GNB,2003,157.69,51.435
Guinea-Bissau,GNB,2004,151.585,51.768
Guinea-Bissau,GNB,2005,145.33,52.218
Guinea-Bissau,GNB,2006,139.055,52.753
Guinea-Bissau,GNB,2007,132.8,53.474
Guinea-Bissau,GNB,2008,126.462,54.202
Guinea-Bissau,GNB,2009,120.173,54.718
Guinea-Bissau,GNB,2010,114.303,55.345
Guinea-Bissau,GNB,2011,108.591,55.963
Guinea-Bissau,GNB,2012,103.557,56.473
Guinea-Bissau,GNB,2013,99.112,56.922
Guinea-Bissau,GNB,2014,95.164,57.183
Guinea-Bissau,GNB,2015,91.601,57.58
Guinea-Bissau,GNB,2016,88.221,58.028
Guinea-Bissau,GNB,2017,85.131,58.352
Guinea-Bissau,GNB,2018,82.218,58.6
Guinea-Bissau,GNB,2019,79.453,58.976
Guinea-Bissau,GNB,2020,76.745,58.376
Guinea-Bissau,GNB,2021,74.35,58.628
Guinea-Bissau,GNB,2022,72.031,
Guinea-Bissau,GNB,2023,69.696,
Guinea-Bissau,GNB,2024,67.336,
Equatorial Guinea,GNQ,1982,198.584,
Equatorial Guinea,GNQ,1983,194.473,
Equatorial Guinea,GNQ,1984,190.417,
Equatorial Guinea,GNQ,1985,186.833,
Equatorial Guinea,GNQ,1986,183.94,
Equatorial Guinea,GNQ,1987,181.506,
Equatorial Guinea,GNQ,1988,179.782,
Equatorial Guinea,GNQ,1989,178.116,
Equatorial Guinea,GNQ,1990,176.717,
Equatorial Guinea,GNQ,1991,175.374,
Equatorial Guinea,GNQ,1992,173.904,
Equatorial Guinea,GNQ,1993,172.668,
Equatorial Guinea,GNQ,1994,171.342,
Equatorial Guinea,GNQ,1995,169.75,
Equatorial Guinea,GNQ,1996,167.79,
Equatorial Guinea,GNQ,1997,165.323,
Equatorial Guinea,GNQ,1998,162.249,
Equatorial Guinea,GNQ,1999,158.571,
Equatorial Guinea,GNQ,2000,154.491,54.031
Equatorial Guinea,GNQ,2001,150.204,54.843
Equatorial Guinea,GNQ,2002,145.857,55.474
Equatorial Guinea,GNQ,2003,141.456,55.736
Equatorial Guinea,GNQ,2004,136.973,56.184
Equatorial Guinea,GNQ,2005,132.348,56.773
Equatorial Guinea,GNQ,2006,127.424,57.744
Equatorial Guinea,GNQ,2007,122.619,58.627
Equatorial Guinea,GNQ,2008,118.007,59.267
Equatorial Guinea,GNQ,2009,113.478,59.836
Equatorial Guinea,GNQ,2010,109.41,60.01
Equatorial Guinea,GNQ,2011,105.622,59.831
Equatorial Guinea,GNQ,2012,101.974,60.11
Equatorial Guinea,GNQ,2013,98.572,60.969
Equatorial Guinea,GNQ,2014,95.293,61.532
Equatorial Guinea,GNQ,2015,92.127,61.127
Equatorial Guinea,GNQ,2016,89.013,60.859
Equatorial Guinea,GNQ,2017,86.115,61.206
Equatorial Guinea,GNQ,2018,83.157,61.421
Equatorial Guinea,GNQ,2019,80.666,61.387
Equatorial Guinea,GNQ,2020,77.85,61.159
Equatorial Guinea,GNQ,2021,75.124,61.605
Equatorial Guinea,GNQ,2022,72.807,
Equatorial Guinea,GNQ,2023,70.443,
Equatorial Guinea,GNQ,2024,67.969,
Greece,GRC,1951,57.726,
Greece,GRC,1952,55.976,
Greece,GRC,1953,54.303,
Greece,GRC,1954,52.746,
Greece,GRC,1955,51.444,
Greece,GRC,1956,50.287,
Greece,GRC,1957,49.233,
Greece,GRC,1958,48.223,
Greece,GRC,1959,47.225,
Greece,GRC,1960,46.224,
Greece,GRC,1961,45.148,
Greece,GRC,1962,43.899,
Greece,GRC,1963,42.479,
Greece,GRC,1964,41.086,
Greece,GRC,1965,39.839,
Greece,GRC,1966,38.6,
Greece,GRC,1967,37.126,
Greece,GRC,1968,35.311,
Greece,GRC,1969,33.333,
Greece,GRC,1970,31.365,
Greece,GRC,1971,29.639,
Greece,GRC,1972,28.386,
Greece,GRC,1973,27.618,
Greece,GRC,1974,26.978,
Greece,GRC,1975,26.134,
Greece,GRC,1976,25.035,
Greece,GRC,1977,23.755,
Greece,GRC,1978,22.369,
Greece,GRC,1979,20.946,
Greece,GRC,1980,19.552,
Greece,GRC,1981,18.258,
Greece,GRC,1982,17.156,
Greece,GRC,1983,16.241,
Greece,GRC,1984,15.397,
Greece,GRC,1985,14.531,
Greece,GRC,1986,13.638,
Greece,GRC,1987,12.749,
Greece,GRC,1988,11.896,
Greece,GRC,1989,11.126,
Greece,GRC,1990,10.468,
Greece,GRC,1991,9.924,
Greece,GRC,1992,9.482,
Greece,GRC,1993,9.119,
Greece,GRC,1994,8.789,
Greece,GRC,1995,8.452,
Greece,GRC,1996,8.089,
Greece,GRC,1997,7.7,
Greece,GRC,1998,7.284,
Greece,GRC,1999,6.851,
Greece,GRC,2000,6.41,78.421
Greece,GRC,2001,5.979,78.822
Greece,GRC,2002,5.572,78.973
Greece,GRC,2003,5.197,79.092
Greece,GRC,2004,4.86,79.212
Greece,GRC,2005,4.568,79.401
Greece,GRC,2006,4.327,79.743
Greece,GRC,2007,4.145,79.451
Greece,GRC,2008,4.025,79.929
Greece,GRC,2009,3.961,80.022
Greece,GRC,2010,3.947,80.239
Greece,GRC,2011,3.976,80.358
Greece,GRC,2012,4.043,80.233
Greece,GRC,2013,4.135,80.78
Greece,GRC,2014,4.227,80.838
Greece,GRC,2015,4.284,80.416
Greece,GRC,2016,4.301,80.713
Greece,GRC,2017,4.277,80.694
Greece,GRC,2018,4.221,81.052
Greece,GRC,2019,4.148,80.907
Greece,GRC,2020,4.078,80.632
Greece,GRC,2021,4.014,79.598
Greece,GRC,2022,3.952,
Greece,GRC,2023,3.891,
Greece,GRC,2024,3.824,
Grenada,GRD,1949,154.756,
Grenada,GRD,1950,149.4,
Grenada,GRD,1951,144.0,
Grenada,GRD,1952,138.619,
Grenada,GRD,1953,133.342,
Grenada,GRD,1954,128.196,
Grenada,GRD,1955,123.208,
Grenada,GRD,1956,118.093,
Grenada,GRD,1957,112.877,
Grenada,GRD,1958,107.365,
Grenada,GRD,1959,101.364,
Grenada,GRD,1960,94.975,
Grenada,GRD,1961,88.307,
Grenada,GRD,1962,81.552,
Grenada,GRD,1963,75.033,
Grenada,GRD,1964,69.107,
Grenada,GRD,1965,63.889,
Grenada,GRD,1966,59.51,
Grenada,GRD,1967,55.898,
Grenada,GRD,1968,52.984,
Grenada,GRD,1969,50.597,
Grenada,GRD,1970,48.722,
Grenada,GRD,1971,47.176,
Grenada,GRD,1972,45.876,
Grenada,GRD,1973,44.688,
Grenada,GRD,1974,43.63,
Grenada,GRD,1975,42.559,
Grenada,GRD,1976,41.51,
Grenada,GRD,1977,40.376,
Grenada,GRD,1978,39.105,
Grenada,GRD,1979,37.724,
Grenada,GRD,1980,36.21,
Grenada,GRD,1981,34.656,
Grenada,GRD,1982,33.087,
Grenada,GRD,1983,31.512,
Grenada,GRD,1984,29.963,
Grenada,GRD,1985,28.501,
Grenada,GRD,1986,27.109,
Grenada,GRD,1987,25.815,
Grenada,GRD,1988,24.611,
Grenada,GRD,1989,23.466,
Grenada,GRD,1990,22.379,
Grenada,GRD,1991,21.349,
Grenada,GRD,1992,20.379,
Grenada,GRD,1993,19.478,
Grenada,GRD,1994,18.663,
Grenada,GRD,1995,17.934,
Grenada,GRD,1996,17.286,
Grenada,GRD,1997,16.725,
Grenada,GRD,1998,16.243,
Grenada,GRD,1999,15.84,
Grenada,GRD,2000,15.513,71.594
Grenada,GRD,2001,15.258,71.535
Grenada,GRD,2002,15.059,71.12
Grenada,GRD,2003,14.925,70.833
Grenada,GRD,2004,14.837,70.407
Grenada,GRD,2005,14.808,70.649
Grenada,GRD,2006,14.853,70.912
Grenada,GRD,2007,14.95,71.031
Grenada,GRD,2008,15.121,70.925
Grenada,GRD,2009,15.368,70.938
Grenada,GRD,2010,15.674,71.082
Grenada,GRD,2011,16.03,72.123
Grenada,GRD,2012,16.42,72.684
Grenada,GRD,2013,16.811,72.622
Grenada,GRD,2014,17.174,72.544
Grenada,GRD,2015,17.533,72.547
Grenada,GRD,2016,17.844,72.491
Grenada,GRD,2017,18.101,72.616
Grenada,GRD,2018,18.324,72.789
Grenada,GRD,2019,18.515,72.73
Grenada,GRD,2020,18.646,75.351
Grenada,GRD,2021,18.66,72.773
Grenada,GRD,2022,18.549,
Grenada,GRD,2023,18.299,
Grenada,GRD,2024,17.96,
Guatemala,GTM,1957,237.585,
Guatemala,GTM,1958,231.573,
Guatemala,GTM,1959,225.891,
Guatemala,GTM,1960,220.481,
Guatemala,GTM,1961,215.295,
Guatemala,GTM,1962,210.366,
Guatemala,GTM,1963,205.357,
Guatemala,GTM,1964,200.334,
Guatemala,GTM,1965,195.379,
Guatemala,GTM,1966,190.45,
Guatemala,GTM,1967,185.469,
Guatemala,GTM,1968,180.517,
Guatemala,GTM,1969,175.518,
Guatemala,GTM,1970,170.466,
Guatemala,GTM,1971,165.421,
Guatemala,GTM,1972,160.283,
Guatemala,GTM,1973,155.224,
Guatemala,GTM,1974,150.26,
Guatemala,GTM,1975,145.339,
Guatemala,GTM,1976,165.364,
Guatemala,GTM,1977,135.671,
Guatemala,GTM,1978,130.96,
Guatemala,GTM,1979,126.313,
Guatemala,GTM,1980,121.689,
Guatemala,GTM,1981,117.158,
Guatemala,GTM,1982,136.122,
Guatemala,GTM,1983,108.278,
Guatemala,GTM,1984,103.92,
Guatemala,GTM,1985,99.652,
Guatemala,GTM,1986,95.476,
Guatemala,GTM,1987,91.396,
Guatemala,GTM,1988,87.463,
Guatemala,GTM,1989,83.673,
Guatemala,GTM,1990,79.993,
Guatemala,GTM,1991,76.43,
Guatemala,GTM,1992,73.066,
Guatemala,GTM,1993,69.872,
Guatemala,GTM,1994,66.789,
Guatemala,GTM,1995,63.907,
Guatemala,GTM,1996,61.212,
Guatemala,GTM,1997,58.667,
Guatemala,GTM,1998,56.254,
Guatemala,GTM,1999,53.979,
Guatemala,GTM,2000,51.794,68.309
Guatemala,GTM,2001,49.733,68.641
Guatemala,GTM,2002,47.747,69.341
Guatemala,GTM,2003,45.891,69.392
Guatemala,GTM,2004,44.092,69.659
Guatemala,GTM,2005,42.362,69.305
Guatemala,GTM,2006,40.691,69.856
Guatemala,GTM,2007,39.077,70.683
Guatemala,GTM,2008,37.523,71.014
Guatemala,GTM,2009,36.007,70.845
Guatemala,GTM,2010,34.531,71.069
Guatemala,GTM,2011,33.132,71.554
Guatemala,GTM,2012,31.775,71.917
Guatemala,GTM,2013,30.444,71.749
Guatemala,GTM,2014,29.204,71.977
Guatemala,GTM,2015,28.067,72.045
Guatemala,GTM,2016,27.029,72.235
Guatemala,GTM,2017,26.08,72.696
Guatemala,GTM,2018,25.127,72.729
Guatemala,GTM,2019,24.288,72.707
Guatemala,GTM,2020,23.468,70.96
Guatemala,GTM,2021,22.672,68.696
Guatemala,GTM,2022,21.899,
Guatemala,GTM,2023,21.171,
Guatemala,GTM,2024,20.509,
Guyana,GUY,1949,162.697,
Guyana,GUY,1950,155.345,
Guyana,GUY,1951,148.123,
Guyana,GUY,1952,141.05,
Guyana,GUY,1953,133.974,
Guyana,GUY,1954,127.095,
Guyana,GUY,1955,120.385,
Guyana,GUY,1956,114.029,
Guyana,GUY,1957,107.898,
Guyana,GUY,1958,102.165,
Guyana,GUY,1959,97.091,
Guyana,GUY,1960,92.527,
Guyana,GUY,1961,88.534,
Guyana,GUY,1962,85.163,
Guyana,GUY,1963,82.429,
Guyana,GUY,1964,80.113,
Guyana,GUY,1965,78.332,
Guyana,GUY,1966,76.894,
Guyana,GUY,1967,75.843,
Guyana,GUY,1968,74.959,
Guyana,GUY,1969,74.395,
Guyana,GUY,1970,73.978,
Guyana,GUY,1971,73.779,
Guyana,GUY,1972,73.584,
Guyana,GUY,1973,73.489,
Guyana,GUY,1974,73.349,
Guyana,GUY,1975,73.054,
Guyana,GUY,1976,72.726,
Guyana,GUY,1977,72.315,
Guyana,GUY,1978,71.886,
Guyana,GUY,1979,71.379,
Guyana,GUY,1980,70.849,
Guyana,GUY,1981,70.289,
Guyana,GUY,1982,69.636,
Guyana,GUY,1983,68.99,
Guyana,GUY,1984,68.277,
Guyana,GUY,1985,67.495,
Guyana,GUY,1986,66.586,
Guyana,GUY,1987,65.516,
Guyana,GUY,1988,64.307,
Guyana,GUY,1989,62.916,
Guyana,GUY,1990,61.384,
Guyana,GUY,1991,59.798,
Guyana,GUY,1992,58.126,
Guyana,GUY,1993,56.495,
Guyana,GUY,1994,54.937,
Guyana,GUY,1995,53.39,
Guyana,GUY,1996,51.944,
Guyana,GUY,1997,50.583,
Guyana,GUY,1998,49.246,
Guyana,GUY,1999,47.99,
Guyana,GUY,2000,46.739,64.651
Guyana,GUY,2001,45.585,64.665
Guyana,GUY,2002,44.503,64.629
Guyana,GUY,2003,43.427,64.681
Guyana,GUY,2004,42.485,64.858
Guyana,GUY,2005,41.585,65.052
Guyana,GUY,2006,40.73,65.304
Guyana,GUY,2007,39.917,65.672
Guyana,GUY,2008,39.141,65.755
Guyana,GUY,2009,38.33,66.087
Guyana,GUY,2010,37.585,66.146
Guyana,GUY,2011,36.844,66.135
Guyana,GUY,2012,36.042,66.172
Guyana,GUY,2013,35.235,66.242
Guyana,GUY,2014,34.331,66.552
Guyana,GUY,2015,33.324,66.953
Guyana,GUY,2016,32.371,67.567
Guyana,GUY,2017,31.448,68.194
Guyana,GUY,2018,30.471,68.747
Guyana,GUY,2019,29.559,68.732
Guyana,GUY,2020,28.641,66.939
Guyana,GUY,2021,27.783,66.078
Guyana,GUY,2022,26.929,
Guyana,GUY,2023,26.018,
Guyana,GUY,2024,25.21,
Honduras,HND,1956,235.775,
Honduras,HND,1957,228.151,
Honduras,HND,1958,220.732,
Honduras,HND,1959,213.401,
Honduras,HND,1960,206.443,
Honduras,HND,1961,199.837,
Honduras,HND,1962,193.405,
Honduras,HND,1963,187.201,
Honduras,HND,1964,180.961,
Honduras,HND,1965,174.982,
Honduras,HND,1966,168.971,
Honduras,HND,1967,163.008,
Honduras,HND,1968,157.21,
Honduras,HND,1969,151.527,
Honduras,HND,1970,145.878,
Honduras,HND,1971,140.362,
Honduras,HND,1972,134.903,
Honduras,HND,1973,129.546,
Honduras,HND,1974,149.92,
Honduras,HND,1975,119.139,
Honduras,HND,1976,114.081,
Honduras,HND,1977,109.119,
Honduras,HND,1978,104.335,
Honduras,HND,1979,99.648,
Honduras,HND,1980,95.083,
Honduras,HND,1981,90.666,
Honduras,HND,1982,86.372,
Honduras,HND,1983,82.235,
Honduras,HND,1984,78.285,
Honduras,HND,1985,74.522,
Honduras,HND,1986,70.946,
Honduras,HND,1987,67.504,
Honduras,HND,1988,64.278,
Honduras,HND,1989,61.206,
Honduras,HND,1990,58.315,
Honduras,HND,1991,55.589,
Honduras,HND,1992,53.054,
Honduras,HND,1993,50.699,
Honduras,HND,1994,48.523,
Honduras,HND,1995,46.445,
Honduras,HND,1996,44.473,
Honduras,HND,1997,42.591,
Honduras,HND,1998,65.547,
Honduras,HND,1999,38.998,
Honduras,HND,2000,37.28,69.763
Honduras,HND,2001,35.627,69.916
Honduras,HND,2002,34.042,70.081
Honduras,HND,2003,32.536,70.192
Honduras,HND,2004,31.123,70.34
Honduras,HND,2005,29.802,70.544
Honduras,HND,2006,28.574,70.745
Honduras,HND,2007,27.418,70.947
Honduras,HND,2008,26.358,70.986
Honduras,HND,2009,25.371,70.994
Honduras,HND,2010,24.427,70.834
Honduras,HND,2011,23.53,70.683
Honduras,HND,2012,22.696,68.995
Honduras,HND,2013,21.889,69.353
Honduras,HND,2014,21.109,69.522
Honduras,HND,2015,20.349,69.529
Honduras,HND,2016,19.62,71.092
Honduras,HND,2017,18.911,71.271
Honduras,HND,2018,18.249,71.313
Honduras,HND,2019,17.656,71.438
Honduras,HND,2020,17.069,70.335
Honduras,HND,2021,16.513,68.963
Honduras,HND,2022,15.981,
Honduras,HND,2023,15.468,
Honduras,HND,2024,14.955,
Croatia,HRV,1981,21.877,
Croatia,HRV,1982,20.953,
Croatia,HRV,1983,20.03,
Croatia,HRV,1984,19.062,
Croatia,HRV,1985,18.033,
Croatia,HRV,1986,16.955,
Croatia,HRV,1987,15.846,
Croatia,HRV,1988,14.771,
Croatia,HRV,1989,13.775,
Croatia,HRV,1990,12.884,
Croatia,HRV,1991,14.302,
Croatia,HRV,1992,11.46,
Croatia,HRV,1993,10.899,
Croatia,HRV,1994,10.416,
Croatia,HRV,1995,9.991,
Croatia,HRV,1996,9.613,
Croatia,HRV,1997,9.271,
Croatia,HRV,1998,8.953,
Croatia,HRV,1999,8.641,
Croatia,HRV,2000,8.336,74.752
Croatia,HRV,2001,8.026,75.003
Croatia,HRV,2002,7.708,75.013
Croatia,HRV,2003,8.17,74.861
Croatia,HRV,2004,7.058,75.62
Croatia,HRV,2005,6.739,75.476
Croatia,HRV,2006,6.436,76.029
Croatia,HRV,2007,6.152,75.918
Croatia,HRV,2008,5.892,76.072
Croatia,HRV,2009,5.659,76.446
Croatia,HRV,2010,5.454,76.798
Croatia,HRV,2011,5.287,77.211
Croatia,HRV,2012,5.157,77.359
Croatia,HRV,2013,5.056,77.853
Croatia,HRV,2014,4.976,78.056
Croatia,HRV,2015,4.913,77.607
Croatia,HRV,2016,4.861,78.286
Croatia,HRV,2017,4.813,78.126
Croatia,HRV,2018,4.767,78.339
Croatia,HRV,2019,4.724,78.602
Croatia,HRV,2020,4.683,77.865
Croatia,HRV,2021,4.642,76.862
Croatia,HRV,2022,4.598,
Croatia,HRV,2023,5.091,
Croatia,HRV,2024,5.646,
Haiti,HTI,1956,314.875,
Haiti,HTI,1957,309.157,
Haiti,HTI,1958,304.061,
Haiti,HTI,1959,298.922,
Haiti,HTI,1960,293.761,
Haiti,HTI,1961,289.076,
Haiti,HTI,1962,284.321,
Haiti,HTI,1963,279.947,
Haiti,HTI,1964,275.294,
Haiti,HTI,1965,270.668,
Haiti,HTI,1966,265.852,
Haiti,HTI,1967,260.855,
Haiti,HTI,1968,255.99,
Haiti,HTI,1969,250.766,
Haiti,HTI,1970,245.601,
Haiti,HTI,1971,240.301,
Haiti,HTI,1972,234.885,
Haiti,HTI,1973,229.18,
Haiti,HTI,1974,223.337,
Haiti,HTI,1975,217.643,
Haiti,HTI,1976,211.839,
Haiti,HTI,1977,206.302,
Haiti,HTI,1978,200.962,
Haiti,HTI,1979,195.65,
Haiti,HTI,1980,190.533,
Haiti,HTI,1981,185.49,
Haiti,HTI,1982,180.501,
Haiti,HTI,1983,175.471,
Haiti,HTI,1984,170.71,
Haiti,HTI,1985,166.038,
Haiti,HTI,1986,161.522,
Haiti,HTI,1987,157.135,
Haiti,HTI,1988,152.879,
Haiti,HTI,1989,148.687,
Haiti,HTI,1990,144.515,
Haiti,HTI,1991,140.327,
Haiti,HTI,1992,136.196,
Haiti,HTI,1993,131.921,
Haiti,HTI,1994,127.663,
Haiti,HTI,1995,123.312,
Haiti,HTI,1996,118.966,
Haiti,HTI,1997,114.716,
Haiti,HTI,1998,110.587,
Haiti,HTI,1999,106.624,
Haiti,HTI,2000,102.884,56.729
Haiti,HTI,2001,99.36,57.133
Haiti,HTI,2002,96.185,57.58
Haiti,HTI,2003,93.3,57.921
Haiti,HTI,2004,90.71,57.543
Haiti,HTI,2005,88.352,58.64
Haiti,HTI,2006,86.189,59.246
Haiti,HTI,2007,84.112,59.855
Haiti,HTI,2008,82.168,60.256
Haiti,HTI,2009,80.245,60.749
Haiti,HTI,2010,137.697,39.958
Haiti,HTI,2011,76.5,61.105
Haiti,HTI,2012,74.643,61.53
Haiti,HTI,2013,72.805,61.919
Haiti,HTI,2014,70.946,62.254
Haiti,HTI,2015,69.125,62.515
Haiti,HTI,2016,67.241,62.797
Haiti,HTI,2017,65.318,63.246
Haiti,HTI,2018,63.427,63.472
Haiti,HTI,2019,61.473,63.66
Haiti,HTI,2020,59.764,63.411
Haiti,HTI,2021,58.054,62.456
Haiti,HTI,2022,56.221,
Haiti,HTI,2023,54.426,
Haiti,HTI,2024,52.753,
Hungary,HUN,1949,110.904,
Hungary,HUN,1950,100.232,
Hungary,HUN,1951,90.721,
Hungary,HUN,1952,82.454,
Hungary,HUN,1953,75.617,
Hungary,HUN,1954,70.61,
Hungary,HUN,1955,67.549,
Hungary,HUN,1956,65.591,
Hungary,HUN,1957,63.376,
Hungary,HUN,1958,60.399,
Hungary,HUN,1959,57.125,
Hungary,HUN,1960,54.133,
Hungary,HUN,1961,51.568,
Hungary,HUN,1962,49.375,
Hungary,HUN,1963,47.529,
Hungary,HUN,1964,45.934,
Hungary,HUN,1965,44.523,
Hungary,HUN,1966,43.235,
Hungary,HUN,1967,42.0,
Hungary,HUN,1968,40.821,
Hungary,HUN,1969,39.751,
Hungary,HUN,1970,38.87,
Hungary,HUN,1971,38.319,
Hungary,HUN,1972,38.221,
Hungary,HUN,1973,38.349,
Hungary,HUN,1974,37.701,
Hungary,HUN,1975,35.463,
Hungary,HUN,1976,32.273,
Hungary,HUN,1977,29.293,
Hungary,HUN,1978,27.005,
Hungary,HUN,1979,25.206,
Hungary,HUN,1980,23.699,
Hungary,HUN,1981,22.563,
Hungary,HUN,1982,22.002,
Hungary,HUN,1983,21.95,
Hungary,HUN,1984,21.943,
Hungary,HUN,1985,21.512,
Hungary,HUN,1986,20.668,
Hungary,HUN,1987,19.662,
Hungary,HUN,1988,18.675,
Hungary,HUN,1989,17.83,
Hungary,HUN,1990,17.18,
Hungary,HUN,1991,16.546,
Hungary,HUN,1992,15.661,
Hungary,HUN,1993,14.498,
Hungary,HUN,1994,13.373,
Hungary,HUN,1995,12.531,
Hungary,HUN,1996,11.946,
Hungary,HUN,1997,11.492,
Hungary,HUN,1998,11.079,
Hungary,HUN,1999,10.635,
Hungary,HUN,2000,10.113,71.361
Hungary,HUN,2001,9.536,72.403
Hungary,HUN,2002,8.961,72.485
Hungary,HUN,2003,8.426,72.45
Hungary,HUN,2004,7.954,72.862
Hungary,HUN,2005,7.544,72.848
Hungary,HUN,2006,7.182,73.372
Hungary,HUN,2007,6.841,73.458
Hungary,HUN,2008,6.515,74.0
Hungary,HUN,2009,6.238,74.224
Hungary,HUN,2010,6.035,74.562
Hungary,HUN,2011,5.882,74.902
Hungary,HUN,2012,5.736,75.113
Hungary,HUN,2013,5.566,75.592
Hungary,HUN,2014,5.343,75.777
Hungary,HUN,2015,5.054,75.57
Hungary,HUN,2016,4.743,76.074
Hungary,HUN,2017,4.473,75.902
Hungary,HUN,2018,4.276,76.085
Hungary,HUN,2019,4.136,76.335
Hungary,HUN,2020,4.039,75.763
Hungary,HUN,2021,3.964,74.395
Hungary,HUN,2022,3.891,
Hungary,HUN,2023,3.803,
Hungary,HUN,2024,3.707,
Indonesia,IDN,1951,293.349,
Indonesia,IDN,1952,284.651,
Indonesia,IDN,1953,276.361,
Indonesia,IDN,1954,268.195,
Indonesia,IDN,1955,260.154,
Indonesia,IDN,1956,252.417,
Indonesia,IDN,1957,244.924,
Indonesia,IDN,1958,237.848,
Indonesia,IDN,1959,231.084,
Indonesia,IDN,1960,224.494,
Indonesia,IDN,1961,218.226,
Indonesia,IDN,1962,212.343,
Indonesia,IDN,1963,206.439,
Indonesia,IDN,1964,200.656,
Indonesia,IDN,1965,229.921,
Indonesia,IDN,1966,189.073,
Indonesia,IDN,1967,183.322,
Indonesia,IDN,1968,177.495,
Indonesia,IDN,1969,171.849,
Indonesia,IDN,1970,166.324,
Indonesia,IDN,1971,160.853,
Indonesia,IDN,1972,155.584,
Indonesia,IDN,1973,150.461,
Indonesia,IDN,1974,145.567,
Indonesia,IDN,1975,140.86,
Indonesia,IDN,1976,136.407,
Indonesia,IDN,1977,132.168,
Indonesia,IDN,1978,128.107,
Indonesia,IDN,1979,124.162,
Indonesia,IDN,1980,120.355,
Indonesia,IDN,1981,116.594,
Indonesia,IDN,1982,112.837,
Indonesia,IDN,1983,109.132,
Indonesia,IDN,1984,105.428,
Indonesia,IDN,1985,101.777,
Indonesia,IDN,1986,98.126,
Indonesia,IDN,1987,94.408,
Indonesia,IDN,1988,90.691,
Indonesia,IDN,1989,86.942,
Indonesia,IDN,1990,83.174,
Indonesia,IDN,1991,79.443,
Indonesia,IDN,1992,75.78,
Indonesia,IDN,1993,72.235,
Indonesia,IDN,1994,68.817,
Indonesia,IDN,1995,65.54,
Indonesia,IDN,1996,62.411,
Indonesia,IDN,1997,59.424,
Indonesia,IDN,1998,56.588,
Indonesia,IDN,1999,53.908,
Indonesia,IDN,2000,51.379,67.205
Indonesia,IDN,2001,48.999,67.442
Indonesia,IDN,2002,46.746,67.651
Indonesia,IDN,2003,44.612,67.847
Indonesia,IDN,2004,48.638,66.251
Indonesia,IDN,2005,40.712,68.235
Indonesia,IDN,2006,38.933,68.401
Indonesia,IDN,2007,37.223,68.638
Indonesia,IDN,2008,35.607,68.841
Indonesia,IDN,2009,34.08,69.024
Indonesia,IDN,2010,32.608,69.236
Indonesia,IDN,2011,31.203,69.523
Indonesia,IDN,2012,29.865,69.795
Indonesia,IDN,2013,28.581,70.054
Indonesia,IDN,2014,27.341,70.303
Indonesia,IDN,2015,26.124,70.539
Indonesia,IDN,2016,24.967,70.776
Indonesia,IDN,2017,23.849,71.001
Indonesia,IDN,2018,22.794,71.176
Indonesia,IDN,2019,21.783,71.401
Indonesia,IDN,2020,20.812,69.704
Indonesia,IDN,2021,19.913,68.262
Indonesia,IDN,2022,19.105,
Indonesia,IDN,2023,18.362,
Indonesia,IDN,2024,17.688,
India,IND,1953,268.197,
India,IND,1954,264.183,
India,IND,1955,260.026,
India,IND,1956,256.026,
India,IND,1957,252.203,
India,IND,1958,248.406,
India,IND,1959,244.792,
India,IND,1960,241.348,
India,IND,1961,238.056,
India,IND,1962,235.01,
India,IND,1963,232.19,
India,IND,1964,229.584,
India,IND,1965,226.962,
India,IND,1966,224.48,
India,IND,1967,222.116,
India,IND,1968,219.742,
India,IND,1969,217.075,
India,IND,1970,214.383,
India,IND,1971,211.443,
India,IND,1972,208.171,
India,IND,1973,204.516,
India,IND,1974,200.55,
India,IND,1975,196.085,
India,IND,1976,191.294,
India,IND,1977,186.121,
India,IND,1978,180.709,
India,IND,1979,175.221,
India,IND,1980,169.81,
India,IND,1981,164.639,
India,IND,1982,159.785,
India,IND,1983,155.238,
India,IND,1984,150.975,
India,IND,1985,146.847,
India,IND,1986,142.838,
India,IND,1987,138.818,
India,IND,1988,134.808,
India,IND,1989,130.852,
India,IND,1990,127.042,
India,IND,1991,123.386,
India,IND,1992,119.872,
India,IND,1993,116.462,
India,IND,1994,113.11,
India,IND,1995,109.7,
India,IND,1996,106.216,
India,IND,1997,102.671,
India,IND,1998,99.068,
India,IND,1999,95.427,
India,IND,2000,91.782,63.199
India,IND,2001,88.14,63.657
India,IND,2002,84.589,64.168
India,IND,2003,81.108,64.584
India,IND,2004,77.693,65.063
India,IND,2005,74.347,65.53
India,IND,2006,71.03,65.878
India,IND,2007,67.752,66.094
India,IND,2008,64.476,66.427
India,IND,2009,61.249,67.05
India,IND,2010,58.067,67.481
India,IND,2011,54.965,67.839
India,IND,2012,51.979,68.228
India,IND,2013,49.094,68.516
India,IND,2014,46.351,68.92
India,IND,2015,43.744,69.378
India,IND,2016,41.303,69.781
India,IND,2017,39.016,70.061
India,IND,2018,36.87,70.354
India,IND,2019,34.861,70.727
India,IND,2020,32.977,70.187
India,IND,2021,31.192,67.308
India,IND,2022,29.533,
India,IND,2023,27.994,
India,IND,2024,26.58,
Ireland,IRL,1949,56.356,
Ireland,IRL,1950,54.203,
Ireland,IRL,1951,51.955,
Ireland,IRL,1952,49.553,
Ireland,IRL,1953,47.151,
Ireland,IRL,1954,44.907,
Ireland,IRL,1955,42.915,
Ireland,IRL,1956,41.206,
Ireland,IRL,1957,39.75,
Ireland,IRL,1958,38.334,
Ireland,IRL,1959,36.816,
Ireland,IRL,1960,35.246,
Ireland,IRL,1961,33.805,
Ireland,IRL,1962,32.534,
Ireland,IRL,1963,31.328,
Ireland,IRL,1964,30.058,
Ireland,IRL,1965,28.674,
Ireland,IRL,1966,27.132,
Ireland,IRL,1967,25.511,
Ireland,IRL,1968,24.061,
Ireland,IRL,1969,22.965,
Ireland,IRL,1970,22.214,
Ireland,IRL,1971,21.738,
Ireland,IRL,1972,21.412,
Ireland,IRL,1973,21.085,
Ireland,IRL,1974,20.618,
Ireland,IRL,1975,19.953,
Ireland,IRL,1976,19.093,
Ireland,IRL,1977,18.053,
Ireland,IRL,1978,16.857,
Ireland,IRL,1979,15.552,
Ireland,IRL,1980,14.274,
Ireland,IRL,1981,13.19,
Ireland,IRL,1982,12.353,
Ireland,IRL,1983,11.695,
Ireland,IRL,1984,11.149,
Ireland,IRL,1985,10.712,
Ireland,IRL,1986,10.395,
Ireland,IRL,1987,10.167,
Ireland,IRL,1988,9.935,
Ireland,IRL,1989,9.609,
Ireland,IRL,1990,9.177,
Ireland,IRL,1991,8.653,
Ireland,IRL,1992,8.11,
Ireland,IRL,1993,7.658,
Ireland,IRL,1994,7.389,
Ireland,IRL,1995,7.287,
Ireland,IRL,1996,7.281,
Ireland,IRL,1997,7.311,
Ireland,IRL,1998,7.336,
Ireland,IRL,1999,7.3,
Ireland,IRL,2000,7.166,76.418
Ireland,IRL,2001,6.901,77.044
Ireland,IRL,2002,6.505,77.48
Ireland,IRL,2003,6.05,78.024
Ireland,IRL,2004,5.589,78.393
Ireland,IRL,2005,5.178,78.82
Ireland,IRL,2006,4.848,79.066
Ireland,IRL,2007,4.608,79.355
Ireland,IRL,2008,4.433,79.583
Ireland,IRL,2009,4.289,79.531
Ireland,IRL,2010,4.166,80.617
Ireland,IRL,2011,4.06,80.385
Ireland,IRL,2012,3.965,80.494
Ireland,IRL,2013,3.869,80.713
Ireland,IRL,2014,3.768,81.052
Ireland,IRL,2015,3.665,81.138
Ireland,IRL,2016,3.564,81.406
Ireland,IRL,2017,3.477,81.604
Ireland,IRL,2018,3.428,81.712
Ireland,IRL,2019,3.434,81.94
Ireland,IRL,2020,3.489,81.697
Ireland,IRL,2021,3.584,81.602
Ireland,IRL,2022,3.7,
Ireland,IRL,2023,3.802,
Ireland,IRL,2024,3.863,
Iran (Islamic Republic of),IRN,1971,189.194,
Iran (Islamic Republic of),IRN,1972,180.192,
Iran (Islamic Republic of),IRN,1973,171.658,
Iran (Islamic Republic of),IRN,1974,163.004,
Iran (Islamic Republic of),IRN,1975,154.321,
Iran (Islamic Republic of),IRN,1976,145.436,
Iran (Islamic Republic of),IRN,1977,136.305,
Iran (Islamic Republic of),IRN,1978,127.048,
Iran (Islamic Republic of),IRN,1979,117.914,
Iran (Islamic Republic of),IRN,1980,109.199,
Iran (Islamic Republic of),IRN,1981,101.048,
Iran (Islamic Republic of),IRN,1982,93.786,
Iran (Islamic Republic of),IRN,1983,87.338,
Iran (Islamic Republic of),IRN,1984,81.78,
Iran (Islamic Republic of),IRN,1985,76.872,
Iran (Islamic Republic of),IRN,1986,72.454,
Iran (Islamic Republic of),IRN,1987,68.412,
Iran (Islamic Republic of),IRN,1988,64.614,
Iran (Islamic Republic of),IRN,1989,61.124,
Iran (Islamic Republic of),IRN,1990,57.956,
Iran (Islamic Republic of),IRN,1991,55.087,
Iran (Islamic Republic of),IRN,1992,52.535,
Iran (Islamic Republic of),IRN,1993,50.292,
Iran (Islamic Republic of),IRN,1994,48.23,
Iran (Islamic Republic of),IRN,1995,46.245,
Iran (Islamic Republic of),IRN,1996,44.34,
Iran (Islamic Republic of),IRN,1997,42.395,
Iran (Islamic Republic of),IRN,1998,40.408,
Iran (Islamic Republic of),IRN,1999,38.395,
Iran (Islamic Republic of),IRN,2000,36.36,73.485
Iran (Islamic Republic of),IRN,2001,34.326,73.76
Iran (Islamic Republic of),IRN,2002,32.281,74.018
Iran (Islamic Republic of),IRN,2003,30.253,73.35
Iran (Islamic Republic of),IRN,2004,28.3,74.569
Iran (Islamic Republic of),IRN,2005,26.466,74.885
Iran (Islamic Republic of),IRN,2006,24.745,75.203
Iran (Islamic Republic of),IRN,2007,23.139,75.566
Iran (Islamic Republic of),IRN,2008,21.677,75.927
Iran (Islamic Republic of),IRN,2009,20.379,76.242
Iran (Islamic Republic of),IRN,2010,19.279,76.566
Iran (Islamic Republic of),IRN,2011,18.343,76.872
Iran (Islamic Republic of),IRN,2012,17.527,77.092
Iran (Islamic Republic of),IRN,2013,16.786,77.197
Iran (Islamic Republic of),IRN,2014,16.14,77.299
Iran (Islamic Republic of),IRN,2015,15.513,77.278
Iran (Islamic Republic of),IRN,2016,14.923,77.373
Iran (Islamic Republic of),IRN,2017,14.379,77.479
Iran (Islamic Republic of),IRN,2018,13.884,77.69
Iran (Islamic Republic of),IRN,2019,13.395,77.784
Iran (Islamic Republic of),IRN,2020,12.965,75.189
Iran (Islamic Republic of),IRN,2021,12.564,74.711
Iran (Islamic Republic of),IRN,2022,12.107,
Iran (Islamic Republic of),IRN,2023,11.692,
Iran (Islamic Republic of),IRN,2024,11.324,
Iraq,IRQ,1942,568.628,
Iraq,IRQ,1943,536.457,
Iraq,IRQ,1944,506.779,
Iraq,IRQ,1945,477.784,
Iraq,IRQ,1946,450.833,
Iraq,IRQ,1947,425.649,
Iraq,IRQ,1948,401.127,
Iraq,IRQ,1949,377.83,
Iraq,IRQ,1950,355.485,
Iraq,IRQ,1951,334.048,
Iraq,IRQ,1952,313.774,
Iraq,IRQ,1953,294.411,
Iraq,IRQ,1954,276.471,
Iraq,IRQ,1955,259.416,
Iraq,IRQ,1956,243.256,
Iraq,IRQ,1957,228.29,
Iraq,IRQ,1958,214.54,
Iraq,IRQ,1959,201.718,
Iraq,IRQ,1960,189.888,
Iraq,IRQ,1961,179.01,
Iraq,IRQ,1962,168.986,
Iraq,IRQ,1963,159.828,
Iraq,IRQ,1964,151.224,
Iraq,IRQ,1965,143.438,
Iraq,IRQ,1966,136.173,
Iraq,IRQ,1967,129.48,
Iraq,IRQ,1968,123.286,
Iraq,IRQ,1969,117.553,
Iraq,IRQ,1970,112.174,
Iraq,IRQ,1971,107.094,
Iraq,IRQ,1972,102.269,
Iraq,IRQ,1973,97.669,
Iraq,IRQ,1974,93.309,
Iraq,IRQ,1975,89.204,
Iraq,IRQ,1976,85.327,
Iraq,IRQ,1977,81.712,
Iraq,IRQ,1978,78.39,
Iraq,IRQ,1979,75.273,
Iraq,IRQ,1980,72.411,
Iraq,IRQ,1981,69.793,
Iraq,IRQ,1982,67.343,
Iraq,IRQ,1983,65.108,
Iraq,IRQ,1984,63.017,
Iraq,IRQ,1985,61.103,
Iraq,IRQ,1986,59.374,
Iraq,IRQ,1987,57.819,
Iraq,IRQ,1988,70.189,
Iraq,IRQ,1989,82.87,
Iraq,IRQ,1990,81.401,
Iraq,IRQ,1991,65.731,
Iraq,IRQ,1992,51.907,
Iraq,IRQ,1993,50.931,
Iraq,IRQ,1994,50.001,
Iraq,IRQ,1995,49.061,
Iraq,IRQ,1996,48.181,
Iraq,IRQ,1997,47.234,
Iraq,IRQ,1998,46.276,
Iraq,IRQ,1999,45.306,
Iraq,IRQ,2000,44.336,69.482
Iraq,IRQ,2001,43.41,69.81
Iraq,IRQ,2002,42.468,70.045
Iraq,IRQ,2003,41.563,68.914
Iraq,IRQ,2004,40.667,69.063
Iraq,IRQ,2005,39.725,68.683
Iraq,IRQ,2006,38.751,67.665
Iraq,IRQ,2007,37.725,67.808
Iraq,IRQ,2008,36.691,69.81
Iraq,IRQ,2009,35.591,70.617
Iraq,IRQ,2010,34.507,71.065
Iraq,IRQ,2011,33.436,71.399
Iraq,IRQ,2012,32.36,71.639
Iraq,IRQ,2013,31.32,71.234
Iraq,IRQ,2014,30.306,70.226
Iraq,IRQ,2015,29.329,71.006
Iraq,IRQ,2016,28.383,71.125
Iraq,IRQ,2017,27.459,71.606
Iraq,IRQ,2018,26.536,73.063
Iraq,IRQ,2019,25.683,72.9
Iraq,IRQ,2020,24.862,70.414
Iraq,IRQ,2021,24.041,71.466
Iraq,IRQ,2022,23.264,
Iraq,IRQ,2023,22.53,
Iraq,IRQ,2024,21.842,
Iceland,ISL,1949,32.199,
Iceland,ISL,1950,30.597,
Iceland,ISL,1951,29.1,
Iceland,ISL,1952,27.711,
Iceland,ISL,1953,26.443,
Iceland,ISL,1954,25.332,
Iceland,ISL,1955,24.37,
Iceland,ISL,1956,23.545,
Iceland,ISL,1957,22.854,
Iceland,ISL,1958,22.288,
Iceland,ISL,1959,21.818,
Iceland,ISL,1960,21.432,
Iceland,ISL,1961,21.069,
Iceland,ISL,1962,20.683,
Iceland,ISL,1963,20.244,
Iceland,ISL,1964,19.73,
Iceland,ISL,1965,19.142,
Iceland,ISL,1966,18.513,
Iceland,ISL,1967,17.856,
Iceland,ISL,1968,17.202,
Iceland,ISL,1969,16.569,
Iceland,ISL,1970,15.962,
Iceland,ISL,1971,15.357,
Iceland,ISL,1972,14.754,
Iceland,ISL,1973,14.137,
Iceland,ISL,1974,13.505,
Iceland,ISL,1975,12.85,
Iceland,ISL,1976,12.182,
Iceland,ISL,1977,11.524,
Iceland,ISL,1978,10.883,
Iceland,ISL,1979,10.269,
Iceland,ISL,1980,9.692,
Iceland,ISL,1981,9.17,
Iceland,ISL,1982,8.709,
Iceland,ISL,1983,8.302,
Iceland,ISL,1984,7.945,
Iceland,ISL,1985,7.631,
Iceland,ISL,1986,7.356,
Iceland,ISL,1987,7.105,
Iceland,ISL,1988,6.876,
Iceland,ISL,1989,6.649,
Iceland,ISL,1990,6.422,
Iceland,ISL,1991,6.189,
Iceland,ISL,1992,5.945,
Iceland,ISL,1993,5.692,
Iceland,ISL,1994,5.435,
Iceland,ISL,1995,5.167,
Iceland,ISL,1996,4.901,
Iceland,ISL,1997,4.639,
Iceland,ISL,1998,4.386,
Iceland,ISL,1999,4.144,
Iceland,ISL,2000,3.916,79.692
Iceland,ISL,2001,3.706,79.995
Iceland,ISL,2002,3.518,80.303
Iceland,ISL,2003,3.346,80.569
Iceland,ISL,2004,3.191,80.766
Iceland,ISL,2005,3.059,80.903
Iceland,ISL,2006,2.947,81.036
Iceland,ISL,2007,2.848,81.147
Iceland,ISL,2008,2.767,81.294
Iceland,ISL,2009,2.7,81.496
Iceland,ISL,2010,2.653,81.682
Iceland,ISL,2011,2.618,81.86
Iceland,ISL,2012,2.598,81.985
Iceland,ISL,2013,2.59,82.074
Iceland,ISL,2014,2.598,82.098
Iceland,ISL,2015,2.615,82.126
Iceland,ISL,2016,2.645,82.176
Iceland,ISL,2017,2.68,82.273
Iceland,ISL,2018,2.723,82.373
Iceland,ISL,2019,2.77,82.471
Iceland,ISL,2020,2.82,82.561
Iceland,ISL,2021,2.856,82.578
Iceland,ISL,2022,2.867,
Iceland,ISL,2023,2.856,
Iceland,ISL,2024,2.82,
Israel,ISR,1952,66.542,
Israel,ISR,1953,64.032,
Israel,ISR,1954,61.559,
Israel,ISR,1955,59.188,
Israel,ISR,1956,56.805,
Israel,ISR,1957,54.339,
Israel,ISR,1958,51.904,
Israel,ISR,1959,49.47,
Israel,ISR,1960,47.069,
Israel,ISR,1961,44.783,
Israel,ISR,1962,42.612,
Israel,ISR,1963,40.551,
Israel,ISR,1964,38.607,
Israel,ISR,1965,36.785,
Israel,ISR,1966,35.101,
Israel,ISR,1967,33.583,
Israel,ISR,1968,32.251,
Israel,ISR,1969,31.086,
Israel,ISR,1970,30.048,
Israel,ISR,1971,29.099,
Israel,ISR,1972,28.179,
Israel,ISR,1973,27.227,
Israel,ISR,1974,26.128,
Israel,ISR,1975,24.809,
Israel,ISR,1976,23.341,
Israel,ISR,1977,21.854,
Israel,ISR,1978,20.479,
Israel,ISR,1979,19.262,
Israel,ISR,1980,18.234,
Israel,ISR,1981,17.371,
Israel,ISR,1982,16.596,
Israel,ISR,1983,15.865,
Israel,ISR,1984,15.147,
Israel,ISR,1985,14.431,
Israel,ISR,1986,13.738,
Israel,ISR,1987,13.113,
Israel,ISR,1988,12.562,
Israel,ISR,1989,12.049,
Israel,ISR,1990,11.542,
Israel,ISR,1991,11.009,
Israel,ISR,1992,10.433,
Israel,ISR,1993,9.825,
Israel,ISR,1994,9.237,
Israel,ISR,1995,8.704,
Israel,ISR,1996,8.235,
Israel,ISR,1997,7.831,
Israel,ISR,1998,7.481,
Israel,ISR,1999,7.169,
Israel,ISR,2000,6.885,78.544
Israel,ISR,2001,6.616,78.806
Israel,ISR,2002,6.351,78.562
Israel,ISR,2003,6.086,79.097
Israel,ISR,2004,5.825,79.542
Israel,ISR,2005,5.573,79.707
Israel,ISR,2006,5.333,79.959
Israel,ISR,2007,5.111,80.123
Israel,ISR,2008,4.909,80.422
Israel,ISR,2009,4.727,81.129
Israel,ISR,2010,4.562,81.534
Israel,ISR,2011,4.409,81.649
Israel,ISR,2012,4.269,81.57
Israel,ISR,2013,4.141,81.922
Israel,ISR,2014,4.026,81.38
Israel,ISR,2015,3.922,81.911
Israel,ISR,2016,3.828,82.224
Israel,ISR,2017,3.738,82.381
Israel,ISR,2018,3.652,82.593
Israel,ISR,2019,3.576,82.573
Israel,ISR,2020,3.514,82.365
Israel,ISR,2021,3.464,81.745
Israel,ISR,2022,3.422,
Israel,ISR,2023,3.384,
Israel,ISR,2024,3.34,
Italy,ITA,1950,88.653,
Italy,ITA,1951,81.641,
Italy,ITA,1952,75.315,
Italy,ITA,1953,69.811,
Italy,ITA,1954,65.321,
Italy,ITA,1955,61.955,
Italy,ITA,1956,59.468,
Italy,ITA,1957,57.464,
Italy,ITA,1958,55.681,
Italy,ITA,1959,53.888,
Italy,ITA,1960,51.95,
Italy,ITA,1961,49.844,
Italy,ITA,1962,47.608,
Italy,ITA,1963,45.322,
Italy,ITA,1964,43.115,
Italy,ITA,1965,41.112,
Italy,ITA,1966,39.341,
Italy,ITA,1967,37.799,
Italy,ITA,1968,36.432,
Italy,ITA,1969,35.079,
Italy,ITA,1970,33.572,
Italy,ITA,1971,31.831,
Italy,ITA,1972,29.807,
Italy,ITA,1973,27.561,
Italy,ITA,1974,25.261,
Italy,ITA,1975,23.084,
Italy,ITA,1976,21.132,
Italy,ITA,1977,19.484,
Italy,ITA,1978,18.134,
Italy,ITA,1979,17.019,
Italy,ITA,1980,16.055,
Italy,ITA,1981,15.177,
Italy,ITA,1982,14.328,
Italy,ITA,1983,13.489,
Italy,ITA,1984,12.695,
Italy,ITA,1985,11.984,
Italy,ITA,1986,11.362,
Italy,ITA,1987,10.828,
Italy,ITA,1988,10.373,
Italy,ITA,1989,9.988,
Italy,ITA,1990,9.657,
Italy,ITA,1991,9.322,
Italy,ITA,1992,8.93,
Italy,ITA,1993,8.459,
Italy,ITA,1994,7.962,
Italy,ITA,1995,7.482,
Italy,ITA,1996,7.031,
Italy,ITA,1997,6.611,
Italy,ITA,1998,6.221,
Italy,ITA,1999,5.871,
Italy,ITA,2000,5.568,79.366
Italy,ITA,2001,5.3,79.677
Italy,ITA,2002,5.057,79.956
Italy,ITA,2003,4.832,79.817
Italy,ITA,2004,4.635,80.527
Italy,ITA,2005,4.472,80.511
Italy,ITA,2006,4.341,81.064
Italy,ITA,2007,4.235,81.177
Italy,ITA,2008,4.142,81.371
Italy,ITA,2009,4.055,81.522
Italy,ITA,2010,3.964,81.895
Italy,ITA,2011,3.869,81.829
Italy,ITA,2012,3.774,81.837
Italy,ITA,2013,3.684,82.288
Italy,ITA,2014,3.597,82.61
Italy,ITA,2015,3.511,82.204
Italy,ITA,2016,3.419,82.867
Italy,ITA,2017,3.315,82.522
Italy,ITA,2018,3.197,82.777
Italy,ITA,2019,3.079,82.985
Italy,ITA,2020,2.974,81.94
Italy,ITA,2021,2.886,82.197
Italy,ITA,2022,2.814,
Italy,ITA,2023,2.757,
Italy,ITA,2024,2.702,
Jamaica,JAM,1952,125.628,
Jamaica,JAM,1953,119.073,
Jamaica,JAM,1954,112.846,
Jamaica,JAM,1955,106.891,
Jamaica,JAM,1956,101.312,
Jamaica,JAM,1957,95.951,
Jamaica,JAM,1958,90.949,
Jamaica,JAM,1959,86.244,
Jamaica,JAM,1960,82.009,
Jamaica,JAM,1961,78.17,
Jamaica,JAM,1962,74.752,
Jamaica,JAM,1963,71.778,
Jamaica,JAM,1964,69.217,
Jamaica,JAM,1965,66.932,
Jamaica,JAM,1966,64.772,
Jamaica,JAM,1967,62.685,
Jamaica,JAM,1968,60.614,
Jamaica,JAM,1969,58.438,
Jamaica,JAM,1970,56.15,
Jamaica,JAM,1971,53.82,
Jamaica,JAM,1972,51.408,
Jamaica,JAM,1973,49.084,
Jamaica,JAM,1974,46.928,
Jamaica,JAM,1975,44.966,
Jamaica,JAM,1976,43.234,
Jamaica,JAM,1977,41.639,
Jamaica,JAM,1978,40.114,
Jamaica,JAM,1979,38.794,
Jamaica,JAM,1980,37.46,
Jamaica,JAM,1981,36.199,
Jamaica,JAM,1982,35.036,
Jamaica,JAM,1983,33.949,
Jamaica,JAM,1984,32.893,
Jamaica,JAM,1985,31.959,
Jamaica,JAM,1986,31.043,
Jamaica,JAM,1987,30.226,
Jamaica,JAM,1988,29.444,
Jamaica,JAM,1989,28.682,
Jamaica,JAM,1990,27.967,
Jamaica,JAM,1991,27.269,
Jamaica,JAM,1992,26.529,
Jamaica,JAM,1993,25.77,
Jamaica,JAM,1994,25.025,
Jamaica,JAM,1995,24.253,
Jamaica,JAM,1996,23.449,
Jamaica,JAM,1997,22.628,
Jamaica,JAM,1998,21.868,
Jamaica,JAM,1999,21.148,
Jamaica,JAM,2000,20.498,72.253
Jamaica,JAM,2001,19.97,72.143
Jamaica,JAM,2002,19.57,73.033
Jamaica,JAM,2003,19.301,73.461
Jamaica,JAM,2004,19.148,73.718
Jamaica,JAM,2005,19.085,71.362
Jamaica,JAM,2006,19.084,74.45
Jamaica,JAM,2007,19.102,69.586
Jamaica,JAM,2008,19.1,70.638
Jamaica,JAM,2009,19.077,72.198
Jamaica,JAM,2010,19.044,73.958
Jamaica,JAM,2011,18.981,72.861
Jamaica,JAM,2012,18.927,74.19
Jamaica,JAM,2013,18.863,74.22
Jamaica,JAM,2014,18.796,73.239
Jamaica,JAM,2015,18.726,72.289
Jamaica,JAM,2016,18.692,72.33
Jamaica,JAM,2017,18.703,72.331
Jamaica,JAM,2018,18.741,72.518
Jamaica,JAM,2019,18.773,72.236
Jamaica,JAM,2020,18.729,72.64
Jamaica,JAM,2021,18.603,70.144
Jamaica,JAM,2022,18.4,
Jamaica,JAM,2023,18.127,
Jamaica,JAM,2024,17.794,
Jordan,JOR,1945,358.306,
Jordan,JOR,1946,339.73,
Jordan,JOR,1947,322.129,
Jordan,JOR,1948,305.489,
Jordan,JOR,1949,289.513,
Jordan,JOR,1950,274.787,
Jordan,JOR,1951,260.27,
Jordan,JOR,1952,246.297,
Jordan,JOR,1953,233.229,
Jordan,JOR,1954,220.594,
Jordan,JOR,1955,208.279,
Jordan,JOR,1956,196.656,
Jordan,JOR,1957,185.595,
Jordan,JOR,1958,174.957,
Jordan,JOR,1959,164.943,
Jordan,JOR,1960,155.443,
Jordan,JOR,1961,146.539,
Jordan,JOR,1962,138.181,
Jordan,JOR,1963,130.45,
Jordan,JOR,1964,123.22,
Jordan,JOR,1965,116.585,
Jordan,JOR,1966,110.433,
Jordan,JOR,1967,104.681,
Jordan,JOR,1968,99.396,
Jordan,JOR,1969,94.451,
Jordan,JOR,1970,89.829,
Jordan,JOR,1971,85.474,
Jordan,JOR,1972,81.318,
Jordan,JOR,1973,77.419,
Jordan,JOR,1974,73.729,
Jordan,JOR,1975,70.209,
Jordan,JOR,1976,66.851,
Jordan,JOR,1977,63.688,
Jordan,JOR,1978,60.69,
Jordan,JOR,1979,57.86,
Jordan,JOR,1980,55.189,
Jordan,JOR,1981,52.679,
Jordan,JOR,1982,50.268,
Jordan,JOR,1983,47.978,
Jordan,JOR,1984,45.826,
Jordan,JOR,1985,43.768,
Jordan,JOR,1986,41.838,
Jordan,JOR,1987,40.055,
Jordan,JOR,1988,38.447,
Jordan,JOR,1989,36.97,
Jordan,JOR,1990,35.586,
Jordan,JOR,1991,34.345,
Jordan,JOR,1992,33.175,
Jordan,JOR,1993,32.105,
Jordan,JOR,1994,31.084,
Jordan,JOR,1995,30.115,
Jordan,JOR,1996,29.206,
Jordan,JOR,1997,28.317,
Jordan,JOR,1998,27.463,
Jordan,JOR,1999,26.63,
Jordan,JOR,2000,25.814,72.722
Jordan,JOR,2001,25.006,72.68
Jordan,JOR,2002,24.221,72.928
Jordan,JOR,2003,23.458,73.517
Jordan,JOR,2004,22.721,73.563
Jordan,JOR,2005,22.012,73.427
Jordan,JOR,2006,21.325,73.853
Jordan,JOR,2007,20.676,74.975
Jordan,JOR,2008,20.056,75.812
Jordan,JOR,2009,19.463,76.347
Jordan,JOR,2010,18.909,76.689
Jordan,JOR,2011,18.377,76.908
Jordan,JOR,2012,17.884,77.131
Jordan,JOR,2013,17.418,77.525
Jordan,JOR,2014,16.965,77.97
Jordan,JOR,2015,16.531,78.509
Jordan,JOR,2016,16.115,78.76
Jordan,JOR,2017,15.698,79.143
Jordan,JOR,2018,15.297,79.632
Jordan,JOR,2019,14.898,79.785
Jordan,JOR,2020,14.51,77.56
Jordan,JOR,2021,14.129,75.65
Jordan,JOR,2022,13.716,
Jordan,JOR,2023,13.325,
Jordan,JOR,2024,12.939,
Japan,JPN,1949,101.377,
Japan,JPN,1950,91.471,
Japan,JPN,1951,82.651,
Japan,JPN,1952,74.908,
Japan,JPN,1953,68.277,
Japan,JPN,1954,62.691,
Japan,JPN,1955,57.987,
Japan,JPN,1956,53.955,
Japan,JPN,1957,50.34,
Japan,JPN,1958,46.846,
Japan,JPN,1959,43.323,
Japan,JPN,1960,39.781,
Japan,JPN,1961,36.251,
Japan,JPN,1962,32.866,
Japan,JPN,1963,29.749,
Japan,JPN,1964,26.982,
Japan,JPN,1965,24.602,
Japan,JPN,1966,22.619,
Japan,JPN,1967,20.98,
Japan,JPN,1968,19.616,
Japan,JPN,1969,18.461,
Japan,JPN,1970,17.452,
Japan,JPN,1971,16.54,
Japan,JPN,1972,15.689,
Japan,JPN,1973,14.865,
Japan,JPN,1974,14.056,
Japan,JPN,1975,13.268,
Japan,JPN,1976,12.51,
Japan,JPN,1977,11.785,
Japan,JPN,1978,11.108,
Japan,JPN,1979,10.482,
Japan,JPN,1980,9.896,
Japan,JPN,1981,9.344,
Japan,JPN,1982,8.824,
Japan,JPN,1983,8.335,
Japan,JPN,1984,7.88,
Japan,JPN,1985,7.474,
Japan,JPN,1986,7.122,
Japan,JPN,1987,6.832,
Japan,JPN,1988,6.607,
Japan,JPN,1989,6.441,
Japan,JPN,1990,6.322,
Japan,JPN,1991,6.227,
Japan,JPN,1992,6.137,
Japan,JPN,1993,6.023,
Japan,JPN,1994,5.874,
Japan,JPN,1995,5.687,
Japan,JPN,1996,5.463,
Japan,JPN,1997,5.219,
Japan,JPN,1998,4.969,
Japan,JPN,1999,4.726,
Japan,JPN,2000,4.5,81.53
Japan,JPN,2001,4.3,81.842
Japan,JPN,2002,4.127,82.101
Japan,JPN,2003,3.981,82.14
Japan,JPN,2004,3.855,82.37
Japan,JPN,2005,3.744,82.238
Japan,JPN,2006,3.638,82.592
Japan,JPN,2007,3.537,82.759
Japan,JPN,2008,3.445,82.833
Japan,JPN,2009,3.358,83.158
Japan,JPN,2010,3.269,83.083
Japan,JPN,2011,3.278,82.827
Japan,JPN,2012,3.066,83.327
Japan,JPN,2013,2.96,83.56
Japan,JPN,2014,2.856,83.795
Japan,JPN,2015,2.76,84.0
Japan,JPN,2016,2.673,84.157
Japan,JPN,2017,2.594,84.258
Japan,JPN,2018,2.521,84.351
Japan,JPN,2019,2.456,84.467
Japan,JPN,2020,2.407,84.663
Japan,JPN,2021,2.382,84.461
Japan,JPN,2022,2.381,
Japan,JPN,2023,2.401,
Japan,JPN,2024,2.434,
Kazakhstan,KAZ,1971,85.624,
Kazakhstan,KAZ,1972,83.507,
Kazakhstan,KAZ,1973,81.598,
Kazakhstan,KAZ,1974,79.75,
Kazakhstan,KAZ,1975,78.064,
Kazakhstan,KAZ,1976,76.51,
Kazakhstan,KAZ,1977,75.171,
Kazakhstan,KAZ,1978,73.69,
Kazakhstan,KAZ,1979,72.162,
Kazakhstan,KAZ,1980,70.219,
Kazakhstan,KAZ,1981,68.101,
Kazakhstan,KAZ,1982,65.848,
Kazakhstan,KAZ,1983,63.632,
Kazakhstan,KAZ,1984,61.413,
Kazakhstan,KAZ,1985,59.172,
Kazakhstan,KAZ,1986,56.97,
Kazakhstan,KAZ,1987,55.005,
Kazakhstan,KAZ,1988,53.229,
Kazakhstan,KAZ,1989,51.859,
Kazakhstan,KAZ,1990,51.056,
Kazakhstan,KAZ,1991,50.818,
Kazakhstan,KAZ,1992,51.09,
Kazakhstan,KAZ,1993,51.669,
Kazakhstan,KAZ,1994,52.109,
Kazakhstan,KAZ,1995,51.931,
Kazakhstan,KAZ,1996,50.966,
Kazakhstan,KAZ,1997,49.323,
Kazakhstan,KAZ,1998,47.146,
Kazakhstan,KAZ,1999,44.696,
Kazakhstan,KAZ,2000,42.125,64.353
Kazakhstan,KAZ,2001,39.604,64.709
Kazakhstan,KAZ,2002,37.228,65.031
Kazakhstan,KAZ,2003,35.072,64.778
Kazakhstan,KAZ,2004,33.007,65.116
Kazakhstan,KAZ,2005,30.99,65.067
Kazakhstan,KAZ,2006,28.926,65.425
Kazakhstan,KAZ,2007,26.826,65.801
Kazakhstan,KAZ,2008,24.673,67.143
Kazakhstan,KAZ,2009,22.503,68.516
Kazakhstan,KAZ,2010,20.37,68.51
Kazakhstan,KAZ,2011,18.306,69.128
Kazakhstan,KAZ,2012,16.343,69.678
Kazakhstan,KAZ,2013,14.541,70.676
Kazakhstan,KAZ,2014,13.026,71.475
Kazakhstan,KAZ,2015,11.862,71.979
Kazakhstan,KAZ,2016,11.046,72.396
Kazakhstan,KAZ,2017,10.549,72.968
Kazakhstan,KAZ,2018,10.319,73.168
Kazakhstan,KAZ,2019,10.212,73.203
Kazakhstan,KAZ,2020,10.113,71.321
Kazakhstan,KAZ,2021,9.984,70.275
Kazakhstan,KAZ,2022,9.827,
Kazakhstan,KAZ,2023,9.643,
Kazakhstan,KAZ,2024,9.437,
Kenya,KEN,1952,300.242,
Kenya,KEN,1953,283.619,
Kenya,KEN,1954,267.877,
Kenya,KEN,1955,253.504,
Kenya,KEN,1956,240.039,
Kenya,KEN,1957,227.751,
Kenya,KEN,1958,216.568,
Kenya,KEN,1959,206.415,
Kenya,KEN,1960,197.211,
Kenya,KEN,1961,189.074,
Kenya,KEN,1962,181.954,
Kenya,KEN,1963,175.837,
Kenya,KEN,1964,170.707,
Kenya,KEN,1965,166.588,
Kenya,KEN,1966,163.189,
Kenya,KEN,1967,160.007,
Kenya,KEN,1968,156.843,
Kenya,KEN,1969,153.569,
Kenya,KEN,1970,150.222,
Kenya,KEN,1971,146.753,
Kenya,KEN,1972,143.156,
Kenya,KEN,1973,139.281,
Kenya,KEN,1974,135.169,
Kenya,KEN,1975,130.988,
Kenya,KEN,1976,126.616,
Kenya,KEN,1977,122.211,
Kenya,KEN,1978,117.79,
Kenya,KEN,1979,113.542,
Kenya,KEN,1980,109.657,
Kenya,KEN,1981,105.968,
Kenya,KEN,1982,102.713,
Kenya,KEN,1983,99.834,
Kenya,KEN,1984,97.477,
Kenya,KEN,1985,95.85,
Kenya,KEN,1986,95.08,
Kenya,KEN,1987,95.215,
Kenya,KEN,1988,96.444,
Kenya,KEN,1989,98.59,
Kenya,KEN,1990,101.405,
Kenya,KEN,1991,104.415,
Kenya,KEN,1992,107.096,
Kenya,KEN,1993,108.984,
Kenya,KEN,1994,109.734,
Kenya,KEN,1995,109.332,
Kenya,KEN,1996,108.008,
Kenya,KEN,1997,105.886,
Kenya,KEN,1998,102.994,
Kenya,KEN,1999,99.465,
Kenya,KEN,2000,95.192,54.092
Kenya,KEN,2001,90.521,54.333
Kenya,KEN,2002,85.643,54.587
Kenya,KEN,2003,80.835,54.912
Kenya,KEN,2004,76.099,55.51
Kenya,KEN,2005,71.195,56.395
Kenya,KEN,2006,66.849,57.464
Kenya,KEN,2007,62.907,58.551
Kenya,KEN,2008,57.971,59.485
Kenya,KEN,2009,55.195,60.491
Kenya,KEN,2010,53.143,61.283
Kenya,KEN,2011,51.671,61.981
Kenya,KEN,2012,50.664,62.616
Kenya,KEN,2013,49.442,63.116
Kenya,KEN,2014,48.283,63.637
Kenya,KEN,2015,46.786,64.3
Kenya,KEN,2016,45.462,65.032
Kenya,KEN,2017,44.723,65.611
Kenya,KEN,2018,43.677,66.069
Kenya,KEN,2019,42.708,66.501
Kenya,KEN,2020,42.095,66.793
Kenya,KEN,2021,41.297,66.762
Kenya,KEN,2022,40.544,
Kenya,KEN,2023,39.625,
Kenya,KEN,2024,38.848,
Kyrgyzstan,KGZ,1975,113.452,
Kyrgyzstan,KGZ,1976,111.069,
Kyrgyzstan,KGZ,1977,108.534,
Kyrgyzstan,KGZ,1978,106.104,
Kyrgyzstan,KGZ,1979,103.531,
Kyrgyzstan,KGZ,1980,100.48,
Kyrgyzstan,KGZ,1981,96.824,
Kyrgyzstan,KGZ,1982,92.987,
Kyrgyzstan,KGZ,1983,88.67,
Kyrgyzstan,KGZ,1984,84.088,
Kyrgyzstan,KGZ,1985,79.617,
Kyrgyzstan,KGZ,1986,75.154,
Kyrgyzstan,KGZ,1987,71.179,
Kyrgyzstan,KGZ,1988,67.863,
Kyrgyzstan,KGZ,1989,65.489,
Kyrgyzstan,KGZ,1990,64.549,
Kyrgyzstan,KGZ,1991,64.654,
Kyrgyzstan,KGZ,1992,65.157,
Kyrgyzstan,KGZ,1993,65.532,
Kyrgyzstan,KGZ,1994,65.252,
Kyrgyzstan,KGZ,1995,63.986,
Kyrgyzstan,KGZ,1996,61.791,
Kyrgyzstan,KGZ,1997,59.131,
Kyrgyzstan,KGZ,1998,56.387,
Kyrgyzstan,KGZ,1999,53.552,
Kyrgyzstan,KGZ,2000,50.808,65.935
Kyrgyzstan,KGZ,2001,48.099,66.683
Kyrgyzstan,KGZ,2002,45.473,66.255
Kyrgyzstan,KGZ,2003,42.992,66.271
Kyrgyzstan,KGZ,2004,40.876,66.991
Kyrgyzstan,KGZ,2005,39.178,67.043
Kyrgyzstan,KGZ,2006,37.624,67.105
Kyrgyzstan,KGZ,2007,35.882,67.791
Kyrgyzstan,KGZ,2008,33.8,68.295
Kyrgyzstan,KGZ,2009,31.591,68.888
Kyrgyzstan,KGZ,2010,29.476,69.192
Kyrgyzstan,KGZ,2011,27.578,69.544
Kyrgyzstan,KGZ,2012,26.004,69.96
Kyrgyzstan,KGZ,2013,24.709,70.729
Kyrgyzstan,KGZ,2014,23.517,70.896
Kyrgyzstan,KGZ,2015,22.307,71.543
Kyrgyzstan,KGZ,2016,21.089,72.67
Kyrgyzstan,KGZ,2017,19.969,72.809
Kyrgyzstan,KGZ,2018,19.021,73.289
Kyrgyzstan,KGZ,2019,18.304,73.586
Kyrgyzstan,KGZ,2020,17.815,71.471
Kyrgyzstan,KGZ,2021,17.482,72.185
Kyrgyzstan,KGZ,2022,17.252,
Kyrgyzstan,KGZ,2023,17.03,
Kyrgyzstan,KGZ,2024,16.782,
Cambodia,KHM,1975,535.0,
Cambodia,KHM,1976,551.269,
Cambodia,KHM,1977,543.024,
Cambodia,KHM,1978,518.745,
Cambodia,KHM,1979,207.281,
Cambodia,KHM,1980,181.464,
Cambodia,KHM,1981,159.141,
Cambodia,KHM,1982,141.897,
Cambodia,KHM,1983,130.577,
Cambodia,KHM,1984,124.154,
Cambodia,KHM,1985,120.568,
Cambodia,KHM,1986,118.36,
Cambodia,KHM,1987,116.939,
Cambodia,KHM,1988,116.254,
Cambodia,KHM,1989,116.202,
Cambodia,KHM,1990,116.25,
Cambodia,KHM,1991,116.256,
Cambodia,KHM,1992,116.398,
Cambodia,KHM,1993,117.034,
Cambodia,KHM,1994,117.983,
Cambodia,KHM,1995,119.019,
Cambodia,KHM,1996,119.518,
Cambodia,KHM,1997,118.839,
Cambodia,KHM,1998,116.545,
Cambodia,KHM,1999,112.105,
Cambodia,KHM,2000,105.179,59.102
Cambodia,KHM,2001,95.952,60.025
Cambodia,KHM,2002,86.182,60.988
Cambodia,KHM,2003,77.502,61.894
Cambodia,KHM,2004,70.39,62.733
Cambodia,KHM,2005,64.388,63.579
Cambodia,KHM,2006,59.282,64.394
Cambodia,KHM,2007,54.88,65.079
Cambodia,KHM,2008,50.841,65.75
Cambodia,KHM,2009,47.025,66.285
Cambodia,KHM,2010,43.489,66.736
Cambodia,KHM,2011,40.269,67.254
Cambodia,KHM,2012,37.244,67.723
Cambodia,KHM,2013,34.474,68.095
Cambodia,KHM,2014,32.015,68.406
Cambodia,KHM,2015,29.6,68.667
Cambodia,KHM,2016,27.506,68.91
Cambodia,KHM,2017,25.649,69.127
Cambodia,KHM,2018,24.077,69.356
Cambodia,KHM,2019,22.805,69.558
Cambodia,KHM,2020,21.774,69.841
Cambodia,KHM,2021,20.799,68.924
Cambodia,KHM,2022,19.928,
Cambodia,KHM,2023,19.126,
Cambodia,KHM,2024,18.41,
Kiribati,KIR,1946,223.01,
Kiribati,KIR,1947,222.076,
Kiribati,KIR,1948,221.126,
Kiribati,KIR,1949,220.041,
Kiribati,KIR,1950,219.491,
Kiribati,KIR,1951,218.729,
Kiribati,KIR,1952,217.922,
Kiribati,KIR,1953,217.205,
Kiribati,KIR,1954,216.071,
Kiribati,KIR,1955,214.524,
Kiribati,KIR,1956,212.548,
Kiribati,KIR,1957,209.912,
Kiribati,KIR,1958,206.985,
Kiribati,KIR,1959,203.243,
Kiribati,KIR,1960,198.999,
Kiribati,KIR,1961,194.184,
Kiribati,KIR,1962,188.703,
Kiribati,KIR,1963,182.722,
Kiribati,KIR,1964,176.485,
Kiribati,KIR,1965,169.973,
Kiribati,KIR,1966,163.645,
Kiribati,KIR,1967,157.416,
Kiribati,KIR,1968,151.425,
Kiribati,KIR,1969,145.835,
Kiribati,KIR,1970,140.846,
Kiribati,KIR,1971,136.275,
Kiribati,KIR,1972,132.338,
Kiribati,KIR,1973,129.081,
Kiribati,KIR,1974,126.855,
Kiribati,KIR,1975,125.002,
Kiribati,KIR,1976,123.684,
Kiribati,KIR,1977,122.532,
Kiribati,KIR,1978,121.392,
Kiribati,KIR,1979,120.152,
Kiribati,KIR,1980,118.679,
Kiribati,KIR,1981,117.16,
Kiribati,KIR,1982,115.216,
Kiribati,KIR,1983,113.145,
Kiribati,KIR,1984,110.872,
Kiribati,KIR,1985,108.344,
Kiribati,KIR,1986,105.489,
Kiribati,KIR,1987,102.227,
Kiribati,KIR,1988,98.681,
Kiribati,KIR,1989,94.848,
Kiribati,KIR,1990,91.154,
Kiribati,KIR,1991,87.524,
Kiribati,KIR,1992,84.209,
Kiribati,KIR,1993,81.205,
Kiribati,KIR,1994,78.548,
Kiribati,KIR,1995,76.084,
Kiribati,KIR,1996,73.911,
Kiribati,KIR,1997,71.878,
Kiribati,KIR,1998,69.812,
Kiribati,KIR,1999,67.788,
Kiribati,KIR,2000,65.824,60.084
Kiribati,KIR,2001,64.053,60.392
Kiribati,KIR,2002,62.53,60.6
Kiribati,KIR,2003,61.416,60.8
Kiribati,KIR,2004,60.658,60.913
Kiribati,KIR,2005,60.123,61.019
Kiribati,KIR,2006,59.677,61.1
Kiribati,KIR,2007,59.201,61.187
Kiribati,KIR,2008,58.694,61.27
Kiribati,KIR,2009,58.152,61.323
Kiribati,KIR,2010,57.722,61.36
Kiribati,KIR,2011,57.481,61.402
Kiribati,KIR,2012,57.416,61.477
Kiribati,KIR,2013,57.68,61.573
Kiribati,KIR,2014,57.985,61.631
Kiribati,KIR,2015,58.616,61.685
Kiribati,KIR,2016,59.138,61.758
Kiribati,KIR,2017,59.555,61.818
Kiribati,KIR,2018,59.563,60.749
Kiribati,KIR,2019,59.115,62.138
Kiribati,KIR,2020,58.332,61.877
Kiribati,KIR,2021,57.226,60.873
Kiribati,KIR,2022,55.943,
Kiribati,KIR,2023,54.525,
Kiribati,KIR,2024,53.094,
Saint Kitts and Nevis,KNA,1973,61.679,
Saint Kitts and Nevis,KNA,1974,60.406,
Saint Kitts and Nevis,KNA,1975,59.155,
Saint Kitts and Nevis,KNA,1976,57.845,
Saint Kitts and Nevis,KNA,1977,56.444,
Saint Kitts and Nevis,KNA,1978,54.841,
Saint Kitts and Nevis,KNA,1979,52.917,
Saint Kitts and Nevis,KNA,1980,50.596,
Saint Kitts and Nevis,KNA,1981,48.003,
Saint Kitts and Nevis,KNA,1982,45.275,
Saint Kitts and Nevis,KNA,1983,42.544,
Saint Kitts and Nevis,KNA,1984,39.944,
Saint Kitts and Nevis,KNA,1985,37.598,
Saint Kitts and Nevis,KNA,1986,35.568,
Saint Kitts and Nevis,KNA,1987,33.807,
Saint Kitts and Nevis,KNA,1988,32.38,
Saint Kitts and Nevis,KNA,1989,31.199,
Saint Kitts and Nevis,KNA,1990,30.287,
Saint Kitts and Nevis,KNA,1991,29.557,
Saint Kitts and Nevis,KNA,1992,28.967,
Saint Kitts and Nevis,KNA,1993,28.486,
Saint Kitts and Nevis,KNA,1994,28.038,
Saint Kitts and Nevis,KNA,1995,27.549,
Saint Kitts and Nevis,KNA,1996,27.026,
Saint Kitts and Nevis,KNA,1997,26.382,
Saint Kitts and Nevis,KNA,1998,25.631,
Saint Kitts and Nevis,KNA,1999,24.806,
Saint Kitts and Nevis,KNA,2000,23.892,
Saint Kitts and Nevis,KNA,2001,22.941,
Saint Kitts and Nevis,KNA,2002,22.002,
Saint Kitts and Nevis,KNA,2003,21.103,
Saint Kitts and Nevis,KNA,2004,20.339,
Saint Kitts and Nevis,KNA,2005,19.72,
Saint Kitts and Nevis,KNA,2006,19.244,
Saint Kitts and Nevis,KNA,2007,18.918,
Saint Kitts and Nevis,KNA,2008,18.752,
Saint Kitts and Nevis,KNA,2009,18.722,
Saint Kitts and Nevis,KNA,2010,18.772,
Saint Kitts and Nevis,KNA,2011,18.9,
Saint Kitts and Nevis,KNA,2012,19.087,
Saint Kitts and Nevis,KNA,2013,19.301,
Saint Kitts and Nevis,KNA,2014,19.442,
Saint Kitts and Nevis,KNA,2015,19.44,
Saint Kitts and Nevis,KNA,2016,19.262,
Saint Kitts and Nevis,KNA,2017,18.968,
Saint Kitts and Nevis,KNA,2018,18.611,
Saint Kitts and Nevis,KNA,2019,18.223,
Saint Kitts and Nevis,KNA,2020,17.772,
Saint Kitts and Nevis,KNA,2021,17.32,
Saint Kitts and Nevis,KNA,2022,16.827,
Saint Kitts and Nevis,KNA,2023,16.367,
Saint Kitts and Nevis,KNA,2024,15.854,
Republic of Korea,KOR,1950,369.445,
Republic of Korea,KOR,1951,312.943,
Republic of Korea,KOR,1952,266.077,
Republic of Korea,KOR,1953,227.558,
Republic of Korea,KOR,1954,196.567,
Republic of Korea,KOR,1955,172.339,
Republic of Korea,KOR,1956,153.663,
Republic of Korea,KOR,1957,139.21,
Republic of Korea,KOR,1958,128.211,
Republic of Korea,KOR,1959,119.682,
Republic of Korea,KOR,1960,112.894,
Republic of Korea,KOR,1961,107.249,
Republic of Korea,KOR,1962,102.251,
Republic of Korea,KOR,1963,97.393,
Republic of Korea,KOR,1964,92.418,
Republic of Korea,KOR,1965,87.257,
Republic of Korea,KOR,1966,81.943,
Republic of Korea,KOR,1967,76.478,
Republic of Korea,KOR,1968,71.145,
Republic of Korea,KOR,1969,66.034,
Republic of Korea,KOR,1970,61.365,
Republic of Korea,KOR,1971,57.216,
Republic of Korea,KOR,1972,53.684,
Republic of Korea,KOR,1973,50.77,
Republic of Korea,KOR,1974,48.32,
Republic of Korea,KOR,1975,46.185,
Republic of Korea,KOR,1976,44.249,
Republic of Korea,KOR,1977,42.359,
Republic of Korea,KOR,1978,40.449,
Republic of Korea,KOR,1979,38.451,
Republic of Korea,KOR,1980,36.275,
Republic of Korea,KOR,1981,33.986,
Republic of Korea,KOR,1982,31.634,
Republic of Korea,KOR,1983,29.263,
Republic of Korea,KOR,1984,26.908,
Republic of Korea,KOR,1985,24.616,
Republic of Korea,KOR,1986,22.449,
Republic of Korea,KOR,1987,20.47,
Republic of Korea,KOR,1988,18.697,
Republic of Korea,KOR,1989,17.105,
Republic of Korea,KOR,1990,15.71,
Republic of Korea,KOR,1991,14.463,
Republic of Korea,KOR,1992,13.334,
Republic of Korea,KOR,1993,12.31,
Republic of Korea,KOR,1994,11.379,
Republic of Korea,KOR,1995,10.539,
Republic of Korea,KOR,1996,9.785,
Republic of Korea,KOR,1997,9.109,
Republic of Korea,KOR,1998,8.515,
Republic of Korea,KOR,1999,7.999,
Republic of Korea,KOR,2000,7.553,75.86
Republic of Korea,KOR,2001,7.156,76.569
Republic of Korea,KOR,2002,6.772,76.943
Republic of Korea,KOR,2003,6.381,77.444
Republic of Korea,KOR,2004,5.981,77.928
Republic of Korea,KOR,2005,5.572,78.371
Republic of Korea,KOR,2006,5.18,78.967
Republic of Korea,KOR,2007,4.832,79.38
Republic of Korea,KOR,2008,4.543,79.909
Republic of Korea,KOR,2009,4.307,80.363
Republic of Korea,KOR,2010,4.124,80.537
Republic of Korea,KOR,2011,3.976,80.953
Republic of Korea,KOR,2012,3.848,81.132
Republic of Korea,KOR,2013,3.728,81.686
Republic of Korea,KOR,2014,3.616,82.16
Republic of Korea,KOR,2015,3.512,82.402
Republic of Korea,KOR,2016,3.413,82.732
Republic of Korea,KOR,2017,3.319,83.092
Republic of Korea,KOR,2018,3.225,83.15
Republic of Korea,KOR,2019,3.136,83.688
Republic of Korea,KOR,2020,3.051,83.797
Republic of Korea,KOR,2021,2.973,83.8
Republic of Korea,KOR,2022,2.906,
Republic of Korea,KOR,2023,2.85,
Republic of Korea,KOR,2024,2.796,
Kuwait,KWT,1959,152.169,
Kuwait,KWT,1960,141.964,
Kuwait,KWT,1961,132.208,
Kuwait,KWT,1962,123.206,
Kuwait,KWT,1963,114.573,
Kuwait,KWT,1964,106.438,
Kuwait,KWT,1965,98.83,
Kuwait,KWT,1966,91.873,
Kuwait,KWT,1967,85.567,
Kuwait,KWT,1968,79.928,
Kuwait,KWT,1969,74.8,
Kuwait,KWT,1970,70.134,
Kuwait,KWT,1971,65.823,
Kuwait,KWT,1972,61.845,
Kuwait,KWT,1973,58.15,
Kuwait,KWT,1974,54.595,
Kuwait,KWT,1975,51.22,
Kuwait,KWT,1976,47.967,
Kuwait,KWT,1977,44.837,
Kuwait,KWT,1978,41.848,
Kuwait,KWT,1979,38.94,
Kuwait,KWT,1980,36.0,
Kuwait,KWT,1981,32.949,
Kuwait,KWT,1982,29.963,
Kuwait,KWT,1983,27.224,
Kuwait,KWT,1984,24.865,
Kuwait,KWT,1985,22.97,
Kuwait,KWT,1986,21.558,
Kuwait,KWT,1987,20.439,
Kuwait,KWT,1988,19.377,
Kuwait,KWT,1989,18.271,
Kuwait,KWT,1990,17.239,
Kuwait,KWT,1991,16.378,
Kuwait,KWT,1992,15.713,
Kuwait,KWT,1993,15.224,
Kuwait,KWT,1994,14.869,
Kuwait,KWT,1995,14.558,
Kuwait,KWT,1996,14.205,
Kuwait,KWT,1997,13.81,
Kuwait,KWT,1998,13.415,
Kuwait,KWT,1999,13.052,
Kuwait,KWT,2000,12.743,77.577
Kuwait,KWT,2001,12.51,78.813
Kuwait,KWT,2002,12.334,78.207
Kuwait,KWT,2003,12.155,78.762
Kuwait,KWT,2004,11.953,78.503
Kuwait,KWT,2005,11.758,78.378
Kuwait,KWT,2006,11.586,78.574
Kuwait,KWT,2007,11.43,79.059
Kuwait,KWT,2008,11.244,78.264
Kuwait,KWT,2009,11.009,79.202
Kuwait,KWT,2010,10.708,80.495
Kuwait,KWT,2011,10.341,81.448
Kuwait,KWT,2012,9.955,81.343
Kuwait,KWT,2013,9.607,81.737
Kuwait,KWT,2014,9.33,81.881
Kuwait,KWT,2015,9.131,81.447
Kuwait,KWT,2016,9.002,82.548
Kuwait,KWT,2017,8.93,82.623
Kuwait,KWT,2018,8.892,82.937
Kuwait,KWT,2019,8.866,82.502
Kuwait,KWT,2020,8.818,78.769
Kuwait,KWT,2021,8.719,78.952
Kuwait,KWT,2022,8.561,
Kuwait,KWT,2023,8.353,
Kuwait,KWT,2024,8.104,
Lao People's Democratic Republic,LAO,1978,212.775,
Lao People's Democratic Republic,LAO,1979,206.83,
Lao People's Democratic Republic,LAO,1980,200.942,
Lao People's Democratic Republic,LAO,1981,195.409,
Lao People's Democratic Republic,LAO,1982,190.025,
Lao People's Democratic Republic,LAO,1983,184.871,
Lao People's Democratic Republic,LAO,1984,179.808,
Lao People's Democratic Republic,LAO,1985,174.784,
Lao People's Democratic Republic,LAO,1986,169.677,
Lao People's Democratic Republic,LAO,1987,164.7,
Lao People's Democratic Republic,LAO,1988,159.493,
Lao People's Democratic Republic,LAO,1989,154.266,
Lao People's Democratic Republic,LAO,1990,148.931,
Lao People's Democratic Republic,LAO,1991,143.565,
Lao People's Democratic Republic,LAO,1992,138.192,
Lao People's Democratic Republic,LAO,1993,132.967,
Lao People's Democratic Republic,LAO,1994,127.805,
Lao People's Democratic Republic,LAO,1995,122.95,
Lao People's Democratic Republic,LAO,1996,118.107,
Lao People's Democratic Republic,LAO,1997,113.48,
Lao People's Democratic Republic,LAO,1998,108.985,
Lao People's Democratic Republic,LAO,1999,104.547,
Lao People's Democratic Republic,LAO,2000,100.124,58.276
Lao People's Democratic Republic,LAO,2001,95.597,58.887
Lao People's Democratic Republic,LAO,2002,91.078,59.611
Lao People's Democratic Republic,LAO,2003,86.582,60.196
Lao People's Democratic Republic,LAO,2004,82.117,60.738
Lao People's Democratic Republic,LAO,2005,77.725,61.351
Lao People's Democratic Republic,LAO,2006,73.507,61.984
Lao People's Democratic Republic,LAO,2007,69.451,62.608
Lao People's Democratic Republic,LAO,2008,65.516,63.187
Lao People's Democratic Republic,LAO,2009,61.808,63.796
Lao People's Democratic Republic,LAO,2010,58.374,64.422
Lao People's Democratic Republic,LAO,2011,55.148,65.039
Lao People's Democratic Republic,LAO,2012,52.143,65.527
Lao People's Democratic Republic,LAO,2013,49.377,65.967
Lao People's Democratic Republic,LAO,2014,46.809,66.43
Lao People's Democratic Republic,LAO,2015,44.42,66.874
Lao People's Democratic Republic,LAO,2016,42.211,67.332
Lao People's Democratic Republic,LAO,2017,40.151,67.723
Lao People's Democratic Republic,LAO,2018,38.268,68.054
Lao People's Democratic Republic,LAO,2019,36.496,68.357
Lao People's Democratic Republic,LAO,2020,34.804,68.743
Lao People's Democratic Republic,LAO,2021,33.207,68.232
Lao People's Democratic Republic,LAO,2022,31.783,
Lao People's Democratic Republic,LAO,2023,30.501,
Lao People's Democratic Republic,LAO,2024,29.35,
Lebanon,LBN,1956,85.424,
Lebanon,LBN,1957,82.611,
Lebanon,LBN,1958,79.801,
Lebanon,LBN,1959,77.127,
Lebanon,LBN,1960,74.538,
Lebanon,LBN,1961,72.044,
Lebanon,LBN,1962,69.8,
Lebanon,LBN,1963,67.739,
Lebanon,LBN,1964,66.005,
Lebanon,LBN,1965,64.438,
Lebanon,LBN,1966,63.191,
Lebanon,LBN,1967,62.193,
Lebanon,LBN,1968,61.382,
Lebanon,LBN,1969,60.734,
Lebanon,LBN,1970,60.113,
Lebanon,LBN,1971,59.612,
Lebanon,LBN,1972,59.147,
Lebanon,LBN,1973,58.632,
Lebanon,LBN,1974,57.954,
Lebanon,LBN,1975,57.144,
Lebanon,LBN,1976,209.088,
Lebanon,LBN,1977,81.452,
Lebanon,LBN,1978,79.49,
Lebanon,LBN,1979,77.43,
Lebanon,LBN,1980,75.211,
Lebanon,LBN,1981,72.906,
Lebanon,LBN,1982,125.673,
Lebanon,LBN,1983,54.482,
Lebanon,LBN,1984,52.294,
Lebanon,LBN,1985,50.081,
Lebanon,LBN,1986,47.868,
Lebanon,LBN,1987,58.614,
Lebanon,LBN,1988,56.375,
Lebanon,LBN,1989,33.496,
Lebanon,LBN,1990,31.855,
Lebanon,LBN,1991,30.35,
Lebanon,LBN,1992,28.911,
Lebanon,LBN,1993,27.6,
Lebanon,LBN,1994,26.351,
Lebanon,LBN,1995,25.197,
Lebanon,LBN,1996,24.112,
Lebanon,LBN,1997,23.061,
Lebanon,LBN,1998,22.018,
Lebanon,LBN,1999,20.976,
Lebanon,LBN,2000,19.951,75.715
Lebanon,LBN,2001,18.949,76.156
Lebanon,LBN,2002,17.965,76.554
Lebanon,LBN,2003,17.019,76.803
Lebanon,LBN,2004,16.14,77.097
Lebanon,LBN,2005,15.328,77.171
Lebanon,LBN,2006,14.633,76.797
Lebanon,LBN,2007,14.051,77.467
Lebanon,LBN,2008,13.58,77.525
Lebanon,LBN,2009,13.213,77.79
Lebanon,LBN,2010,12.952,77.967
Lebanon,LBN,2011,12.782,77.974
Lebanon,LBN,2012,12.696,78.058
Lebanon,LBN,2013,12.692,78.165
Lebanon,LBN,2014,12.773,78.226
Lebanon,LBN,2015,12.93,78.437
Lebanon,LBN,2016,13.184,78.818
Lebanon,LBN,2017,13.533,79.03
Lebanon,LBN,2018,13.967,79.368
Lebanon,LBN,2019,14.48,79.287
Lebanon,LBN,2020,15.06,77.701
Lebanon,LBN,2021,15.689,74.342
Lebanon,LBN,2022,16.329,
Lebanon,LBN,2023,16.987,
Lebanon,LBN,2024,17.601,
Liberia,LBR,1954,302.456,
Liberia,LBR,1955,303.277,
Liberia,LBR,1956,304.395,
Liberia,LBR,1957,306.018,
Liberia,LBR,1958,307.663,
Liberia,LBR,1959,308.942,
Liberia,LBR,1960,309.71,
Liberia,LBR,1961,310.123,
Liberia,LBR,1962,309.684,
Liberia,LBR,1963,308.634,
Liberia,LBR,1964,307.032,
Liberia,LBR,1965,305.072,
Liberia,LBR,1966,302.538,
Liberia,LBR,1967,299.157,
Liberia,LBR,1968,295.044,
Liberia,LBR,1969,290.63,
Liberia,LBR,1970,285.872,
Liberia,LBR,1971,281.302,
Liberia,LBR,1972,276.848,
Liberia,LBR,1973,272.558,
Liberia,LBR,1974,268.397,
Liberia,LBR,1975,264.209,
Liberia,LBR,1976,260.245,
Liberia,LBR,1977,256.605,
Liberia,LBR,1978,253.083,
Liberia,LBR,1979,249.72,
Liberia,LBR,1980,246.571,
Liberia,LBR,1981,244.046,
Liberia,LBR,1982,242.126,
Liberia,LBR,1983,241.068,
Liberia,LBR,1984,241.602,
Liberia,LBR,1985,243.924,
Liberia,LBR,1986,247.904,
Liberia,LBR,1987,253.392,
Liberia,LBR,1988,259.54,
Liberia,LBR,1989,265.501,
Liberia,LBR,1990,270.043,
Liberia,LBR,1991,272.333,
Liberia,LBR,1992,271.657,
Liberia,LBR,1993,268.066,
Liberia,LBR,1994,261.916,
Liberia,LBR,1995,253.653,
Liberia,LBR,1996,243.846,
Liberia,LBR,1997,232.67,
Liberia,LBR,1998,220.688,
Liberia,LBR,1999,208.013,
Liberia,LBR,2000,194.858,53.274
Liberia,LBR,2001,181.662,53.931
Liberia,LBR,2002,168.554,53.666
Liberia,LBR,2003,156.167,53.625
Liberia,LBR,2004,144.808,56.442
Liberia,LBR,2005,134.9,57.559
Liberia,LBR,2006,126.491,58.563
Liberia,LBR,2007,119.643,59.311
Liberia,LBR,2008,114.03,59.756
Liberia,LBR,2009,109.48,60.051
Liberia,LBR,2010,105.711,60.358
Liberia,LBR,2011,102.403,60.734
Liberia,LBR,2012,99.535,61.083
Liberia,LBR,2013,96.997,61.385
Liberia,LBR,2014,96.952,58.113
Liberia,LBR,2015,93.213,60.378
Liberia,LBR,2016,91.51,62.213
Liberia,LBR,2017,90.299,62.63
Liberia,LBR,2018,89.38,63.092
Liberia,LBR,2019,88.737,63.442
Liberia,LBR,2020,88.329,63.457
Liberia,LBR,2021,88.008,63.457
Liberia,LBR,2022,87.779,
Liberia,LBR,2023,87.294,
Liberia,LBR,2024,86.388,
Libya,LBY,1956,358.695,
Libya,LBY,1957,335.899,
Libya,LBY,1958,314.974,
Libya,LBY,1959,295.446,
Libya,LBY,1960,276.764,
Libya,LBY,1961,259.02,
Libya,LBY,1962,242.488,
Libya,LBY,1963,226.483,
Libya,LBY,1964,211.565,
Libya,LBY,1965,197.454,
Libya,LBY,1966,183.688,
Libya,LBY,1967,170.733,
Libya,LBY,1968,158.533,
Libya,LBY,1969,147.197,
Libya,LBY,1970,136.659,
Libya,LBY,1971,126.893,
Libya,LBY,1972,117.846,
Libya,LBY,1973,109.73,
Libya,LBY,1974,102.396,
Libya,LBY,1975,95.8,
Libya,LBY,1976,89.883,
Libya,LBY,1977,84.522,
Libya,LBY,1978,79.768,
Libya,LBY,1979,75.545,
Libya,LBY,1980,71.653,
Libya,LBY,1981,68.054,
Libya,LBY,1982,64.645,
Libya,LBY,1983,61.367,
Libya,LBY,1984,58.2,
Libya,LBY,1985,55.205,
Libya,LBY,1986,52.331,
Libya,LBY,1987,49.59,
Libya,LBY,1988,46.943,
Libya,LBY,1989,44.469,
Libya,LBY,1990,42.143,
Libya,LBY,1991,39.964,
Libya,LBY,1992,38.0,
Libya,LBY,1993,36.227,
Libya,LBY,1994,34.639,
Libya,LBY,1995,33.216,
Libya,LBY,1996,31.948,
Libya,LBY,1997,30.864,
Libya,LBY,1998,29.885,
Libya,LBY,1999,28.977,
Libya,LBY,2000,28.102,74.045
Libya,LBY,2001,27.275,73.742
Libya,LBY,2002,26.452,73.45
Libya,LBY,2003,25.522,73.511
Libya,LBY,2004,24.406,73.849
Libya,LBY,2005,23.114,74.015
Libya,LBY,2006,21.681,74.611
Libya,LBY,2007,20.18,74.5
Libya,LBY,2008,18.768,74.201
Libya,LBY,2009,17.576,74.134
Libya,LBY,2010,16.594,74.113
Libya,LBY,2011,19.613,71.44
Libya,LBY,2012,15.05,73.924
Libya,LBY,2013,14.39,74.219
Libya,LBY,2014,13.816,72.601
Libya,LBY,2015,13.304,72.653
Libya,LBY,2016,12.804,72.637
Libya,LBY,2017,12.353,73.152
Libya,LBY,2018,11.94,73.529
Libya,LBY,2019,11.559,73.544
Libya,LBY,2020,11.193,72.649
Libya,LBY,2021,10.797,72.178
Libya,LBY,2022,10.428,
Libya,LBY,2023,31.698,
Libya,LBY,2024,9.765,
Saint Lucia,LCA,1950,174.478,
Saint Lucia,LCA,1951,170.914,
Saint Lucia,LCA,1952,167.426,
Saint Lucia,LCA,1953,163.862,
Saint Lucia,LCA,1954,160.264,
Saint Lucia,LCA,1955,156.61,
Saint Lucia,LCA,1956,152.792,
Saint Lucia,LCA,1957,148.7,
Saint Lucia,LCA,1958,144.329,
Saint Lucia,LCA,1959,139.48,
Saint Lucia,LCA,1960,134.229,
Saint Lucia,LCA,1961,128.498,
Saint Lucia,LCA,1962,122.415,
Saint Lucia,LCA,1963,116.116,
Saint Lucia,LCA,1964,109.586,
Saint Lucia,LCA,1965,102.887,
Saint Lucia,LCA,1966,96.229,
Saint Lucia,LCA,1967,89.613,
Saint Lucia,LCA,1968,83.174,
Saint Lucia,LCA,1969,76.947,
Saint Lucia,LCA,1970,71.015,
Saint Lucia,LCA,1971,65.393,
Saint Lucia,LCA,1972,60.141,
Saint Lucia,LCA,1973,55.288,
Saint Lucia,LCA,1974,50.812,
Saint Lucia,LCA,1975,46.721,
Saint Lucia,LCA,1976,43.032,
Saint Lucia,LCA,1977,39.73,
Saint Lucia,LCA,1978,36.795,
Saint Lucia,LCA,1979,34.21,
Saint Lucia,LCA,1980,31.953,
Saint Lucia,LCA,1981,29.99,
Saint Lucia,LCA,1982,28.286,
Saint Lucia,LCA,1983,26.806,
Saint Lucia,LCA,1984,25.526,
Saint Lucia,LCA,1985,24.427,
Saint Lucia,LCA,1986,23.472,
Saint Lucia,LCA,1987,22.648,
Saint Lucia,LCA,1988,21.947,
Saint Lucia,LCA,1989,21.35,
Saint Lucia,LCA,1990,20.834,
Saint Lucia,LCA,1991,20.395,
Saint Lucia,LCA,1992,20.022,
Saint Lucia,LCA,1993,19.7,
Saint Lucia,LCA,1994,19.424,
Saint Lucia,LCA,1995,19.178,
Saint Lucia,LCA,1996,18.972,
Saint Lucia,LCA,1997,18.793,
Saint Lucia,LCA,1998,18.658,
Saint Lucia,LCA,1999,18.55,
Saint Lucia,LCA,2000,18.487,73.219
Saint Lucia,LCA,2001,18.44,73.338
Saint Lucia,LCA,2002,18.425,73.509
Saint Lucia,LCA,2003,18.441,73.776
Saint Lucia,LCA,2004,18.469,73.995
Saint Lucia,LCA,2005,18.516,74.351
Saint Lucia,LCA,2006,18.578,74.711
Saint Lucia,LCA,2007,18.633,75.222
Saint Lucia,LCA,2008,18.7,75.534
Saint Lucia,LCA,2009,18.759,75.838
Saint Lucia,LCA,2010,18.801,76.008
Saint Lucia,LCA,2011,18.827,76.248
Saint Lucia,LCA,2012,18.839,76.399
Saint Lucia,LCA,2013,18.823,76.185
Saint Lucia,LCA,2014,18.789,76.284
Saint Lucia,LCA,2015,18.729,76.392
Saint Lucia,LCA,2016,18.637,76.201
Saint Lucia,LCA,2017,18.519,76.139
Saint Lucia,LCA,2018,18.391,76.113
Saint Lucia,LCA,2019,18.23,76.116
Saint Lucia,LCA,2020,18.058,75.633
Saint Lucia,LCA,2021,17.859,71.113
Saint Lucia,LCA,2022,17.664,
Saint Lucia,LCA,2023,17.451,
Saint Lucia,LCA,2024,17.235,
Sri Lanka,LKA,1951,132.024,
Sri Lanka,LKA,1952,130.227,
Sri Lanka,LKA,1953,128.188,
Sri Lanka,LKA,1954,125.631,
Sri Lanka,LKA,1955,122.33,
Sri Lanka,LKA,1956,118.045,
Sri Lanka,LKA,1957,112.496,
Sri Lanka,LKA,1958,106.188,
Sri Lanka,LKA,1959,99.861,
Sri Lanka,LKA,1960,94.131,
Sri Lanka,LKA,1961,89.62,
Sri Lanka,LKA,1962,86.728,
Sri Lanka,LKA,1963,84.847,
Sri Lanka,LKA,1964,83.008,
Sri Lanka,LKA,1965,80.682,
Sri Lanka,LKA,1966,78.087,
Sri Lanka,LKA,1967,75.494,
Sri Lanka,LKA,1968,73.141,
Sri Lanka,LKA,1969,71.318,
Sri Lanka,LKA,1970,70.071,
Sri Lanka,LKA,1971,69.14,
Sri Lanka,LKA,1972,68.315,
Sri Lanka,LKA,1973,67.338,
Sri Lanka,LKA,1974,65.919,
Sri Lanka,LKA,1975,63.847,
Sri Lanka,LKA,1976,61.069,
Sri Lanka,LKA,1977,57.578,
Sri Lanka,LKA,1978,53.724,
Sri Lanka,LKA,1979,49.886,
Sri Lanka,LKA,1980,46.29,
Sri Lanka,LKA,1981,42.949,
Sri Lanka,LKA,1982,39.825,
Sri Lanka,LKA,1983,36.737,
Sri Lanka,LKA,1984,33.479,
Sri Lanka,LKA,1985,30.183,
Sri Lanka,LKA,1986,27.354,
Sri Lanka,LKA,1987,25.333,
Sri Lanka,LKA,1988,24.08,
Sri Lanka,LKA,1989,27.852,
Sri Lanka,LKA,1990,23.304,
Sri Lanka,LKA,1991,23.223,
Sri Lanka,LKA,1992,22.869,
Sri Lanka,LKA,1993,22.214,
Sri Lanka,LKA,1994,21.388,
Sri Lanka,LKA,1995,20.483,
Sri Lanka,LKA,1996,19.53,
Sri Lanka,LKA,1997,18.554,
Sri Lanka,LKA,1998,17.636,
Sri Lanka,LKA,1999,16.863,
Sri Lanka,LKA,2000,16.271,71.511
Sri Lanka,LKA,2001,15.832,72.654
Sri Lanka,LKA,2002,15.501,73.338
Sri Lanka,LKA,2003,15.168,73.368
Sri Lanka,LKA,2004,29.009,69.119
Sri Lanka,LKA,2005,14.036,73.485
Sri Lanka,LKA,2006,13.311,73.358
Sri Lanka,LKA,2007,12.625,73.816
Sri Lanka,LKA,2008,12.032,73.138
Sri Lanka,LKA,2009,21.457,72.419
Sri Lanka,LKA,2010,11.178,74.136
Sri Lanka,LKA,2011,10.795,74.958
Sri Lanka,LKA,2012,10.322,75.633
Sri Lanka,LKA,2013,9.783,75.82
Sri Lanka,LKA,2014,9.244,76.176
Sri Lanka,LKA,2015,8.742,76.446
Sri Lanka,LKA,2016,8.294,76.767
Sri Lanka,LKA,2017,7.905,76.912
Sri Lanka,LKA,2018,7.561,77.176
Sri Lanka,LKA,2019,7.235,77.451
Sri Lanka,LKA,2020,6.919,80.656
Sri Lanka,LKA,2021,6.622,77.229
Sri Lanka,LKA,2022,6.349,
Sri Lanka,LKA,2023,6.102,
Sri Lanka,LKA,2024,5.881,
Lesotho,LSO,1952,232.563,
Lesotho,LSO,1953,224.158,
Lesotho,LSO,1954,216.241,
Lesotho,LSO,1955,208.555,
Lesotho,LSO,1956,201.344,
Lesotho,LSO,1957,195.451,
Lesotho,LSO,1958,190.762,
Lesotho,LSO,1959,187.486,
Lesotho,LSO,1960,185.332,
Lesotho,LSO,1961,184.313,
Lesotho,LSO,1962,184.354,
Lesotho,LSO,1963,185.056,
Lesotho,LSO,1964,185.861,
Lesotho,LSO,1965,186.217,
Lesotho,LSO,1966,185.811,
Lesotho,LSO,1967,184.495,
Lesotho,LSO,1968,182.229,
Lesotho,LSO,1969,179.236,
Lesotho,LSO,1970,175.539,
Lesotho,LSO,1971,171.557,
Lesotho,LSO,1972,167.621,
Lesotho,LSO,1973,163.331,
Lesotho,LSO,1974,158.659,
Lesotho,LSO,1975,153.316,
Lesotho,LSO,1976,147.352,
Lesotho,LSO,1977,141.092,
Lesotho,LSO,1978,134.849,
Lesotho,LSO,1979,128.564,
Lesotho,LSO,1980,122.408,
Lesotho,LSO,1981,116.396,
Lesotho,LSO,1982,110.714,
Lesotho,LSO,1983,105.661,
Lesotho,LSO,1984,101.116,
Lesotho,LSO,1985,96.915,
Lesotho,LSO,1986,93.329,
Lesotho,LSO,1987,90.233,
Lesotho,LSO,1988,87.695,
Lesotho,LSO,1989,85.716,
Lesotho,LSO,1990,84.529,
Lesotho,LSO,1991,84.372,
Lesotho,LSO,1992,85.38,
Lesotho,LSO,1993,87.643,
Lesotho,LSO,1994,91.056,
Lesotho,LSO,1995,95.085,
Lesotho,LSO,1996,98.9,
Lesotho,LSO,1997,102.062,
Lesotho,LSO,1998,104.242,
Lesotho,LSO,1999,106.286,
Lesotho,LSO,2000,108.299,47.381
Lesotho,LSO,2001,110.316,47.971
Lesotho,LSO,2002,112.087,47.829
Lesotho,LSO,2003,113.231,45.645
Lesotho,LSO,2004,113.872,43.807
Lesotho,LSO,2005,114.635,42.664
Lesotho,LSO,2006,114.672,42.393
Lesotho,LSO,2007,111.86,43.888
Lesotho,LSO,2008,111.616,45.904
Lesotho,LSO,2009,99.068,47.42
Lesotho,LSO,2010,90.874,48.565
Lesotho,LSO,2011,85.197,49.102
Lesotho,LSO,2012,81.359,49.02
Lesotho,LSO,2013,79.264,48.961
Lesotho,LSO,2014,77.599,48.684
Lesotho,LSO,2015,75.113,48.838
Lesotho,LSO,2016,71.39,49.949
Lesotho,LSO,2017,70.101,51.054
Lesotho,LSO,2018,68.818,51.601
Lesotho,LSO,2019,68.114,51.779
Lesotho,LSO,2020,66.269,51.854
Lesotho,LSO,2021,64.012,51.479
Lesotho,LSO,2022,62.04,
Lesotho,LSO,2023,61.312,
Lesotho,LSO,2024,59.957,
Lithuania,LTU,1958,63.481,
Lithuania,LTU,1959,55.45,
Lithuania,LTU,1960,49.065,
Lithuania,LTU,1961,44.101,
Lithuania,LTU,1962,40.001,
Lithuania,LTU,1963,36.469,
Lithuania,LTU,1964,33.473,
Lithuania,LTU,1965,31.163,
Lithuania,LTU,1966,29.42,
Lithuania,LTU,1967,27.865,
Lithuania,LTU,1968,26.24,
Lithuania,LTU,1969,24.565,
Lithuania,LTU,1970,22.98,
Lithuania,LTU,1971,21.683,
Lithuania,LTU,1972,21.023,
Lithuania,LTU,1973,21.252,
Lithuania,LTU,1974,22.045,
Lithuania,LTU,1975,22.697,
Lithuania,LTU,1976,22.754,
Lithuania,LTU,1977,22.36,
Lithuania,LTU,1978,21.756,
Lithuania,LTU,1979,21.089,
Lithuania,LTU,1980,20.424,
Lithuania,LTU,1981,19.826,
Lithuania,LTU,1982,19.29,
Lithuania,LTU,1983,18.79,
Lithuania,LTU,1984,18.201,
Lithuania,LTU,1985,17.354,
Lithuania,LTU,1986,16.258,
Lithuania,LTU,1987,15.209,
Lithuania,LTU,1988,14.454,
Lithuania,LTU,1989,14.267,
Lithuania,LTU,1990,14.966,
Lithuania,LTU,1991,16.542,
Lithuania,LTU,1992,18.014,
Lithuania,LTU,1993,18.053,
Lithuania,LTU,1994,16.764,
Lithuania,LTU,1995,15.065,
Lithuania,LTU,1996,13.538,
Lithuania,LTU,1997,12.37,
Lithuania,LTU,1998,11.608,
Lithuania,LTU,1999,11.121,
Lithuania,LTU,2000,10.701,71.998
Lithuania,LTU,2001,10.261,71.515
Lithuania,LTU,2002,9.877,71.689
Lithuania,LTU,2003,9.588,71.846
Lithuania,LTU,2004,9.346,71.875
Lithuania,LTU,2005,9.027,71.104
Lithuania,LTU,2006,8.568,70.893
Lithuania,LTU,2007,7.99,70.611
Lithuania,LTU,2008,7.344,71.626
Lithuania,LTU,2009,6.682,72.783
Lithuania,LTU,2010,6.08,73.078
Lithuania,LTU,2011,5.586,73.548
Lithuania,LTU,2012,5.258,73.838
Lithuania,LTU,2013,5.13,73.867
Lithuania,LTU,2014,5.106,74.498
Lithuania,LTU,2015,5.025,74.366
Lithuania,LTU,2016,4.811,74.701
Lithuania,LTU,2017,4.519,75.488
Lithuania,LTU,2018,4.214,75.752
Lithuania,LTU,2019,3.942,76.248
Lithuania,LTU,2020,3.734,74.895
Lithuania,LTU,2021,3.601,74.133
Lithuania,LTU,2022,3.516,
Lithuania,LTU,2023,3.446,
Lithuania,LTU,2024,3.377,
Luxembourg,LUX,1949,57.767,
Luxembourg,LUX,1950,55.772,
Luxembourg,LUX,1951,53.801,
Luxembourg,LUX,1952,51.903,
Luxembourg,LUX,1953,50.025,
Luxembourg,LUX,1954,48.211,
Luxembourg,LUX,1955,46.393,
Luxembourg,LUX,1956,44.561,
Luxembourg,LUX,1957,42.761,
Luxembourg,LUX,1958,40.95,
Luxembourg,LUX,1959,39.09,
Luxembourg,LUX,1960,37.237,
Luxembourg,LUX,1961,35.425,
Luxembourg,LUX,1962,33.654,
Luxembourg,LUX,1963,31.954,
Luxembourg,LUX,1964,30.354,
Luxembourg,LUX,1965,28.857,
Luxembourg,LUX,1966,27.462,
Luxembourg,LUX,1967,26.132,
Luxembourg,LUX,1968,24.839,
Luxembourg,LUX,1969,23.583,
Luxembourg,LUX,1970,22.35,
Luxembourg,LUX,1971,21.124,
Luxembourg,LUX,1972,19.919,
Luxembourg,LUX,1973,18.758,
Luxembourg,LUX,1974,17.67,
Luxembourg,LUX,1975,16.69,
Luxembourg,LUX,1976,15.822,
Luxembourg,LUX,1977,15.071,
Luxembourg,LUX,1978,14.421,
Luxembourg,LUX,1979,13.864,
Luxembourg,LUX,1980,13.376,
Luxembourg,LUX,1981,12.931,
Luxembourg,LUX,1982,12.499,
Luxembourg,LUX,1983,12.063,
Luxembourg,LUX,1984,11.626,
Luxembourg,LUX,1985,11.172,
Luxembourg,LUX,1986,10.711,
Luxembourg,LUX,1987,10.233,
Luxembourg,LUX,1988,9.752,
Luxembourg,LUX,1989,9.26,
Luxembourg,LUX,1990,8.764,
Luxembourg,LUX,1991,8.262,
Luxembourg,LUX,1992,7.763,
Luxembourg,LUX,1993,7.278,
Luxembourg,LUX,1994,6.81,
Luxembourg,LUX,1995,6.385,
Luxembourg,LUX,1996,5.992,
Luxembourg,LUX,1997,5.626,
Luxembourg,LUX,1998,5.291,
Luxembourg,LUX,1999,4.984,
Luxembourg,LUX,2000,4.693,78.416
Luxembourg,LUX,2001,4.418,78.618
Luxembourg,LUX,2002,4.155,78.806
Luxembourg,LUX,2003,3.907,79.032
Luxembourg,LUX,2004,3.678,79.259
Luxembourg,LUX,2005,3.472,79.576
Luxembourg,LUX,2006,3.289,79.914
Luxembourg,LUX,2007,3.135,80.264
Luxembourg,LUX,2008,3.005,80.565
Luxembourg,LUX,2009,2.896,80.922
Luxembourg,LUX,2010,2.809,81.175
Luxembourg,LUX,2011,2.736,81.393
Luxembourg,LUX,2012,2.675,81.566
Luxembourg,LUX,2013,2.622,81.878
Luxembourg,LUX,2014,2.58,82.161
Luxembourg,LUX,2015,2.538,82.385
Luxembourg,LUX,2016,2.501,82.555
Luxembourg,LUX,2017,2.466,82.702
Luxembourg,LUX,2018,2.436,82.817
Luxembourg,LUX,2019,2.403,82.802
Luxembourg,LUX,2020,2.37,82.83
Luxembourg,LUX,2021,2.334,82.78
Luxembourg,LUX,2022,2.29,
Luxembourg,LUX,2023,2.237,
Luxembourg,LUX,2024,2.182,
Latvia,LVA,1958,37.651,
Latvia,LVA,1959,35.313,
Latvia,LVA,1960,33.238,
Latvia,LVA,1961,31.372,
Latvia,LVA,1962,29.612,
Latvia,LVA,1963,27.989,
Latvia,LVA,1964,26.494,
Latvia,LVA,1965,25.162,
Latvia,LVA,1966,24.03,
Latvia,LVA,1967,23.097,
Latvia,LVA,1968,22.365,
Latvia,LVA,1969,21.815,
Latvia,LVA,1970,21.387,
Latvia,LVA,1971,21.146,
Latvia,LVA,1972,21.158,
Latvia,LVA,1973,21.427,
Latvia,LVA,1974,21.827,
Latvia,LVA,1975,22.161,
Latvia,LVA,1976,22.351,
Latvia,LVA,1977,22.316,
Latvia,LVA,1978,22.045,
Latvia,LVA,1979,21.648,
Latvia,LVA,1980,21.227,
Latvia,LVA,1981,20.776,
Latvia,LVA,1982,20.2,
Latvia,LVA,1983,19.453,
Latvia,LVA,1984,18.506,
Latvia,LVA,1985,17.39,
Latvia,LVA,1986,16.354,
Latvia,LVA,1987,15.678,
Latvia,LVA,1988,15.541,
Latvia,LVA,1989,15.944,
Latvia,LVA,1990,16.908,
Latvia,LVA,1991,18.177,
Latvia,LVA,1992,19.294,
Latvia,LVA,1993,19.893,
Latvia,LVA,1994,19.988,
Latvia,LVA,1995,19.68,
Latvia,LVA,1996,19.0,
Latvia,LVA,1997,17.956,
Latvia,LVA,1998,16.667,
Latvia,LVA,1999,15.386,
Latvia,LVA,2000,14.298,70.215
Latvia,LVA,2001,13.398,69.81
Latvia,LVA,2002,12.603,70.106
Latvia,LVA,2003,11.851,70.555
Latvia,LVA,2004,11.146,70.814
Latvia,LVA,2005,10.495,70.492
Latvia,LVA,2006,9.894,70.373
Latvia,LVA,2007,9.339,70.752
Latvia,LVA,2008,8.804,71.852
Latvia,LVA,2009,8.278,72.661
Latvia,LVA,2010,7.746,72.88
Latvia,LVA,2011,7.197,73.671
Latvia,LVA,2012,6.631,73.865
Latvia,LVA,2013,6.074,74.126
Latvia,LVA,2014,5.571,74.436
Latvia,LVA,2015,5.145,74.811
Latvia,LVA,2016,4.787,74.953
Latvia,LVA,2017,4.473,74.963
Latvia,LVA,2018,4.187,75.055
Latvia,LVA,2019,3.91,75.685
Latvia,LVA,2020,3.626,75.499
Latvia,LVA,2021,3.333,73.203
Latvia,LVA,2022,3.039,
Latvia,LVA,2023,2.752,
Latvia,LVA,2024,2.501,
Morocco,MAR,1956,265.971,
Morocco,MAR,1957,260.444,
Morocco,MAR,1958,255.069,
Morocco,MAR,1959,250.037,
Morocco,MAR,1960,245.167,
Morocco,MAR,1961,240.263,
Morocco,MAR,1962,235.097,
Morocco,MAR,1963,229.879,
Morocco,MAR,1964,224.499,
Morocco,MAR,1965,218.834,
Morocco,MAR,1966,213.014,
Morocco,MAR,1967,207.299,
Morocco,MAR,1968,201.744,
Morocco,MAR,1969,196.557,
Morocco,MAR,1970,191.906,
Morocco,MAR,1971,187.611,
Morocco,MAR,1972,183.468,
Morocco,MAR,1973,179.294,
Morocco,MAR,1974,174.569,
Morocco,MAR,1975,169.16,
Morocco,MAR,1976,163.111,
Morocco,MAR,1977,156.481,
Morocco,MAR,1978,149.384,
Morocco,MAR,1979,142.2,
Morocco,MAR,1980,135.178,
Morocco,MAR,1981,128.24,
Morocco,MAR,1982,121.608,
Morocco,MAR,1983,115.231,
Morocco,MAR,1984,109.198,
Morocco,MAR,1985,103.494,
Morocco,MAR,1986,98.194,
Morocco,MAR,1987,93.337,
Morocco,MAR,1988,88.853,
Morocco,MAR,1989,84.776,
Morocco,MAR,1990,81.063,
Morocco,MAR,1991,77.614,
Morocco,MAR,1992,74.331,
Morocco,MAR,1993,71.142,
Morocco,MAR,1994,68.085,
Morocco,MAR,1995,65.15,
Morocco,MAR,1996,62.306,
Morocco,MAR,1997,59.632,
Morocco,MAR,1998,57.076,
Morocco,MAR,1999,54.685,
Morocco,MAR,2000,52.418,70.195
Morocco,MAR,2001,50.198,70.459
Morocco,MAR,2002,48.013,70.739
Morocco,MAR,2003,45.837,70.88
Morocco,MAR,2004,43.63,71.03
Morocco,MAR,2005,41.394,71.234
Morocco,MAR,2006,39.151,71.429
Morocco,MAR,2007,36.939,71.609
Morocco,MAR,2008,34.797,71.885
Morocco,MAR,2009,32.796,72.161
Morocco,MAR,2010,30.912,72.373
Morocco,MAR,2011,29.164,72.577
Morocco,MAR,2012,27.522,72.78
Morocco,MAR,2013,25.951,72.966
Morocco,MAR,2014,24.473,73.12
Morocco,MAR,2015,23.128,73.263
Morocco,MAR,2016,21.894,73.407
Morocco,MAR,2017,20.82,73.534
Morocco,MAR,2018,19.921,73.606
Morocco,MAR,2019,19.073,73.749
Morocco,MAR,2020,18.328,72.506
Morocco,MAR,2021,17.625,72.619
Morocco,MAR,2022,16.98,
Morocco,MAR,2023,16.318,
Morocco,MAR,2024,15.732,
Monaco,MCO,1985,9.715,
Monaco,MCO,1986,9.285,
Monaco,MCO,1987,8.871,
Monaco,MCO,1988,8.482,
Monaco,MCO,1989,8.111,
Monaco,MCO,1990,7.754,
Monaco,MCO,1991,7.412,
Monaco,MCO,1992,7.096,
Monaco,MCO,1993,6.795,
Monaco,MCO,1994,6.513,
Monaco,MCO,1995,6.244,
Monaco,MCO,1996,5.995,
Monaco,MCO,1997,5.759,
Monaco,MCO,1998,5.539,
Monaco,MCO,1999,5.34,
Monaco,MCO,2000,5.155,
Monaco,MCO,2001,4.994,
Monaco,MCO,2002,4.847,
Monaco,MCO,2003,4.716,
Monaco,MCO,2004,4.594,
Monaco,MCO,2005,4.482,
Monaco,MCO,2006,4.374,
Monaco,MCO,2007,4.274,
Monaco,MCO,2008,4.179,
Monaco,MCO,2009,4.084,
Monaco,MCO,2010,3.992,
Monaco,MCO,2011,3.903,
Monaco,MCO,2012,3.812,
Monaco,MCO,2013,3.721,
Monaco,MCO,2014,3.623,
Monaco,MCO,2015,3.519,
Monaco,MCO,2016,3.415,
Monaco,MCO,2017,3.314,
Monaco,MCO,2018,3.204,
Monaco,MCO,2019,3.105,
Monaco,MCO,2020,3.009,
Monaco,MCO,2021,2.917,
Monaco,MCO,2022,2.832,
Monaco,MCO,2023,2.75,
Monaco,MCO,2024,2.661,
Republic of Moldova,MDA,1971,63.778,
Republic of Moldova,MDA,1972,61.913,
Republic of Moldova,MDA,1973,60.272,
Republic of Moldova,MDA,1974,58.622,
Republic of Moldova,MDA,1975,56.988,
Republic of Moldova,MDA,1976,55.368,
Republic of Moldova,MDA,1977,53.88,
Republic of Moldova,MDA,1978,52.349,
Republic of Moldova,MDA,1979,51.02,
Republic of Moldova,MDA,1980,49.651,
Republic of Moldova,MDA,1981,48.167,
Republic of Moldova,MDA,1982,46.449,
Republic of Moldova,MDA,1983,44.524,
Republic of Moldova,MDA,1984,42.379,
Republic of Moldova,MDA,1985,40.244,
Republic of Moldova,MDA,1986,38.239,
Republic of Moldova,MDA,1987,36.459,
Republic of Moldova,MDA,1988,34.983,
Republic of Moldova,MDA,1989,33.95,
Republic of Moldova,MDA,1990,33.5,
Republic of Moldova,MDA,1991,33.87,
Republic of Moldova,MDA,1992,34.89,
Republic of Moldova,MDA,1993,36.21,
Republic of Moldova,MDA,1994,37.505,
Republic of Moldova,MDA,1995,38.443,
Republic of Moldova,MDA,1996,38.617,
Republic of Moldova,MDA,1997,37.873,
Republic of Moldova,MDA,1998,36.301,
Republic of Moldova,MDA,1999,34.057,
Republic of Moldova,MDA,2000,31.358,65.659
Republic of Moldova,MDA,2001,28.504,66.207
Republic of Moldova,MDA,2002,25.802,66.133
Republic of Moldova,MDA,2003,23.442,66.197
Republic of Moldova,MDA,2004,21.54,66.639
Republic of Moldova,MDA,2005,20.072,65.993
Republic of Moldova,MDA,2006,18.978,66.717
Republic of Moldova,MDA,2007,18.217,67.227
Republic of Moldova,MDA,2008,17.667,67.811
Republic of Moldova,MDA,2009,17.218,68.027
Republic of Moldova,MDA,2010,16.826,67.767
Republic of Moldova,MDA,2011,16.49,69.821
Republic of Moldova,MDA,2012,16.198,70.255
Republic of Moldova,MDA,2013,15.956,71.325
Republic of Moldova,MDA,2014,15.758,71.11
Republic of Moldova,MDA,2015,15.595,71.147
Republic of Moldova,MDA,2016,15.475,71.846
Republic of Moldova,MDA,2017,15.392,72.859
Republic of Moldova,MDA,2018,15.426,72.903
Republic of Moldova,MDA,2019,15.503,73.32
Republic of Moldova,MDA,2020,15.645,72.149
Republic of Moldova,MDA,2021,15.819,69.558
Republic of Moldova,MDA,2022,16.033,
Republic of Moldova,MDA,2023,16.2,
Republic of Moldova,MDA,2024,16.46,
Madagascar,MDG,1968,145.561,
Madagascar,MDG,1969,147.503,
Madagascar,MDG,1970,149.29,
Madagascar,MDG,1971,151.196,
Madagascar,MDG,1972,153.25,
Madagascar,MDG,1973,155.656,
Madagascar,MDG,1974,158.242,
Madagascar,MDG,1975,160.659,
Madagascar,MDG,1976,163.014,
Madagascar,MDG,1977,165.124,
Madagascar,MDG,1978,167.116,
Madagascar,MDG,1979,169.231,
Madagascar,MDG,1980,245.2,
Madagascar,MDG,1981,245.907,
Madagascar,MDG,1982,304.793,
Madagascar,MDG,1983,239.463,
Madagascar,MDG,1984,177.546,
Madagascar,MDG,1985,176.56,
Madagascar,MDG,1986,174.19,
Madagascar,MDG,1987,170.493,
Madagascar,MDG,1988,165.75,
Madagascar,MDG,1989,160.35,
Madagascar,MDG,1990,154.836,
Madagascar,MDG,1991,149.415,
Madagascar,MDG,1992,144.313,
Madagascar,MDG,1993,139.462,
Madagascar,MDG,1994,134.681,
Madagascar,MDG,1995,129.779,
Madagascar,MDG,1996,124.798,
Madagascar,MDG,1997,119.638,
Madagascar,MDG,1998,114.446,
Madagascar,MDG,1999,109.273,
Madagascar,MDG,2000,104.428,58.732
Madagascar,MDG,2001,99.806,59.248
Madagascar,MDG,2002,95.555,59.427
Madagascar,MDG,2003,91.582,59.725
Madagascar,MDG,2004,87.795,60.111
Madagascar,MDG,2005,84.135,60.672
Madagascar,MDG,2006,80.756,61.191
Madagascar,MDG,2007,77.617,61.672
Madagascar,MDG,2008,74.798,62.015
Madagascar,MDG,2009,72.382,62.249
Madagascar,MDG,2010,70.348,62.524
Madagascar,MDG,2011,68.628,62.76
Madagascar,MDG,2012,67.305,62.96
Madagascar,MDG,2013,66.361,63.117
Madagascar,MDG,2014,65.691,63.226
Madagascar,MDG,2015,65.257,63.359
Madagascar,MDG,2016,64.925,63.465
Madagascar,MDG,2017,64.872,63.579
Madagascar,MDG,2018,64.942,63.714
Madagascar,MDG,2019,65.012,63.817
Madagascar,MDG,2020,65.11,63.076
Madagascar,MDG,2021,65.025,62.934
Madagascar,MDG,2022,64.493,
Madagascar,MDG,2023,63.63,
Madagascar,MDG,2024,62.402,
Maldives,MDV,1962,334.087,
Maldives,MDV,1963,324.961,
Maldives,MDV,1964,315.848,
Maldives,MDV,1965,306.688,
Maldives,MDV,1966,297.446,
Maldives,MDV,1967,287.902,
Maldives,MDV,1968,278.077,
Maldives,MDV,1969,268.385,
Maldives,MDV,1970,258.478,
Maldives,MDV,1971,248.133,
Maldives,MDV,1972,237.005,
Maldives,MDV,1973,225.351,
Maldives,MDV,1974,213.496,
Maldives,MDV,1975,201.698,
Maldives,MDV,1976,190.231,
Maldives,MDV,1977,179.48,
Maldives,MDV,1978,169.532,
Maldives,MDV,1979,160.003,
Maldives,MDV,1980,151.264,
Maldives,MDV,1981,143.127,
Maldives,MDV,1982,135.434,
Maldives,MDV,1983,128.206,
Maldives,MDV,1984,121.342,
Maldives,MDV,1985,114.88,
Maldives,MDV,1986,108.697,
Maldives,MDV,1987,102.79,
Maldives,MDV,1988,97.235,
Maldives,MDV,1989,91.982,
Maldives,MDV,1990,86.956,
Maldives,MDV,1991,82.114,
Maldives,MDV,1992,77.375,
Maldives,MDV,1993,72.682,
Maldives,MDV,1994,67.99,
Maldives,MDV,1995,63.149,
Maldives,MDV,1996,58.296,
Maldives,MDV,1997,53.531,
Maldives,MDV,1998,48.78,
Maldives,MDV,1999,44.074,
Maldives,MDV,2000,39.482,69.822
Maldives,MDV,2001,35.105,70.457
Maldives,MDV,2002,31.077,71.063
Maldives,MDV,2003,27.433,71.622
Maldives,MDV,2004,27.243,71.349
Maldives,MDV,2005,21.641,72.866
Maldives,MDV,2006,19.44,73.362
Maldives,MDV,2007,17.628,73.715
Maldives,MDV,2008,16.133,74.092
Maldives,MDV,2009,14.888,74.432
Maldives,MDV,2010,13.828,74.731
Maldives,MDV,2011,12.893,75.103
Maldives,MDV,2012,12.056,75.846
Maldives,MDV,2013,11.284,76.3
Maldives,MDV,2014,10.554,76.81
Maldives,MDV,2015,9.859,77.253
Maldives,MDV,2016,9.195,77.72
Maldives,MDV,2017,8.56,78.17
Maldives,MDV,2018,7.962,78.678
Maldives,MDV,2019,7.401,75.449
Maldives,MDV,2020,6.879,76.191
Maldives,MDV,2021,6.417,75.397
Maldives,MDV,2022,6.036,
Maldives,MDV,2023,5.713,
Maldives,MDV,2024,5.439,
Mexico,MEX,1951,243.207,
Mexico,MEX,1952,230.615,
Mexico,MEX,1953,218.698,
Mexico,MEX,1954,207.609,
Mexico,MEX,1955,197.032,
Mexico,MEX,1956,187.062,
Mexico,MEX,1957,177.831,
Mexico,MEX,1958,169.513,
Mexico,MEX,1959,161.695,
Mexico,MEX,1960,154.679,
Mexico,MEX,1961,148.115,
Mexico,MEX,1962,142.267,
Mexico,MEX,1963,136.793,
Mexico,MEX,1964,131.824,
Mexico,MEX,1965,127.163,
Mexico,MEX,1966,122.768,
Mexico,MEX,1967,118.614,
Mexico,MEX,1968,114.644,
Mexico,MEX,1969,110.749,
Mexico,MEX,1970,106.896,
Mexico,MEX,1971,103.123,
Mexico,MEX,1972,99.372,
Mexico,MEX,1973,95.745,
Mexico,MEX,1974,92.109,
Mexico,MEX,1975,88.649,
Mexico,MEX,1976,85.211,
Mexico,MEX,1977,81.83,
Mexico,MEX,1978,78.472,
Mexico,MEX,1979,75.108,
Mexico,MEX,1980,71.766,
Mexico,MEX,1981,68.531,
Mexico,MEX,1982,65.4,
Mexico,MEX,1983,62.381,
Mexico,MEX,1984,59.536,
Mexico,MEX,1985,56.854,
Mexico,MEX,1986,54.266,
Mexico,MEX,1987,51.78,
Mexico,MEX,1988,49.38,
Mexico,MEX,1989,47.059,
Mexico,MEX,1990,44.85,
Mexico,MEX,1991,42.74,
Mexico,MEX,1992,40.693,
Mexico,MEX,1993,38.733,
Mexico,MEX,1994,36.864,
Mexico,MEX,1995,35.075,
Mexico,MEX,1996,33.385,
Mexico,MEX,1997,31.755,
Mexico,MEX,1998,30.23,
Mexico,MEX,1999,28.783,
Mexico,MEX,2000,27.419,74.218
Mexico,MEX,2001,26.16,74.551
Mexico,MEX,2002,24.987,74.589
Mexico,MEX,2003,23.919,74.628
Mexico,MEX,2004,22.959,75.043
Mexico,MEX,2005,22.105,74.927
Mexico,MEX,2006,21.337,75.336
Mexico,MEX,2007,20.657,75.525
Mexico,MEX,2008,20.041,75.087
Mexico,MEX,2009,19.481,75.142
Mexico,MEX,2010,18.947,74.953
Mexico,MEX,2011,18.442,75.426
Mexico,MEX,2012,17.948,75.645
Mexico,MEX,2013,17.482,75.929
Mexico,MEX,2014,17.027,75.907
Mexico,MEX,2015,16.584,75.94
Mexico,MEX,2016,16.166,75.761
Mexico,MEX,2017,15.76,75.87
Mexico,MEX,2018,15.357,75.917
Mexico,MEX,2019,14.968,75.834
Mexico,MEX,2020,14.595,70.946
Mexico,MEX,2021,14.214,70.833
Mexico,MEX,2022,13.819,
Mexico,MEX,2023,13.433,
Mexico,MEX,2024,13.052,
Marshall Islands,MHL,1959,127.319,
Marshall Islands,MHL,1960,121.199,
Marshall Islands,MHL,1961,115.543,
Marshall Islands,MHL,1962,110.211,
Marshall Islands,MHL,1963,105.176,
Marshall Islands,MHL,1964,100.433,
Marshall Islands,MHL,1965,96.164,
Marshall Islands,MHL,1966,92.183,
Marshall Islands,MHL,1967,88.507,
Marshall Islands,MHL,1968,85.052,
Marshall Islands,MHL,1969,81.748,
Marshall Islands,MHL,1970,78.611,
Marshall Islands,MHL,1971,75.739,
Marshall Islands,MHL,1972,73.305,
Marshall Islands,MHL,1973,71.276,
Marshall Islands,MHL,1974,69.724,
Marshall Islands,MHL,1975,68.562,
Marshall Islands,MHL,1976,67.699,
Marshall Islands,MHL,1977,66.984,
Marshall Islands,MHL,1978,66.122,
Marshall Islands,MHL,1979,65.236,
Marshall Islands,MHL,1980,64.2,
Marshall Islands,MHL,1981,62.987,
Marshall Islands,MHL,1982,61.631,
Marshall Islands,MHL,1983,60.013,
Marshall Islands,MHL,1984,58.386,
Marshall Islands,MHL,1985,56.684,
Marshall Islands,MHL,1986,54.967,
Marshall Islands,MHL,1987,53.23,
Marshall Islands,MHL,1988,51.423,
Marshall Islands,MHL,1989,49.614,
Marshall Islands,MHL,1990,47.807,
Marshall Islands,MHL,1991,46.115,
Marshall Islands,MHL,1992,44.642,
Marshall Islands,MHL,1993,43.33,
Marshall Islands,MHL,1994,42.416,
Marshall Islands,MHL,1995,41.943,
Marshall Islands,MHL,1996,41.819,
Marshall Islands,MHL,1997,41.99,
Marshall Islands,MHL,1998,42.288,
Marshall Islands,MHL,1999,42.588,
Marshall Islands,MHL,2000,42.746,
Marshall Islands,MHL,2001,42.685,
Marshall Islands,MHL,2002,42.535,
Marshall Islands,MHL,2003,42.187,
Marshall Islands,MHL,2004,41.783,
Marshall Islands,MHL,2005,41.332,
Marshall Islands,MHL,2006,40.911,
Marshall Islands,MHL,2007,40.444,
Marshall Islands,MHL,2008,39.967,
Marshall Islands,MHL,2009,39.493,
Marshall Islands,MHL,2010,38.957,
Marshall Islands,MHL,2011,38.394,
Marshall Islands,MHL,2012,37.759,
Marshall Islands,MHL,2013,36.963,
Marshall Islands,MHL,2014,36.115,
Marshall Islands,MHL,2015,35.182,
Marshall Islands,MHL,2016,34.196,
Marshall Islands,MHL,2017,33.225,
Marshall Islands,MHL,2018,32.229,
Marshall Islands,MHL,2019,31.225,
Marshall Islands,MHL,2020,30.294,
Marshall Islands,MHL,2021,29.357,
Marshall Islands,MHL,2022,28.501,
Marshall Islands,MHL,2023,27.607,
Marshall Islands,MHL,2024,26.744,
North Macedonia,MKD,1981,56.763,
North Macedonia,MKD,1982,55.098,
North Macedonia,MKD,1983,52.932,
North Macedonia,MKD,1984,50.769,
North Macedonia,MKD,1985,49.439,
North Macedonia,MKD,1986,48.87,
North Macedonia,MKD,1987,47.449,
North Macedonia,MKD,1988,43.92,
North Macedonia,MKD,1989,39.592,
North Macedonia,MKD,1990,36.45,
North Macedonia,MKD,1991,34.939,
North Macedonia,MKD,1992,33.577,
North Macedonia,MKD,1993,31.129,
North Macedonia,MKD,1994,27.846,
North Macedonia,MKD,1995,24.563,
North Macedonia,MKD,1996,21.745,
North Macedonia,MKD,1997,19.546,
North Macedonia,MKD,1998,18.024,
North Macedonia,MKD,1999,16.939,
North Macedonia,MKD,2000,16.006,72.948
North Macedonia,MKD,2001,15.127,73.267
North Macedonia,MKD,2002,14.484,72.913
North Macedonia,MKD,2003,14.174,73.229
North Macedonia,MKD,2004,14.035,73.623
North Macedonia,MKD,2005,13.73,73.736
North Macedonia,MKD,2006,13.117,73.825
North Macedonia,MKD,2007,12.325,73.659
North Macedonia,MKD,2008,11.521,74.318
North Macedonia,MKD,2009,10.84,74.588
North Macedonia,MKD,2010,10.394,74.842
North Macedonia,MKD,2011,10.239,74.961
North Macedonia,MKD,2012,10.362,74.938
North Macedonia,MKD,2013,10.724,75.431
North Macedonia,MKD,2014,11.101,75.258
North Macedonia,MKD,2015,11.128,75.341
North Macedonia,MKD,2016,10.595,75.563
North Macedonia,MKD,2017,9.618,75.985
North Macedonia,MKD,2018,8.385,76.464
North Macedonia,MKD,2019,7.11,76.148
North Macedonia,MKD,2020,5.988,74.371
North Macedonia,MKD,2021,5.056,72.995
North Macedonia,MKD,2022,4.22,
North Macedonia,MKD,2023,3.45,
North Macedonia,MKD,2024,2.803,
Mali,MLI,1963,432.406,
Mali,MLI,1964,424.801,
Mali,MLI,1965,417.719,
Mali,MLI,1966,411.042,
Mali,MLI,1967,404.382,
Mali,MLI,1968,397.69,
Mali,MLI,1969,391.363,
Mali,MLI,1970,385.124,
Mali,MLI,1971,378.539,
Mali,MLI,1972,371.841,
Mali,MLI,1973,364.57,
Mali,MLI,1974,356.864,
Mali,MLI,1975,348.65,
Mali,MLI,1976,339.999,
Mali,MLI,1977,331.309,
Mali,MLI,1978,322.484,
Mali,MLI,1979,313.71,
Mali,MLI,1980,305.129,
Mali,MLI,1981,296.507,
Mali,MLI,1982,288.012,
Mali,MLI,1983,279.683,
Mali,MLI,1984,271.643,
Mali,MLI,1985,264.039,
Mali,MLI,1986,256.912,
Mali,MLI,1987,250.235,
Mali,MLI,1988,244.064,
Mali,MLI,1989,238.385,
Mali,MLI,1990,233.307,
Mali,MLI,1991,228.666,
Mali,MLI,1992,224.607,
Mali,MLI,1993,220.855,
Mali,MLI,1994,217.315,
Mali,MLI,1995,213.678,
Mali,MLI,1996,209.86,
Mali,MLI,1997,205.609,
Mali,MLI,1998,200.857,
Mali,MLI,1999,195.582,
Mali,MLI,2000,189.931,53.059
Mali,MLI,2001,183.896,53.622
Mali,MLI,2002,177.746,54.163
Mali,MLI,2003,171.699,54.851
Mali,MLI,2004,165.806,55.693
Mali,MLI,2005,160.088,56.257
Mali,MLI,2006,154.613,56.775
Mali,MLI,2007,149.24,57.343
Mali,MLI,2008,143.982,57.785
Mali,MLI,2009,138.864,58.277
Mali,MLI,2010,133.778,58.648
Mali,MLI,2011,128.779,59.048
Mali,MLI,2012,123.874,59.271
Mali,MLI,2013,119.084,59.379
Mali,MLI,2014,114.385,59.776
Mali,MLI,2015,109.725,60.121
Mali,MLI,2016,105.132,60.637
Mali,MLI,2017,100.647,61.019
Mali,MLI,2018,96.207,61.317
Mali,MLI,2019,91.89,61.833
Mali,MLI,2020,87.628,61.468
Mali,MLI,2021,83.607,61.674
Mali,MLI,2022,79.722,
Mali,MLI,2023,76.209,
Mali,MLI,2024,72.981,
Malta,MLT,1950,109.413,
Malta,MLT,1951,95.332,
Malta,MLT,1952,83.367,
Malta,MLT,1953,73.182,
Malta,MLT,1954,64.712,
Malta,MLT,1955,57.826,
Malta,MLT,1956,52.307,
Malta,MLT,1957,47.957,
Malta,MLT,1958,44.573,
Malta,MLT,1959,41.959,
Malta,MLT,1960,39.991,
Malta,MLT,1961,38.497,
Malta,MLT,1962,37.292,
Malta,MLT,1963,36.287,
Malta,MLT,1964,35.311,
Malta,MLT,1965,34.275,
Malta,MLT,1966,33.133,
Malta,MLT,1967,31.92,
Malta,MLT,1968,30.617,
Malta,MLT,1969,29.27,
Malta,MLT,1970,27.912,
Malta,MLT,1971,26.569,
Malta,MLT,1972,25.226,
Malta,MLT,1973,23.907,
Malta,MLT,1974,22.627,
Malta,MLT,1975,21.401,
Malta,MLT,1976,20.262,
Malta,MLT,1977,19.243,
Malta,MLT,1978,18.334,
Malta,MLT,1979,17.547,
Malta,MLT,1980,16.848,
Malta,MLT,1981,16.228,
Malta,MLT,1982,15.642,
Malta,MLT,1983,15.062,
Malta,MLT,1984,14.48,
Malta,MLT,1985,13.89,
Malta,MLT,1986,13.308,
Malta,MLT,1987,12.757,
Malta,MLT,1988,12.251,
Malta,MLT,1989,11.776,
Malta,MLT,1990,11.35,
Malta,MLT,1991,10.961,
Malta,MLT,1992,10.574,
Malta,MLT,1993,10.187,
Malta,MLT,1994,9.793,
Malta,MLT,1995,9.394,
Malta,MLT,1996,8.993,
Malta,MLT,1997,8.606,
Malta,MLT,1998,8.239,
Malta,MLT,1999,7.905,
Malta,MLT,2000,7.617,77.815
Malta,MLT,2001,7.383,78.115
Malta,MLT,2002,7.194,78.409
Malta,MLT,2003,7.058,78.677
Malta,MLT,2004,6.964,78.901
Malta,MLT,2005,6.907,79.126
Malta,MLT,2006,6.88,79.367
Malta,MLT,2007,6.871,79.642
Malta,MLT,2008,6.87,79.932
Malta,MLT,2009,6.868,80.249
Malta,MLT,2010,6.861,80.483
Malta,MLT,2011,6.837,80.717
Malta,MLT,2012,6.801,80.94
Malta,MLT,2013,6.748,81.205
Malta,MLT,2014,6.681,81.453
Malta,MLT,2015,6.596,81.68
Malta,MLT,2016,6.498,81.881
Malta,MLT,2017,6.388,82.057
Malta,MLT,2018,6.251,82.265
Malta,MLT,2019,6.114,82.146
Malta,MLT,2020,5.964,82.015
Malta,MLT,2021,5.806,81.812
Malta,MLT,2022,5.648,
Malta,MLT,2023,5.496,
Malta,MLT,2024,5.335,
Myanmar,MMR,1968,179.901,
Myanmar,MMR,1969,176.388,
Myanmar,MMR,1970,173.049,
Myanmar,MMR,1971,169.614,
Myanmar,MMR,1972,166.071,
Myanmar,MMR,1973,162.53,
Myanmar,MMR,1974,159.106,
Myanmar,MMR,1975,155.511,
Myanmar,MMR,1976,151.734,
Myanmar,MMR,1977,148.324,
Myanmar,MMR,1978,145.013,
Myanmar,MMR,1979,141.749,
Myanmar,MMR,1980,138.728,
Myanmar,MMR,1981,135.893,
Myanmar,MMR,1982,133.096,
Myanmar,MMR,1983,130.502,
Myanmar,MMR,1984,128.176,
Myanmar,MMR,1985,126.012,
Myanmar,MMR,1986,123.856,
Myanmar,MMR,1987,121.714,
Myanmar,MMR,1988,119.429,
Myanmar,MMR,1989,117.037,
Myanmar,MMR,1990,114.581,
Myanmar,MMR,1991,112.064,
Myanmar,MMR,1992,109.401,
Myanmar,MMR,1993,106.788,
Myanmar,MMR,1994,104.14,
Myanmar,MMR,1995,101.477,
Myanmar,MMR,1996,98.84,
Myanmar,MMR,1997,96.28,
Myanmar,MMR,1998,93.812,
Myanmar,MMR,1999,91.378,
Myanmar,MMR,2000,88.931,59.38
Myanmar,MMR,2001,86.522,59.777
Myanmar,MMR,2002,84.101,60.2
Myanmar,MMR,2003,81.621,60.642
Myanmar,MMR,2004,79.056,61.07
Myanmar,MMR,2005,76.327,61.62
Myanmar,MMR,2006,73.611,62.156
Myanmar,MMR,2007,70.801,62.776
Myanmar,MMR,2008,101.727,56.908
Myanmar,MMR,2009,65.141,63.991
Myanmar,MMR,2010,62.395,64.644
Myanmar,MMR,2011,59.669,65.229
Myanmar,MMR,2012,57.043,65.866
Myanmar,MMR,2013,54.595,66.448
Myanmar,MMR,2014,52.432,67.04
Myanmar,MMR,2015,50.469,67.427
Myanmar,MMR,2016,48.655,67.862
Myanmar,MMR,2017,46.817,67.951
Myanmar,MMR,2018,45.198,68.56
Myanmar,MMR,2019,43.608,68.805
Myanmar,MMR,2020,42.147,68.868
Myanmar,MMR,2021,40.771,67.846
Myanmar,MMR,2022,39.465,
Myanmar,MMR,2023,38.143,
Myanmar,MMR,2024,36.932,
Montenegro,MNE,1984,27.253,
Montenegro,MNE,1985,24.784,
Montenegro,MNE,1986,22.544,
Montenegro,MNE,1987,20.551,
Montenegro,MNE,1988,18.868,
Montenegro,MNE,1989,17.514,
Montenegro,MNE,1990,16.497,
Montenegro,MNE,1991,15.804,
Montenegro,MNE,1992,15.39,
Montenegro,MNE,1993,15.18,
Montenegro,MNE,1994,15.099,
Montenegro,MNE,1995,15.08,
Montenegro,MNE,1996,15.071,
Montenegro,MNE,1997,15.023,
Montenegro,MNE,1998,14.882,
Montenegro,MNE,1999,14.612,
Montenegro,MNE,2000,14.204,73.434
Montenegro,MNE,2001,13.657,73.45
Montenegro,MNE,2002,12.984,73.546
Montenegro,MNE,2003,12.226,73.62
Montenegro,MNE,2004,11.415,73.735
Montenegro,MNE,2005,10.584,73.987
Montenegro,MNE,2006,9.742,74.287
Montenegro,MNE,2007,8.909,74.673
Montenegro,MNE,2008,8.115,75.027
Montenegro,MNE,2009,7.367,75.388
Montenegro,MNE,2010,6.68,75.718
Montenegro,MNE,2011,6.058,75.99
Montenegro,MNE,2012,5.505,76.176
Montenegro,MNE,2013,5.01,76.358
Montenegro,MNE,2014,4.567,76.62
Montenegro,MNE,2015,4.184,76.86
Montenegro,MNE,2016,3.854,77.061
Montenegro,MNE,2017,3.571,77.15
Montenegro,MNE,2018,3.329,77.223
Montenegro,MNE,2019,3.121,76.84
Montenegro,MNE,2020,2.941,75.476
Montenegro,MNE,2021,2.777,74.71
Montenegro,MNE,2022,2.628,
Montenegro,MNE,2023,2.497,
Montenegro,MNE,2024,2.383,
Mongolia,MNG,1978,172.606,
Mongolia,MNG,1979,166.461,
Mongolia,MNG,1980,160.552,
Mongolia,MNG,1981,154.855,
Mongolia,MNG,1982,149.288,
Mongolia,MNG,1983,143.859,
Mongolia,MNG,1984,138.507,
Mongolia,MNG,1985,133.02,
Mongolia,MNG,1986,127.461,
Mongolia,MNG,1987,121.795,
Mongolia,MNG,1988,116.266,
Mongolia,MNG,1989,110.919,
Mongolia,MNG,1990,106.084,
Mongolia,MNG,1991,101.697,
Mongolia,MNG,1992,97.584,
Mongolia,MNG,1993,93.647,
Mongolia,MNG,1994,89.748,
Mongolia,MNG,1995,85.752,
Mongolia,MNG,1996,81.519,
Mongolia,MNG,1997,77.056,
Mongolia,MNG,1998,72.356,
Mongolia,MNG,1999,67.486,
Mongolia,MNG,2000,62.536,63.198
Mongolia,MNG,2001,57.662,63.49
Mongolia,MNG,2002,52.929,63.993
Mongolia,MNG,2003,48.458,64.447
Mongolia,MNG,2004,44.274,64.841
Mongolia,MNG,2005,40.462,65.263
Mongolia,MNG,2006,36.996,65.783
Mongolia,MNG,2007,33.849,66.377
Mongolia,MNG,2008,31.005,66.902
Mongolia,MNG,2009,28.472,66.928
Mongolia,MNG,2010,26.255,67.102
Mongolia,MNG,2011,24.353,67.304
Mongolia,MNG,2012,22.794,67.841
Mongolia,MNG,2013,21.537,68.393
Mongolia,MNG,2014,20.447,68.964
Mongolia,MNG,2015,19.422,69.246
Mongolia,MNG,2016,18.414,69.644
Mongolia,MNG,2017,17.413,70.099
Mongolia,MNG,2018,16.437,70.478
Mongolia,MNG,2019,15.561,70.75
Mongolia,MNG,2020,14.844,72.706
Mongolia,MNG,2021,14.3,70.098
Mongolia,MNG,2022,13.905,
Mongolia,MNG,2023,13.634,
Mongolia,MNG,2024,13.416,
Mozambique,MOZ,1963,269.6,
Mozambique,MOZ,1964,270.97,
Mozambique,MOZ,1965,272.09,
Mozambique,MOZ,1966,273.255,
Mozambique,MOZ,1967,274.084,
Mozambique,MOZ,1968,274.131,
Mozambique,MOZ,1969,273.603,
Mozambique,MOZ,1970,273.287,
Mozambique,MOZ,1971,272.715,
Mozambique,MOZ,1972,271.45,
Mozambique,MOZ,1973,270.065,
Mozambique,MOZ,1974,268.647,
Mozambique,MOZ,1975,267.019,
Mozambique,MOZ,1976,265.704,
Mozambique,MOZ,1977,264.513,
Mozambique,MOZ,1978,263.586,
Mozambique,MOZ,1979,262.72,
Mozambique,MOZ,1980,262.204,
Mozambique,MOZ,1981,309.415,
Mozambique,MOZ,1982,260.186,
Mozambique,MOZ,1983,257.924,
Mozambique,MOZ,1984,254.718,
Mozambique,MOZ,1985,251.355,
Mozambique,MOZ,1986,247.815,
Mozambique,MOZ,1987,244.445,
Mozambique,MOZ,1988,241.285,
Mozambique,MOZ,1989,238.146,
Mozambique,MOZ,1990,235.055,
Mozambique,MOZ,1991,231.756,
Mozambique,MOZ,1992,227.922,
Mozambique,MOZ,1993,223.125,
Mozambique,MOZ,1994,217.147,
Mozambique,MOZ,1995,210.585,
Mozambique,MOZ,1996,202.463,
Mozambique,MOZ,1997,193.647,
Mozambique,MOZ,1998,183.919,
Mozambique,MOZ,1999,174.081,
Mozambique,MOZ,2000,164.621,50.953
Mozambique,MOZ,2001,155.74,51.315
Mozambique,MOZ,2002,147.459,51.47
Mozambique,MOZ,2003,139.768,51.671
Mozambique,MOZ,2004,132.539,51.815
Mozambique,MOZ,2005,125.747,51.928
Mozambique,MOZ,2006,118.771,52.164
Mozambique,MOZ,2007,110.673,52.585
Mozambique,MOZ,2008,104.394,53.063
Mozambique,MOZ,2009,98.269,53.326
Mozambique,MOZ,2010,95.62,53.332
Mozambique,MOZ,2011,91.134,53.527
Mozambique,MOZ,2012,86.475,53.742
Mozambique,MOZ,2013,82.9,54.243
Mozambique,MOZ,2014,79.714,55.028
Mozambique,MOZ,2015,75.807,55.855
Mozambique,MOZ,2016,73.264,56.635
Mozambique,MOZ,2017,71.967,57.333
Mozambique,MOZ,2018,70.152,57.943
Mozambique,MOZ,2019,68.608,58.505
Mozambique,MOZ,2020,67.565,58.631
Mozambique,MOZ,2021,65.523,57.662
Mozambique,MOZ,2022,63.928,
Mozambique,MOZ,2023,61.651,
Mozambique,MOZ,2024,59.418,
Mauritania,MRT,1940,337.658,
Mauritania,MRT,1941,334.836,
Mauritania,MRT,1942,332.541,
Mauritania,MRT,1943,330.514,
Mauritania,MRT,1944,328.506,
Mauritania,MRT,1945,326.135,
Mauritania,MRT,1946,323.383,
Mauritania,MRT,1947,320.531,
Mauritania,MRT,1948,317.609,
Mauritania,MRT,1949,314.416,
Mauritania,MRT,1950,310.393,
Mauritania,MRT,1951,305.996,
Mauritania,MRT,1952,301.821,
Mauritania,MRT,1953,297.503,
Mauritania,MRT,1954,292.703,
Mauritania,MRT,1955,287.503,
Mauritania,MRT,1956,282.128,
Mauritania,MRT,1957,276.429,
Mauritania,MRT,1958,270.604,
Mauritania,MRT,1959,264.213,
Mauritania,MRT,1960,257.766,
Mauritania,MRT,1961,251.271,
Mauritania,MRT,1962,244.586,
Mauritania,MRT,1963,237.647,
Mauritania,MRT,1964,230.887,
Mauritania,MRT,1965,223.954,
Mauritania,MRT,1966,216.762,
Mauritania,MRT,1967,209.663,
Mauritania,MRT,1968,242.547,
Mauritania,MRT,1969,235.815,
Mauritania,MRT,1970,231.09,
Mauritania,MRT,1971,227.948,
Mauritania,MRT,1972,226.37,
Mauritania,MRT,1973,225.439,
Mauritania,MRT,1974,224.095,
Mauritania,MRT,1975,189.111,
Mauritania,MRT,1976,186.102,
Mauritania,MRT,1977,181.927,
Mauritania,MRT,1978,176.925,
Mauritania,MRT,1979,171.639,
Mauritania,MRT,1980,166.397,
Mauritania,MRT,1981,161.292,
Mauritania,MRT,1982,156.118,
Mauritania,MRT,1983,150.786,
Mauritania,MRT,1984,144.967,
Mauritania,MRT,1985,138.636,
Mauritania,MRT,1986,132.318,
Mauritania,MRT,1987,126.851,
Mauritania,MRT,1988,122.196,
Mauritania,MRT,1989,118.743,
Mauritania,MRT,1990,116.486,
Mauritania,MRT,1991,114.755,
Mauritania,MRT,1992,113.602,
Mauritania,MRT,1993,112.639,
Mauritania,MRT,1994,111.75,
Mauritania,MRT,1995,110.684,
Mauritania,MRT,1996,109.426,
Mauritania,MRT,1997,107.596,
Mauritania,MRT,1998,105.191,
Mauritania,MRT,1999,102.005,
Mauritania,MRT,2000,98.007,62.921
Mauritania,MRT,2001,93.381,63.487
Mauritania,MRT,2002,88.175,64.158
Mauritania,MRT,2003,82.818,64.837
Mauritania,MRT,2004,77.503,65.401
Mauritania,MRT,2005,72.495,65.909
Mauritania,MRT,2006,68.088,66.62
Mauritania,MRT,2007,64.348,67.115
Mauritania,MRT,2008,61.262,67.643
Mauritania,MRT,2009,58.815,68.084
Mauritania,MRT,2010,56.78,68.453
Mauritania,MRT,2011,55.109,68.799
Mauritania,MRT,2012,53.544,69.092
Mauritania,MRT,2013,52.09,69.225
Mauritania,MRT,2014,50.598,69.294
Mauritania,MRT,2015,49.142,69.454
Mauritania,MRT,2016,47.675,69.658
Mauritania,MRT,2017,46.175,69.812
Mauritania,MRT,2018,44.748,69.997
Mauritania,MRT,2019,43.378,70.175
Mauritania,MRT,2020,41.992,68.927
Mauritania,MRT,2021,40.663,68.868
Mauritania,MRT,2022,39.432,
Mauritania,MRT,2023,38.133,
Mauritania,MRT,2024,36.913,
Montserrat,MSR,1958,149.16,
Montserrat,MSR,1959,135.837,
Montserrat,MSR,1960,123.716,
Montserrat,MSR,1961,112.74,
Montserrat,MSR,1962,102.968,
Montserrat,MSR,1963,94.446,
Montserrat,MSR,1964,86.939,
Montserrat,MSR,1965,80.375,
Montserrat,MSR,1966,74.715,
Montserrat,MSR,1967,69.721,
Montserrat,MSR,1968,65.309,
Montserrat,MSR,1969,61.352,
Montserrat,MSR,1970,57.745,
Montserrat,MSR,1971,54.459,
Montserrat,MSR,1972,51.519,
Montserrat,MSR,1973,48.771,
Montserrat,MSR,1974,46.206,
Montserrat,MSR,1975,43.797,
Montserrat,MSR,1976,41.504,
Montserrat,MSR,1977,39.351,
Montserrat,MSR,1978,37.24,
Montserrat,MSR,1979,35.315,
Montserrat,MSR,1980,33.454,
Montserrat,MSR,1981,31.73,
Montserrat,MSR,1982,30.088,
Montserrat,MSR,1983,28.551,
Montserrat,MSR,1984,27.118,
Montserrat,MSR,1985,25.777,
Montserrat,MSR,1986,24.543,
Montserrat,MSR,1987,23.419,
Montserrat,MSR,1988,22.361,
Montserrat,MSR,1989,21.39,
Montserrat,MSR,1990,20.468,
Montserrat,MSR,1991,19.634,
Montserrat,MSR,1992,18.853,
Montserrat,MSR,1993,18.121,
Montserrat,MSR,1994,17.448,
Montserrat,MSR,1995,16.801,
Montserrat,MSR,1996,16.18,
Montserrat,MSR,1997,15.608,
Montserrat,MSR,1998,15.047,
Montserrat,MSR,1999,14.498,
Montserrat,MSR,2000,13.971,
Montserrat,MSR,2001,13.498,
Montserrat,MSR,2002,13.048,
Montserrat,MSR,2003,12.585,
Montserrat,MSR,2004,12.154,
Montserrat,MSR,2005,11.722,
Montserrat,MSR,2006,11.35,
Montserrat,MSR,2007,10.953,
Montserrat,MSR,2008,10.618,
Montserrat,MSR,2009,10.264,
Montserrat,MSR,2010,9.94,
Montserrat,MSR,2011,9.675,
Montserrat,MSR,2012,9.348,
Montserrat,MSR,2013,9.045,
Montserrat,MSR,2014,8.752,
Montserrat,MSR,2015,8.459,
Montserrat,MSR,2016,8.197,
Montserrat,MSR,2017,7.934,
Montserrat,MSR,2018,7.703,
Montserrat,MSR,2019,7.464,
Montserrat,MSR,2020,7.225,
Montserrat,MSR,2021,6.995,
Montserrat,MSR,2022,6.765,
Montserrat,MSR,2023,6.558,
Montserrat,MSR,2024,6.354,
Mauritius,MUS,1956,144.282,
Mauritius,MUS,1957,122.105,
Mauritius,MUS,1958,109.798,
Mauritius,MUS,1959,105.579,
Mauritius,MUS,1960,103.688,
Mauritius,MUS,1961,99.112,
Mauritius,MUS,1962,92.547,
Mauritius,MUS,1963,86.916,
Mauritius,MUS,1964,84.124,
Mauritius,MUS,1965,85.214,
Mauritius,MUS,1966,91.007,
Mauritius,MUS,1967,97.486,
Mauritius,MUS,1968,96.871,
Mauritius,MUS,1969,87.554,
Mauritius,MUS,1970,79.019,
Mauritius,MUS,1971,78.167,
Mauritius,MUS,1972,81.67,
Mauritius,MUS,1973,81.314,
Mauritius,MUS,1974,73.393,
Mauritius,MUS,1975,63.381,
Mauritius,MUS,1976,55.6,
Mauritius,MUS,1977,50.315,
Mauritius,MUS,1978,46.637,
Mauritius,MUS,1979,43.794,
Mauritius,MUS,1980,40.915,
Mauritius,MUS,1981,37.397,
Mauritius,MUS,1982,33.851,
Mauritius,MUS,1983,31.144,
Mauritius,MUS,1984,29.589,
Mauritius,MUS,1985,28.866,
Mauritius,MUS,1986,28.655,
Mauritius,MUS,1987,28.344,
Mauritius,MUS,1988,27.216,
Mauritius,MUS,1989,25.145,
Mauritius,MUS,1990,23.081,
Mauritius,MUS,1991,21.727,
Mauritius,MUS,1992,21.136,
Mauritius,MUS,1993,21.189,
Mauritius,MUS,1994,21.683,
Mauritius,MUS,1995,22.291,
Mauritius,MUS,1996,22.675,
Mauritius,MUS,1997,22.564,
Mauritius,MUS,1998,21.755,
Mauritius,MUS,1999,20.343,
Mauritius,MUS,2000,18.799,71.135
Mauritius,MUS,2001,17.518,71.44
Mauritius,MUS,2002,16.595,71.679
Mauritius,MUS,2003,16.02,71.844
Mauritius,MUS,2004,15.742,71.987
Mauritius,MUS,2005,15.587,72.141
Mauritius,MUS,2006,15.404,72.376
Mauritius,MUS,2007,15.183,72.605
Mauritius,MUS,2008,14.991,72.866
Mauritius,MUS,2009,14.863,73.101
Mauritius,MUS,2010,14.827,73.346
Mauritius,MUS,2011,14.898,73.516
Mauritius,MUS,2012,14.99,73.69
Mauritius,MUS,2013,14.941,73.803
Mauritius,MUS,2014,14.714,74.01
Mauritius,MUS,2015,14.534,74.126
Mauritius,MUS,2016,14.648,74.158
Mauritius,MUS,2017,15.006,74.115
Mauritius,MUS,2018,15.404,74.025
Mauritius,MUS,2019,15.701,74.056
Mauritius,MUS,2020,15.82,73.57
Mauritius,MUS,2021,15.741,73.42
Mauritius,MUS,2022,15.533,
Mauritius,MUS,2023,15.392,
Mauritius,MUS,2024,15.367,
Malawi,MWI,1961,358.468,
Malawi,MWI,1962,356.862,
Malawi,MWI,1963,355.277,
Malawi,MWI,1964,353.491,
Malawi,MWI,1965,352.4,
Malawi,MWI,1966,350.635,
Malawi,MWI,1967,349.022,
Malawi,MWI,1968,347.029,
Malawi,MWI,1969,345.11,
Malawi,MWI,1970,341.707,
Malawi,MWI,1971,336.591,
Malawi,MWI,1972,330.072,
Malawi,MWI,1973,322.423,
Malawi,MWI,1974,313.715,
Malawi,MWI,1975,304.453,
Malawi,MWI,1976,294.984,
Malawi,MWI,1977,285.256,
Malawi,MWI,1978,275.334,
Malawi,MWI,1979,265.421,
Malawi,MWI,1980,256.903,
Malawi,MWI,1981,250.171,
Malawi,MWI,1982,246.196,
Malawi,MWI,1983,245.463,
Malawi,MWI,1984,247.701,
Malawi,MWI,1985,251.202,
Malawi,MWI,1986,254.014,
Malawi,MWI,1987,254.71,
Malawi,MWI,1988,253.242,
Malawi,MWI,1989,249.275,
Malawi,MWI,1990,243.484,
Malawi,MWI,1991,236.498,
Malawi,MWI,1992,228.751,
Malawi,MWI,1993,221.482,
Malawi,MWI,1994,214.706,
Malawi,MWI,1995,207.73,
Malawi,MWI,1996,202.558,
Malawi,MWI,1997,197.535,
Malawi,MWI,1998,191.168,
Malawi,MWI,1999,182.291,
Malawi,MWI,2000,170.984,44.641
Malawi,MWI,2001,238.993,45.394
Malawi,MWI,2002,143.243,46.236
Malawi,MWI,2003,130.008,47.143
Malawi,MWI,2004,118.749,48.061
Malawi,MWI,2005,109.687,49.35
Malawi,MWI,2006,102.726,50.925
Malawi,MWI,2007,96.898,52.546
Malawi,MWI,2008,91.046,54.261
Malawi,MWI,2009,85.347,55.728
Malawi,MWI,2010,80.131,56.871
Malawi,MWI,2011,74.02,58.109
Malawi,MWI,2012,67.883,59.421
Malawi,MWI,2013,62.859,60.555
Malawi,MWI,2014,60.034,61.347
Malawi,MWI,2015,57.394,61.825
Malawi,MWI,2016,55.827,62.198
Malawi,MWI,2017,53.802,62.552
Malawi,MWI,2018,52.027,62.919
Malawi,MWI,2019,51.294,63.229
Malawi,MWI,2020,50.424,63.463
Malawi,MWI,2021,49.979,62.487
Malawi,MWI,2022,50.087,
Malawi,MWI,2023,49.635,
Malawi,MWI,2024,48.783,
Malaysia,MYS,1950,171.426,
Malaysia,MYS,1951,161.876,
Malaysia,MYS,1952,152.875,
Malaysia,MYS,1953,144.387,
Malaysia,MYS,1954,136.489,
Malaysia,MYS,1955,129.229,
Malaysia,MYS,1956,122.242,
Malaysia,MYS,1957,115.406,
Malaysia,MYS,1958,108.562,
Malaysia,MYS,1959,101.787,
Malaysia,MYS,1960,95.15,
Malaysia,MYS,1961,88.866,
Malaysia,MYS,1962,83.009,
Malaysia,MYS,1963,77.768,
Malaysia,MYS,1964,73.15,
Malaysia,MYS,1965,69.175,
Malaysia,MYS,1966,65.803,
Malaysia,MYS,1967,62.877,
Malaysia,MYS,1968,60.329,
Malaysia,MYS,1969,58.016,
Malaysia,MYS,1970,55.689,
Malaysia,MYS,1971,53.284,
Malaysia,MYS,1972,50.704,
Malaysia,MYS,1973,47.974,
Malaysia,MYS,1974,45.181,
Malaysia,MYS,1975,42.437,
Malaysia,MYS,1976,39.778,
Malaysia,MYS,1977,37.235,
Malaysia,MYS,1978,34.817,
Malaysia,MYS,1979,32.528,
Malaysia,MYS,1980,30.387,
Malaysia,MYS,1981,28.362,
Malaysia,MYS,1982,26.481,
Malaysia,MYS,1983,24.754,
Malaysia,MYS,1984,23.188,
Malaysia,MYS,1985,21.763,
Malaysia,MYS,1986,20.494,
Malaysia,MYS,1987,19.366,
Malaysia,MYS,1988,18.353,
Malaysia,MYS,1989,17.443,
Malaysia,MYS,1990,16.619,
Malaysia,MYS,1991,15.838,
Malaysia,MYS,1992,15.111,
Malaysia,MYS,1993,14.449,
Malaysia,MYS,1994,13.855,
Malaysia,MYS,1995,13.32,
Malaysia,MYS,1996,12.838,
Malaysia,MYS,1997,12.303,
Malaysia,MYS,1998,11.593,
Malaysia,MYS,1999,10.728,
Malaysia,MYS,2000,9.9,73.013
Malaysia,MYS,2001,9.266,73.519
Malaysia,MYS,2002,8.835,73.782
Malaysia,MYS,2003,8.564,73.622
Malaysia,MYS,2004,8.412,73.821
Malaysia,MYS,2005,8.336,74.062
Malaysia,MYS,2006,8.291,74.304
Malaysia,MYS,2007,8.257,74.436
Malaysia,MYS,2008,8.223,74.194
Malaysia,MYS,2009,8.183,74.015
Malaysia,MYS,2010,8.137,74.026
Malaysia,MYS,2011,8.088,74.231
Malaysia,MYS,2012,8.048,74.616
Malaysia,MYS,2013,8.048,74.723
Malaysia,MYS,2014,8.093,74.647
Malaysia,MYS,2015,8.151,74.278
Malaysia,MYS,2016,8.188,74.419
Malaysia,MYS,2017,8.204,74.401
Malaysia,MYS,2018,8.202,74.528
Malaysia,MYS,2019,8.195,74.684
Malaysia,MYS,2020,8.187,76.79
Malaysia,MYS,2021,8.198,72.81
Malaysia,MYS,2022,8.227,
Malaysia,MYS,2023,8.265,
Malaysia,MYS,2024,8.309,
Namibia,NAM,1967,96.338,
Namibia,NAM,1968,96.473,
Namibia,NAM,1969,96.678,
Namibia,NAM,1970,96.991,
Namibia,NAM,1971,97.283,
Namibia,NAM,1972,97.714,
Namibia,NAM,1973,98.241,
Namibia,NAM,1974,98.882,
Namibia,NAM,1975,99.89,
Namibia,NAM,1976,101.016,
Namibia,NAM,1977,102.128,
Namibia,NAM,1978,102.908,
Namibia,NAM,1979,103.133,
Namibia,NAM,1980,102.652,
Namibia,NAM,1981,101.1,
Namibia,NAM,1982,98.78,
Namibia,NAM,1983,95.714,
Namibia,NAM,1984,92.088,
Namibia,NAM,1985,88.119,
Namibia,NAM,1986,84.342,
Namibia,NAM,1987,80.896,
Namibia,NAM,1988,77.994,
Namibia,NAM,1989,75.444,
Namibia,NAM,1990,73.582,
Namibia,NAM,1991,72.266,
Namibia,NAM,1992,71.485,
Namibia,NAM,1993,71.202,
Namibia,NAM,1994,71.617,
Namibia,NAM,1995,72.636,
Namibia,NAM,1996,74.012,
Namibia,NAM,1997,75.632,
Namibia,NAM,1998,77.036,
Namibia,NAM,1999,78.064,
Namibia,NAM,2000,78.239,53.025
Namibia,NAM,2001,77.587,52.374
Namibia,NAM,2002,76.556,51.743
Namibia,NAM,2003,75.557,51.394
Namibia,NAM,2004,74.384,51.648
Namibia,NAM,2005,70.982,52.834
Namibia,NAM,2006,65.972,54.7
Namibia,NAM,2007,61.965,56.836
Namibia,NAM,2008,57.496,58.622
Namibia,NAM,2009,53.244,59.504
Namibia,NAM,2010,50.282,60.125
Namibia,NAM,2011,49.974,60.883
Namibia,NAM,2012,52.569,61.495
Namibia,NAM,2013,50.795,61.878
Namibia,NAM,2014,49.956,61.949
Namibia,NAM,2015,51.826,61.862
Namibia,NAM,2016,51.396,62.058
Namibia,NAM,2017,49.756,62.372
Namibia,NAM,2018,48.477,62.829
Namibia,NAM,2019,46.565,63.493
Namibia,NAM,2020,44.78,63.752
Namibia,NAM,2021,43.22,60.36
Namibia,NAM,2022,41.585,
Namibia,NAM,2023,41.069,
Namibia,NAM,2024,39.461,
Niger,NER,1967,321.069,
Niger,NER,1968,324.774,
Niger,NER,1969,328.768,
Niger,NER,1970,332.926,
Niger,NER,1971,337.077,
Niger,NER,1972,340.887,
Niger,NER,1973,343.543,
Niger,NER,1974,344.608,
Niger,NER,1975,343.547,
Niger,NER,1976,340.776,
Niger,NER,1977,336.559,
Niger,NER,1978,331.767,
Niger,NER,1979,327.623,
Niger,NER,1980,324.95,
Niger,NER,1981,324.486,
Niger,NER,1982,326.532,
Niger,NER,1983,330.189,
Niger,NER,1984,334.493,
Niger,NER,1985,338.496,
Niger,NER,1986,341.265,
Niger,NER,1987,342.112,
Niger,NER,1988,340.976,
Niger,NER,1989,337.66,
Niger,NER,1990,332.414,
Niger,NER,1991,325.434,
Niger,NER,1992,316.671,
Niger,NER,1993,306.35,
Niger,NER,1994,294.281,
Niger,NER,1995,281.813,
Niger,NER,1996,269.445,
Niger,NER,1997,257.864,
Niger,NER,1998,247.178,
Niger,NER,1999,237.516,
Niger,NER,2000,227.855,50.243
Niger,NER,2001,217.415,50.899
Niger,NER,2002,205.914,51.887
Niger,NER,2003,194.083,52.781
Niger,NER,2004,182.358,53.862
Niger,NER,2005,171.383,54.754
Niger,NER,2006,161.556,55.743
Niger,NER,2007,153.091,56.459
Niger,NER,2008,146.018,57.323
Niger,NER,2009,140.333,57.842
Niger,NER,2010,136.007,58.292
Niger,NER,2011,132.686,58.606
Niger,NER,2012,130.255,58.922
Niger,NER,2013,128.339,59.228
Niger,NER,2014,126.828,59.451
Niger,NER,2015,125.388,59.634
Niger,NER,2016,124.283,59.836
Niger,NER,2017,123.098,60.227
Niger,NER,2018,121.934,60.438
Niger,NER,2019,120.763,60.573
Niger,NER,2020,119.519,60.392
Niger,NER,2021,118.01,59.971
Niger,NER,2022,115.988,
Niger,NER,2023,113.468,
Niger,NER,2024,110.72,
Nigeria,NGA,1964,325.738,
Nigeria,NGA,1965,318.803,
Nigeria,NGA,1966,312.118,
Nigeria,NGA,1967,305.38,
Nigeria,NGA,1968,406.764,
Nigeria,NGA,1969,397.166,
Nigeria,NGA,1970,387.433,
Nigeria,NGA,1971,276.317,
Nigeria,NGA,1972,268.002,
Nigeria,NGA,1973,259.76,
Nigeria,NGA,1974,251.538,
Nigeria,NGA,1975,243.326,
Nigeria,NGA,1976,235.812,
Nigeria,NGA,1977,228.771,
Nigeria,NGA,1978,222.647,
Nigeria,NGA,1979,217.141,
Nigeria,NGA,1980,212.937,
Nigeria,NGA,1981,209.724,
Nigeria,NGA,1982,207.695,
Nigeria,NGA,1983,206.708,
Nigeria,NGA,1984,206.564,
Nigeria,NGA,1985,206.906,
Nigeria,NGA,1986,207.541,
Nigeria,NGA,1987,208.03,
Nigeria,NGA,1988,208.242,
Nigeria,NGA,1989,208.016,
Nigeria,NGA,1990,207.568,
Nigeria,NGA,1991,206.696,
Nigeria,NGA,1992,205.686,
Nigeria,NGA,1993,204.563,
Nigeria,NGA,1994,203.064,
Nigeria,NGA,1995,200.994,
Nigeria,NGA,1996,198.125,
Nigeria,NGA,1997,194.266,
Nigeria,NGA,1998,189.405,
Nigeria,NGA,1999,183.606,
Nigeria,NGA,2000,177.278,54.058
Nigeria,NGA,2001,170.544,54.474
Nigeria,NGA,2002,163.865,54.964
Nigeria,NGA,2003,157.426,55.585
Nigeria,NGA,2004,151.381,56.189
Nigeria,NGA,2005,145.84,56.917
Nigeria,NGA,2006,140.879,57.552
Nigeria,NGA,2007,136.461,58.178
Nigeria,NGA,2008,132.549,58.749
Nigeria,NGA,2009,129.224,59.302
Nigeria,NGA,2010,126.34,59.788
Nigeria,NGA,2011,123.802,60.198
Nigeria,NGA,2012,121.644,60.643
Nigeria,NGA,2013,119.933,61.041
Nigeria,NGA,2014,118.683,61.375
Nigeria,NGA,2015,117.821,61.734
Nigeria,NGA,2016,117.355,62.048
Nigeria,NGA,2017,117.175,62.362
Nigeria,NGA,2018,117.187,62.686
Nigeria,NGA,2019,117.367,63.066
Nigeria,NGA,2020,117.423,62.835
Nigeria,NGA,2021,117.556,63.397
Nigeria,NGA,2022,117.455,
Nigeria,NGA,2023,116.816,
Nigeria,NGA,2024,115.649,
Nicaragua,NIC,1955,199.138,
Nicaragua,NIC,1956,197.744,
Nicaragua,NIC,1957,196.049,
Nicaragua,NIC,1958,194.701,
Nicaragua,NIC,1959,193.28,
Nicaragua,NIC,1960,191.947,
Nicaragua,NIC,1961,190.355,
Nicaragua,NIC,1962,189.017,
Nicaragua,NIC,1963,187.495,
Nicaragua,NIC,1964,185.924,
Nicaragua,NIC,1965,184.453,
Nicaragua,NIC,1966,182.85,
Nicaragua,NIC,1967,181.073,
Nicaragua,NIC,1968,178.762,
Nicaragua,NIC,1969,176.133,
Nicaragua,NIC,1970,173.512,
Nicaragua,NIC,1971,170.768,
Nicaragua,NIC,1972,193.209,
Nicaragua,NIC,1973,163.943,
Nicaragua,NIC,1974,158.817,
Nicaragua,NIC,1975,151.929,
Nicaragua,NIC,1976,144.075,
Nicaragua,NIC,1977,135.393,
Nicaragua,NIC,1978,126.253,
Nicaragua,NIC,1979,116.886,
Nicaragua,NIC,1980,108.293,
Nicaragua,NIC,1981,100.68,
Nicaragua,NIC,1982,93.859,
Nicaragua,NIC,1983,88.067,
Nicaragua,NIC,1984,83.651,
Nicaragua,NIC,1985,80.504,
Nicaragua,NIC,1986,78.044,
Nicaragua,NIC,1987,75.893,
Nicaragua,NIC,1988,73.937,
Nicaragua,NIC,1989,71.608,
Nicaragua,NIC,1990,68.62,
Nicaragua,NIC,1991,64.94,
Nicaragua,NIC,1992,61.102,
Nicaragua,NIC,1993,57.487,
Nicaragua,NIC,1994,54.179,
Nicaragua,NIC,1995,51.129,
Nicaragua,NIC,1996,48.031,
Nicaragua,NIC,1997,44.999,
Nicaragua,NIC,1998,49.381,
Nicaragua,NIC,1999,39.443,
Nicaragua,NIC,2000,37.128,76.18
Nicaragua,NIC,2001,35.267,76.092
Nicaragua,NIC,2002,33.772,75.925
Nicaragua,NIC,2003,32.404,75.814
Nicaragua,NIC,2004,31.054,75.888
Nicaragua,NIC,2005,29.692,75.72
Nicaragua,NIC,2006,28.379,76.734
Nicaragua,NIC,2007,27.076,76.421
Nicaragua,NIC,2008,25.768,76.356
Nicaragua,NIC,2009,24.488,76.564
Nicaragua,NIC,2010,23.169,77.07
Nicaragua,NIC,2011,21.891,76.944
Nicaragua,NIC,2012,20.641,77.052
Nicaragua,NIC,2013,19.432,77.256
Nicaragua,NIC,2014,18.271,77.519
Nicaragua,NIC,2015,17.174,78.26
Nicaragua,NIC,2016,16.144,77.926
Nicaragua,NIC,2017,15.271,78.508
Nicaragua,NIC,2018,14.632,78.451
Nicaragua,NIC,2019,14.271,78.874
Nicaragua,NIC,2020,14.152,75.042
Nicaragua,NIC,2021,14.181,75.028
Nicaragua,NIC,2022,14.284,
Nicaragua,NIC,2023,13.836,
Nicaragua,NIC,2024,11.239,
Niue,NIU,1943,147.087,
Niue,NIU,1944,145.572,
Niue,NIU,1945,143.803,
Niue,NIU,1946,141.944,
Niue,NIU,1947,139.764,
Niue,NIU,1948,137.755,
Niue,NIU,1949,135.557,
Niue,NIU,1950,132.881,
Niue,NIU,1951,130.049,
Niue,NIU,1952,126.899,
Niue,NIU,1953,123.844,
Niue,NIU,1954,120.733,
Niue,NIU,1955,117.363,
Niue,NIU,1956,113.721,
Niue,NIU,1957,110.172,
Niue,NIU,1958,106.379,
Niue,NIU,1959,102.478,
Niue,NIU,1960,98.44,
Niue,NIU,1961,94.164,
Niue,NIU,1962,90.086,
Niue,NIU,1963,85.84,
Niue,NIU,1964,81.759,
Niue,NIU,1965,77.488,
Niue,NIU,1966,73.33,
Niue,NIU,1967,69.13,
Niue,NIU,1968,65.134,
Niue,NIU,1969,61.206,
Niue,NIU,1970,57.33,
Niue,NIU,1971,53.557,
Niue,NIU,1972,50.01,
Niue,NIU,1973,46.469,
Niue,NIU,1974,43.091,
Niue,NIU,1975,39.87,
Niue,NIU,1976,36.839,
Niue,NIU,1977,34.093,
Niue,NIU,1978,31.68,
Niue,NIU,1979,29.684,
Niue,NIU,1980,28.103,
Niue,NIU,1981,26.872,
Niue,NIU,1982,25.964,
Niue,NIU,1983,25.341,
Niue,NIU,1984,24.946,
Niue,NIU,1985,24.76,
Niue,NIU,1986,24.756,
Niue,NIU,1987,24.842,
Niue,NIU,1988,25.012,
Niue,NIU,1989,25.233,
Niue,NIU,1990,25.493,
Niue,NIU,1991,25.814,
Niue,NIU,1992,26.25,
Niue,NIU,1993,26.757,
Niue,NIU,1994,27.447,
Niue,NIU,1995,28.239,
Niue,NIU,1996,29.121,
Niue,NIU,1997,30.086,
Niue,NIU,1998,31.117,
Niue,NIU,1999,32.133,
Niue,NIU,2000,33.076,
Niue,NIU,2001,33.981,
Niue,NIU,2002,34.875,
Niue,NIU,2003,35.808,
Niue,NIU,2004,36.633,
Niue,NIU,2005,37.303,
Niue,NIU,2006,37.624,
Niue,NIU,2007,37.485,
Niue,NIU,2008,37.131,
Niue,NIU,2009,36.57,
Niue,NIU,2010,35.894,
Niue,NIU,2011,35.047,
Niue,NIU,2012,34.157,
Niue,NIU,2013,33.298,
Niue,NIU,2014,32.451,
Niue,NIU,2015,31.514,
Niue,NIU,2016,30.491,
Niue,NIU,2017,29.596,
Niue,NIU,2018,28.78,
Niue,NIU,2019,27.906,
Niue,NIU,2020,27.001,
Niue,NIU,2021,26.228,
Niue,NIU,2022,25.392,
Niue,NIU,2023,24.568,
Niue,NIU,2024,23.793,
Netherlands (Kingdom of the),NLD,1949,33.387,
Netherlands (Kingdom of the),NLD,1950,31.89,
Netherlands (Kingdom of the),NLD,1951,30.435,
Netherlands (Kingdom of the),NLD,1952,29.019,
Netherlands (Kingdom of the),NLD,1953,27.651,
Netherlands (Kingdom of the),NLD,1954,26.344,
Netherlands (Kingdom of the),NLD,1955,25.126,
Netherlands (Kingdom of the),NLD,1956,24.024,
Netherlands (Kingdom of the),NLD,1957,23.051,
Netherlands (Kingdom of the),NLD,1958,22.207,
Netherlands (Kingdom of the),NLD,1959,21.478,
Netherlands (Kingdom of the),NLD,1960,20.838,
Netherlands (Kingdom of the),NLD,1961,20.263,
Netherlands (Kingdom of the),NLD,1962,19.735,
Netherlands (Kingdom of the),NLD,1963,19.246,
Netherlands (Kingdom of the),NLD,1964,18.779,
Netherlands (Kingdom of the),NLD,1965,18.324,
Netherlands (Kingdom of the),NLD,1966,17.868,
Netherlands (Kingdom of the),NLD,1967,17.4,
Netherlands (Kingdom of the),NLD,1968,16.904,
Netherlands (Kingdom of the),NLD,1969,16.376,
Netherlands (Kingdom of the),NLD,1970,15.82,
Netherlands (Kingdom of the),NLD,1971,15.256,
Netherlands (Kingdom of the),NLD,1972,14.69,
Netherlands (Kingdom of the),NLD,1973,14.138,
Netherlands (Kingdom of the),NLD,1974,13.602,
Netherlands (Kingdom of the),NLD,1975,13.08,
Netherlands (Kingdom of the),NLD,1976,12.57,
Netherlands (Kingdom of the),NLD,1977,12.084,
Netherlands (Kingdom of the),NLD,1978,11.635,
Netherlands (Kingdom of the),NLD,1979,11.236,
Netherlands (Kingdom of the),NLD,1980,10.893,
Netherlands (Kingdom of the),NLD,1981,10.609,
Netherlands (Kingdom of the),NLD,1982,10.368,
Netherlands (Kingdom of the),NLD,1983,10.15,
Netherlands (Kingdom of the),NLD,1984,9.939,
Netherlands (Kingdom of the),NLD,1985,9.713,
Netherlands (Kingdom of the),NLD,1986,9.46,
Netherlands (Kingdom of the),NLD,1987,9.187,
Netherlands (Kingdom of the),NLD,1988,8.902,
Netherlands (Kingdom of the),NLD,1989,8.614,
Netherlands (Kingdom of the),NLD,1990,8.321,
Netherlands (Kingdom of the),NLD,1991,8.017,
Netherlands (Kingdom of the),NLD,1992,7.711,
Netherlands (Kingdom of the),NLD,1993,7.416,
Netherlands (Kingdom of the),NLD,1994,7.145,
Netherlands (Kingdom of the),NLD,1995,6.906,
Netherlands (Kingdom of the),NLD,1996,6.71,
Netherlands (Kingdom of the),NLD,1997,6.551,
Netherlands (Kingdom of the),NLD,1998,6.42,
Netherlands (Kingdom of the),NLD,1999,6.304,
Netherlands (Kingdom of the),NLD,2000,6.185,78.012
Netherlands (Kingdom of the),NLD,2001,6.049,78.218
Netherlands (Kingdom of the),NLD,2002,5.892,78.288
Netherlands (Kingdom of the),NLD,2003,5.715,78.525
Netherlands (Kingdom of the),NLD,2004,5.52,79.096
Netherlands (Kingdom of the),NLD,2005,5.317,79.341
Netherlands (Kingdom of the),NLD,2006,5.114,79.713
Netherlands (Kingdom of the),NLD,2007,4.917,80.127
Netherlands (Kingdom of the),NLD,2008,4.737,80.256
Netherlands (Kingdom of the),NLD,2009,4.579,80.544
Netherlands (Kingdom of the),NLD,2010,4.444,80.686
Netherlands (Kingdom of the),NLD,2011,4.333,80.956
Netherlands (Kingdom of the),NLD,2012,4.243,80.889
Netherlands (Kingdom of the),NLD,2013,4.171,81.117
Netherlands (Kingdom of the),NLD,2014,4.117,81.456
Netherlands (Kingdom of the),NLD,2015,4.078,81.281
Netherlands (Kingdom of the),NLD,2016,4.055,81.34
Netherlands (Kingdom of the),NLD,2017,4.042,81.528
Netherlands (Kingdom of the),NLD,2018,4.032,81.895
Netherlands (Kingdom of the),NLD,2019,4.021,82.339
Netherlands (Kingdom of the),NLD,2020,4.005,81.401
Netherlands (Kingdom of the),NLD,2021,3.982,81.125
Netherlands (Kingdom of the),NLD,2022,3.953,
Netherlands (Kingdom of the),NLD,2023,3.92,
Netherlands (Kingdom of the),NLD,2024,3.885,
Norway,NOR,1950,32.883,
Norway,NOR,1951,30.892,
Norway,NOR,1952,29.107,
Norway,NOR,1953,27.682,
Norway,NOR,1954,26.62,
Norway,NOR,1955,25.816,
Norway,NOR,1956,25.152,
Norway,NOR,1957,24.543,
Norway,NOR,1958,23.917,
Norway,NOR,1959,23.255,
Norway,NOR,1960,22.614,
Norway,NOR,1961,22.055,
Norway,NOR,1962,21.551,
Norway,NOR,1963,21.013,
Norway,NOR,1964,20.407,
Norway,NOR,1965,19.727,
Norway,NOR,1966,18.991,
Norway,NOR,1967,18.242,
Norway,NOR,1968,17.529,
Norway,NOR,1969,16.868,
Norway,NOR,1970,16.233,
Norway,NOR,1971,15.603,
Norway,NOR,1972,14.962,
Norway,NOR,1973,14.302,
Norway,NOR,1974,13.628,
Norway,NOR,1975,12.93,
Norway,NOR,1976,12.21,
Norway,NOR,1977,11.517,
Norway,NOR,1978,10.902,
Norway,NOR,1979,10.406,
Norway,NOR,1980,10.068,
Norway,NOR,1981,9.902,
Norway,NOR,1982,9.882,
Norway,NOR,1983,9.969,
Norway,NOR,1984,10.103,
Norway,NOR,1985,10.219,
Norway,NOR,1986,10.247,
Norway,NOR,1987,10.136,
Norway,NOR,1988,9.826,
Norway,NOR,1989,9.316,
Norway,NOR,1990,8.668,
Norway,NOR,1991,7.95,
Norway,NOR,1992,7.242,
Norway,NOR,1993,6.616,
Norway,NOR,1994,6.104,
Norway,NOR,1995,5.71,
Norway,NOR,1996,5.434,
Norway,NOR,1997,5.248,
Norway,NOR,1998,5.109,
Norway,NOR,1999,4.987,
Norway,NOR,2000,4.861,78.535
Norway,NOR,2001,4.717,78.746
Norway,NOR,2002,4.561,78.859
Norway,NOR,2003,4.392,79.397
Norway,NOR,2004,4.222,79.818
Norway,NOR,2005,4.052,80.052
Norway,NOR,2006,3.891,80.282
Norway,NOR,2007,3.734,80.351
Norway,NOR,2008,3.575,80.495
Norway,NOR,2009,3.417,80.747
Norway,NOR,2010,3.264,80.867
Norway,NOR,2011,3.127,80.969
Norway,NOR,2012,3.001,81.234
Norway,NOR,2013,2.89,81.434
Norway,NOR,2014,2.788,81.828
Norway,NOR,2015,2.695,81.995
Norway,NOR,2016,2.608,82.113
Norway,NOR,2017,2.529,82.334
Norway,NOR,2018,2.463,82.442
Norway,NOR,2019,2.41,82.658
Norway,NOR,2020,2.378,82.839
Norway,NOR,2021,2.375,82.882
Norway,NOR,2022,2.396,
Norway,NOR,2023,2.438,
Norway,NOR,2024,2.487,
Nepal,NPL,1950,343.428,
Nepal,NPL,1951,342.482,
Nepal,NPL,1952,341.642,
Nepal,NPL,1953,340.924,
Nepal,NPL,1954,340.281,
Nepal,NPL,1955,339.436,
Nepal,NPL,1956,338.375,
Nepal,NPL,1957,337.32,
Nepal,NPL,1958,335.422,
Nepal,NPL,1959,332.87,
Nepal,NPL,1960,329.47,
Nepal,NPL,1961,325.394,
Nepal,NPL,1962,320.414,
Nepal,NPL,1963,314.692,
Nepal,NPL,1964,308.213,
Nepal,NPL,1965,301.313,
Nepal,NPL,1966,294.326,
Nepal,NPL,1967,287.371,
Nepal,NPL,1968,280.61,
Nepal,NPL,1969,274.057,
Nepal,NPL,1970,267.813,
Nepal,NPL,1971,261.817,
Nepal,NPL,1972,255.977,
Nepal,NPL,1973,250.276,
Nepal,NPL,1974,244.651,
Nepal,NPL,1975,238.98,
Nepal,NPL,1976,233.256,
Nepal,NPL,1977,227.347,
Nepal,NPL,1978,221.204,
Nepal,NPL,1979,214.708,
Nepal,NPL,1980,208.08,
Nepal,NPL,1981,201.367,
Nepal,NPL,1982,194.692,
Nepal,NPL,1983,187.952,
Nepal,NPL,1984,181.274,
Nepal,NPL,1985,174.464,
Nepal,NPL,1986,167.426,
Nepal,NPL,1987,160.233,
Nepal,NPL,1988,152.976,
Nepal,NPL,1989,145.666,
Nepal,NPL,1990,138.434,
Nepal,NPL,1991,131.272,
Nepal,NPL,1992,124.335,
Nepal,NPL,1993,117.689,
Nepal,NPL,1994,111.364,
Nepal,NPL,1995,105.301,
Nepal,NPL,1996,99.512,
Nepal,NPL,1997,93.995,
Nepal,NPL,1998,88.653,
Nepal,NPL,1999,83.556,
Nepal,NPL,2000,78.736,65.366
Nepal,NPL,2001,74.292,66.169
Nepal,NPL,2002,70.214,66.453
Nepal,NPL,2003,66.451,67.358
Nepal,NPL,2004,63.082,67.697
Nepal,NPL,2005,60.034,68.189
Nepal,NPL,2006,57.284,68.546
Nepal,NPL,2007,54.737,68.805
Nepal,NPL,2008,52.365,69.035
Nepal,NPL,2009,50.08,69.269
Nepal,NPL,2010,47.886,69.472
Nepal,NPL,2011,45.756,69.608
Nepal,NPL,2012,43.672,69.79
Nepal,NPL,2013,41.66,69.979
Nepal,NPL,2014,39.707,70.192
Nepal,NPL,2015,37.795,69.777
Nepal,NPL,2016,35.968,70.592
Nepal,NPL,2017,34.228,70.845
Nepal,NPL,2018,32.585,71.102
Nepal,NPL,2019,31.029,71.361
Nepal,NPL,2020,29.583,70.99
Nepal,NPL,2021,28.295,70.049
Nepal,NPL,2022,27.138,
Nepal,NPL,2023,26.088,
Nepal,NPL,2024,25.117,
Naoero,NRU,1985,85.751,
Naoero,NRU,1986,81.613,
Naoero,NRU,1987,77.761,
Naoero,NRU,1988,73.926,
Naoero,NRU,1989,70.398,
Naoero,NRU,1990,66.893,
Naoero,NRU,1991,63.564,
Naoero,NRU,1992,60.29,
Naoero,NRU,1993,57.24,
Naoero,NRU,1994,54.424,
Naoero,NRU,1995,51.789,
Naoero,NRU,1996,49.385,
Naoero,NRU,1997,47.08,
Naoero,NRU,1998,44.967,
Naoero,NRU,1999,42.973,
Naoero,NRU,2000,41.135,
Naoero,NRU,2001,39.429,
Naoero,NRU,2002,37.885,
Naoero,NRU,2003,36.498,
Naoero,NRU,2004,35.197,
Naoero,NRU,2005,33.966,
Naoero,NRU,2006,32.715,
Naoero,NRU,2007,31.369,
Naoero,NRU,2008,29.846,
Naoero,NRU,2009,28.2,
Naoero,NRU,2010,26.414,
Naoero,NRU,2011,24.579,
Naoero,NRU,2012,22.748,
Naoero,NRU,2013,20.924,
Naoero,NRU,2014,19.17,
Naoero,NRU,2015,17.488,
Naoero,NRU,2016,15.892,
Naoero,NRU,2017,14.449,
Naoero,NRU,2018,13.141,
Naoero,NRU,2019,11.963,
Naoero,NRU,2020,10.927,
Naoero,NRU,2021,10.037,
Naoero,NRU,2022,9.313,
Naoero,NRU,2023,8.745,
Naoero,NRU,2024,8.261,
New Zealand,NZL,1949,36.273,
New Zealand,NZL,1950,35.514,
New Zealand,NZL,1951,34.723,
New Zealand,NZL,1952,33.885,
New Zealand,NZL,1953,33.0,
New Zealand,NZL,1954,32.129,
New Zealand,NZL,1955,31.348,
New Zealand,NZL,1956,30.681,
New Zealand,NZL,1957,30.057,
New Zealand,NZL,1958,29.418,
New Zealand,NZL,1959,28.691,
New Zealand,NZL,1960,27.822,
New Zealand,NZL,1961,26.812,
New Zealand,NZL,1962,25.759,
New Zealand,NZL,1963,24.757,
New Zealand,NZL,1964,23.866,
New Zealand,NZL,1965,23.119,
New Zealand,NZL,1966,22.522,
New Zealand,NZL,1967,22.04,
New Zealand,NZL,1968,21.605,
New Zealand,NZL,1969,21.184,
New Zealand,NZL,1970,20.759,
New Zealand,NZL,1971,20.311,
New Zealand,NZL,1972,19.841,
New Zealand,NZL,1973,19.356,
New Zealand,NZL,1974,18.845,
New Zealand,NZL,1975,18.298,
New Zealand,NZL,1976,17.725,
New Zealand,NZL,1977,17.149,
New Zealand,NZL,1978,16.596,
New Zealand,NZL,1979,16.079,
New Zealand,NZL,1980,15.62,
New Zealand,NZL,1981,15.213,
New Zealand,NZL,1982,14.846,
New Zealand,NZL,1983,14.496,
New Zealand,NZL,1984,14.149,
New Zealand,NZL,1985,13.777,
New Zealand,NZL,1986,13.365,
New Zealand,NZL,1987,12.894,
New Zealand,NZL,1988,12.354,
New Zealand,NZL,1989,11.763,
New Zealand,NZL,1990,11.157,
New Zealand,NZL,1991,10.565,
New Zealand,NZL,1992,10.016,
New Zealand,NZL,1993,9.533,
New Zealand,NZL,1994,9.112,
New Zealand,NZL,1995,8.74,
New Zealand,NZL,1996,8.403,
New Zealand,NZL,1997,8.105,
New Zealand,NZL,1998,7.836,
New Zealand,NZL,1999,7.599,
New Zealand,NZL,2000,7.388,78.575
New Zealand,NZL,2001,7.203,78.469
New Zealand,NZL,2002,7.035,78.659
New Zealand,NZL,2003,6.882,79.056
New Zealand,NZL,2004,6.744,79.155
New Zealand,NZL,2005,6.627,79.936
New Zealand,NZL,2006,6.532,79.887
New Zealand,NZL,2007,6.448,80.043
New Zealand,NZL,2008,6.374,80.307
New Zealand,NZL,2009,6.298,80.562
New Zealand,NZL,2010,6.211,80.944
New Zealand,NZL,2011,6.113,80.75
New Zealand,NZL,2012,5.999,81.088
New Zealand,NZL,2013,5.878,81.364
New Zealand,NZL,2014,5.753,81.193
New Zealand,NZL,2015,5.63,81.314
New Zealand,NZL,2016,5.512,81.73
New Zealand,NZL,2017,5.403,81.164
New Zealand,NZL,2018,5.304,81.755
New Zealand,NZL,2019,5.215,81.812
New Zealand,NZL,2020,5.13,82.502
New Zealand,NZL,2021,5.047,82.201
New Zealand,NZL,2022,4.954,
New Zealand,NZL,2023,4.853,
New Zealand,NZL,2024,4.738,
Oman,OMN,1959,388.5,
Oman,OMN,1960,370.791,
Oman,OMN,1961,354.375,
Oman,OMN,1962,338.979,
Oman,OMN,1963,324.274,
Oman,OMN,1964,309.659,
Oman,OMN,1965,296.206,
Oman,OMN,1966,282.805,
Oman,OMN,1967,269.384,
Oman,OMN,1968,256.448,
Oman,OMN,1969,243.608,
Oman,OMN,1970,230.97,
Oman,OMN,1971,218.307,
Oman,OMN,1972,206.238,
Oman,OMN,1973,194.063,
Oman,OMN,1974,182.234,
Oman,OMN,1975,170.414,
Oman,OMN,1976,158.491,
Oman,OMN,1977,146.592,
Oman,OMN,1978,134.952,
Oman,OMN,1979,123.582,
Oman,OMN,1980,112.66,
Oman,OMN,1981,102.169,
Oman,OMN,1982,92.186,
Oman,OMN,1983,82.749,
Oman,OMN,1984,74.14,
Oman,OMN,1985,66.4,
Oman,OMN,1986,59.548,
Oman,OMN,1987,53.475,
Oman,OMN,1988,48.165,
Oman,OMN,1989,43.519,
Oman,OMN,1990,39.36,
Oman,OMN,1991,35.582,
Oman,OMN,1992,32.229,
Oman,OMN,1993,29.215,
Oman,OMN,1994,26.583,
Oman,OMN,1995,24.295,
Oman,OMN,1996,22.33,
Oman,OMN,1997,20.602,
Oman,OMN,1998,19.095,
Oman,OMN,1999,17.741,
Oman,OMN,2000,16.539,71.659
Oman,OMN,2001,15.503,72.185
Oman,OMN,2002,14.622,72.457
Oman,OMN,2003,13.897,72.754
Oman,OMN,2004,13.312,73.149
Oman,OMN,2005,12.853,73.361
Oman,OMN,2006,12.495,73.467
Oman,OMN,2007,12.23,73.402
Oman,OMN,2008,12.028,73.35
Oman,OMN,2009,11.868,73.064
Oman,OMN,2010,11.722,73.02
Oman,OMN,2011,11.574,73.218
Oman,OMN,2012,11.425,73.599
Oman,OMN,2013,11.294,73.916
Oman,OMN,2014,11.187,73.942
Oman,OMN,2015,11.101,73.773
Oman,OMN,2016,11.029,73.72
Oman,OMN,2017,10.96,74.146
Oman,OMN,2018,10.881,74.965
Oman,OMN,2019,10.78,75.29
Oman,OMN,2020,10.679,73.887
Oman,OMN,2021,10.575,72.477
Oman,OMN,2022,10.482,
Oman,OMN,2023,10.387,
Oman,OMN,2024,10.284,
Pakistan,PAK,1950,381.372,
Pakistan,PAK,1951,365.391,
Pakistan,PAK,1952,349.849,
Pakistan,PAK,1953,335.321,
Pakistan,PAK,1954,321.382,
Pakistan,PAK,1955,308.074,
Pakistan,PAK,1956,295.6,
Pakistan,PAK,1957,283.744,
Pakistan,PAK,1958,272.697,
Pakistan,PAK,1959,262.476,
Pakistan,PAK,1960,252.763,
Pakistan,PAK,1961,243.55,
Pakistan,PAK,1962,234.975,
Pakistan,PAK,1963,226.834,
Pakistan,PAK,1964,219.543,
Pakistan,PAK,1965,213.052,
Pakistan,PAK,1966,207.284,
Pakistan,PAK,1967,202.425,
Pakistan,PAK,1968,198.063,
Pakistan,PAK,1969,194.263,
Pakistan,PAK,1970,190.767,
Pakistan,PAK,1971,187.475,
Pakistan,PAK,1972,184.354,
Pakistan,PAK,1973,181.522,
Pakistan,PAK,1974,178.882,
Pakistan,PAK,1975,176.432,
Pakistan,PAK,1976,174.088,
Pakistan,PAK,1977,171.932,
Pakistan,PAK,1978,169.9,
Pakistan,PAK,1979,167.784,
Pakistan,PAK,1980,165.703,
Pakistan,PAK,1981,163.614,
Pakistan,PAK,1982,161.43,
Pakistan,PAK,1983,159.079,
Pakistan,PAK,1984,156.555,
Pakistan,PAK,1985,153.936,
Pakistan,PAK,1986,151.262,
Pakistan,PAK,1987,148.549,
Pakistan,PAK,1988,145.833,
Pakistan,PAK,1989,143.144,
Pakistan,PAK,1990,140.393,
Pakistan,PAK,1991,137.573,
Pakistan,PAK,1992,134.616,
Pakistan,PAK,1993,131.539,
Pakistan,PAK,1994,128.323,
Pakistan,PAK,1995,124.959,
Pakistan,PAK,1996,121.458,
Pakistan,PAK,1997,117.941,
Pakistan,PAK,1998,114.46,
Pakistan,PAK,1999,111.076,
Pakistan,PAK,2000,107.923,61.409
Pakistan,PAK,2001,105.051,61.678
Pakistan,PAK,2002,102.454,61.929
Pakistan,PAK,2003,100.134,62.146
Pakistan,PAK,2004,98.021,62.444
Pakistan,PAK,2005,96.042,61.992
Pakistan,PAK,2006,94.16,63.071
Pakistan,PAK,2007,92.338,63.384
Pakistan,PAK,2008,90.464,63.661
Pakistan,PAK,2009,88.51,63.923
Pakistan,PAK,2010,86.453,64.148
Pakistan,PAK,2011,84.272,64.542
Pakistan,PAK,2012,81.99,64.821
Pakistan,PAK,2013,79.614,65.108
Pakistan,PAK,2014,77.194,65.393
Pakistan,PAK,2015,74.799,65.7
Pakistan,PAK,2016,72.429,66.052
Pakistan,PAK,2017,70.137,66.382
Pakistan,PAK,2018,67.949,66.737
Pakistan,PAK,2019,65.829,67.029
Pakistan,PAK,2020,63.749,65.849
Pakistan,PAK,2021,61.738,65.991
Pakistan,PAK,2022,59.726,
Pakistan,PAK,2023,57.8,
Pakistan,PAK,2024,55.959,
Panama,PAN,1951,121.615,
Panama,PAN,1952,117.968,
Panama,PAN,1953,114.465,
Panama,PAN,1954,111.145,
Panama,PAN,1955,108.033,
Panama,PAN,1956,104.9,
Panama,PAN,1957,102.055,
Panama,PAN,1958,99.307,
Panama,PAN,1959,96.622,
Panama,PAN,1960,93.862,
Panama,PAN,1961,91.253,
Panama,PAN,1962,88.666,
Panama,PAN,1963,86.147,
Panama,PAN,1964,83.763,
Panama,PAN,1965,81.45,
Panama,PAN,1966,79.193,
Panama,PAN,1967,76.951,
Panama,PAN,1968,74.547,
Panama,PAN,1969,71.784,
Panama,PAN,1970,68.624,
Panama,PAN,1971,65.109,
Panama,PAN,1972,61.505,
Panama,PAN,1973,57.958,
Panama,PAN,1974,54.734,
Panama,PAN,1975,52.006,
Panama,PAN,1976,49.774,
Panama,PAN,1977,47.948,
Panama,PAN,1978,46.427,
Panama,PAN,1979,45.029,
Panama,PAN,1980,43.631,
Panama,PAN,1981,42.178,
Panama,PAN,1982,40.63,
Panama,PAN,1983,39.053,
Panama,PAN,1984,37.449,
Panama,PAN,1985,35.972,
Panama,PAN,1986,34.623,
Panama,PAN,1987,33.385,
Panama,PAN,1988,32.27,
Panama,PAN,1989,31.262,
Panama,PAN,1990,30.391,
Panama,PAN,1991,29.687,
Panama,PAN,1992,29.094,
Panama,PAN,1993,28.671,
Panama,PAN,1994,28.319,
Panama,PAN,1995,28.036,
Panama,PAN,1996,27.727,
Panama,PAN,1997,27.358,
Panama,PAN,1998,26.914,
Panama,PAN,1999,26.36,
Panama,PAN,2000,25.714,76.152
Panama,PAN,2001,24.982,76.071
Panama,PAN,2002,24.201,76.284
Panama,PAN,2003,23.424,76.187
Panama,PAN,2004,22.628,76.482
Panama,PAN,2005,21.872,76.452
Panama,PAN,2006,21.153,76.727
Panama,PAN,2007,20.47,76.986
Panama,PAN,2008,19.842,76.983
Panama,PAN,2009,19.24,77.169
Panama,PAN,2010,18.713,76.994
Panama,PAN,2011,18.251,77.517
Panama,PAN,2012,17.865,77.449
Panama,PAN,2013,17.543,77.652
Panama,PAN,2014,17.307,77.766
Panama,PAN,2015,17.135,78.145
Panama,PAN,2016,16.962,78.245
Panama,PAN,2017,16.696,78.332
Panama,PAN,2018,16.305,78.651
Panama,PAN,2019,15.866,78.974
Panama,PAN,2020,15.466,77.347
Panama,PAN,2021,15.18,77.239
Panama,PAN,2022,15.074,
Panama,PAN,2023,15.147,
Panama,PAN,2024,15.277,
Peru,PER,1952,310.131,
Peru,PER,1953,296.805,
Peru,PER,1954,283.921,
Peru,PER,1955,271.626,
Peru,PER,1956,261.145,
Peru,PER,1957,252.04,
Peru,PER,1958,244.37,
Peru,PER,1959,237.483,
Peru,PER,1960,231.093,
Peru,PER,1961,224.612,
Peru,PER,1962,217.855,
Peru,PER,1963,210.788,
Peru,PER,1964,203.639,
Peru,PER,1965,196.597,
Peru,PER,1966,189.88,
Peru,PER,1967,183.602,
Peru,PER,1968,177.869,
Peru,PER,1969,172.514,
Peru,PER,1970,200.131,
Peru,PER,1971,162.447,
Peru,PER,1972,157.564,
Peru,PER,1973,152.8,
Peru,PER,1974,148.06,
Peru,PER,1975,143.625,
Peru,PER,1976,139.817,
Peru,PER,1977,136.323,
Peru,PER,1978,133.244,
Peru,PER,1979,130.347,
Peru,PER,1980,127.32,
Peru,PER,1981,124.057,
Peru,PER,1982,120.309,
Peru,PER,1983,116.0,
Peru,PER,1984,111.066,
Peru,PER,1985,105.707,
Peru,PER,1986,100.201,
Peru,PER,1987,94.795,
Peru,PER,1988,89.71,
Peru,PER,1989,85.075,
Peru,PER,1990,80.631,
Peru,PER,1991,76.222,
Peru,PER,1992,71.782,
Peru,PER,1993,67.262,
Peru,PER,1994,62.663,
Peru,PER,1995,58.073,
Peru,PER,1996,53.594,
Peru,PER,1997,49.334,
Peru,PER,1998,45.336,
Peru,PER,1999,41.659,
Peru,PER,2000,38.309,75.124
Peru,PER,2001,35.325,75.959
Peru,PER,2002,32.689,76.141
Peru,PER,2003,30.385,76.354
Peru,PER,2004,28.365,76.996
Peru,PER,2005,26.601,77.537
Peru,PER,2006,25.015,78.106
Peru,PER,2007,23.593,78.667
Peru,PER,2008,22.332,78.861
Peru,PER,2009,21.205,78.118
Peru,PER,2010,20.186,78.214
Peru,PER,2011,19.272,78.644
Peru,PER,2012,18.472,79.02
Peru,PER,2013,17.774,79.483
Peru,PER,2014,17.163,80.0
Peru,PER,2015,16.62,80.337
Peru,PER,2016,16.139,80.164
Peru,PER,2017,15.71,79.358
Peru,PER,2018,15.3,78.99
Peru,PER,2019,14.898,78.293
Peru,PER,2020,14.512,72.775
Peru,PER,2021,14.116,71.667
Peru,PER,2022,13.716,
Peru,PER,2023,13.302,
Peru,PER,2024,12.905,
Philippines,PHL,1953,136.06,
Philippines,PHL,1954,130.385,
Philippines,PHL,1955,125.209,
Philippines,PHL,1956,120.166,
Philippines,PHL,1957,115.436,
Philippines,PHL,1958,110.901,
Philippines,PHL,1959,106.624,
Philippines,PHL,1960,102.902,
Philippines,PHL,1961,99.682,
Philippines,PHL,1962,96.871,
Philippines,PHL,1963,94.526,
Philippines,PHL,1964,92.489,
Philippines,PHL,1965,90.611,
Philippines,PHL,1966,88.791,
Philippines,PHL,1967,87.126,
Philippines,PHL,1968,85.511,
Philippines,PHL,1969,84.228,
Philippines,PHL,1970,83.187,
Philippines,PHL,1971,82.479,
Philippines,PHL,1972,82.12,
Philippines,PHL,1973,81.911,
Philippines,PHL,1974,81.819,
Philippines,PHL,1975,81.818,
Philippines,PHL,1976,81.611,
Philippines,PHL,1977,81.267,
Philippines,PHL,1978,80.751,
Philippines,PHL,1979,79.986,
Philippines,PHL,1980,79.114,
Philippines,PHL,1981,78.088,
Philippines,PHL,1982,76.913,
Philippines,PHL,1983,75.562,
Philippines,PHL,1984,73.985,
Philippines,PHL,1985,71.936,
Philippines,PHL,1986,69.409,
Philippines,PHL,1987,66.37,
Philippines,PHL,1988,62.941,
Philippines,PHL,1989,59.338,
Philippines,PHL,1990,55.803,
Philippines,PHL,1991,52.556,
Philippines,PHL,1992,49.672,
Philippines,PHL,1993,47.111,
Philippines,PHL,1994,44.886,
Philippines,PHL,1995,42.956,
Philippines,PHL,1996,41.301,
Philippines,PHL,1997,39.886,
Philippines,PHL,1998,38.681,
Philippines,PHL,1999,37.681,
Philippines,PHL,2000,36.794,69.975
Philippines,PHL,2001,35.988,69.63
Philippines,PHL,2002,35.198,69.421
Philippines,PHL,2003,34.403,69.525
Philippines,PHL,2004,33.597,69.29
Philippines,PHL,2005,32.8,69.362
Philippines,PHL,2006,32.043,69.229
Philippines,PHL,2007,31.324,69.582
Philippines,PHL,2008,30.657,69.547
Philippines,PHL,2009,30.055,69.397
Philippines,PHL,2010,29.523,69.689
Philippines,PHL,2011,29.01,69.784
Philippines,PHL,2012,28.586,69.542
Philippines,PHL,2013,28.252,69.448
Philippines,PHL,2014,28.011,69.804
Philippines,PHL,2015,27.858,69.516
Philippines,PHL,2016,27.801,69.246
Philippines,PHL,2017,27.826,69.639
Philippines,PHL,2018,27.948,69.676
Philippines,PHL,2019,28.04,69.429
Philippines,PHL,2020,28.046,69.64
Philippines,PHL,2021,27.85,66.408
Philippines,PHL,2022,27.459,
Philippines,PHL,2023,26.982,
Philippines,PHL,2024,26.456,
Palau,PLW,1965,97.008,
Palau,PLW,1966,93.891,
Palau,PLW,1967,90.566,
Palau,PLW,1968,87.358,
Palau,PLW,1969,84.064,
Palau,PLW,1970,80.552,
Palau,PLW,1971,76.76,
Palau,PLW,1972,72.776,
Palau,PLW,1973,68.725,
Palau,PLW,1974,64.621,
Palau,PLW,1975,60.745,
Palau,PLW,1976,57.125,
Palau,PLW,1977,53.837,
Palau,PLW,1978,50.962,
Palau,PLW,1979,48.428,
Palau,PLW,1980,46.228,
Palau,PLW,1981,44.329,
Palau,PLW,1982,42.703,
Palau,PLW,1983,41.286,
Palau,PLW,1984,40.026,
Palau,PLW,1985,38.969,
Palau,PLW,1986,38.104,
Palau,PLW,1987,37.315,
Palau,PLW,1988,36.653,
Palau,PLW,1989,36.058,
Palau,PLW,1990,35.453,
Palau,PLW,1991,34.846,
Palau,PLW,1992,34.105,
Palau,PLW,1993,33.304,
Palau,PLW,1994,32.394,
Palau,PLW,1995,31.465,
Palau,PLW,1996,30.454,
Palau,PLW,1997,29.472,
Palau,PLW,1998,28.456,
Palau,PLW,1999,27.466,
Palau,PLW,2000,26.475,
Palau,PLW,2001,25.523,
Palau,PLW,2002,24.6,
Palau,PLW,2003,23.71,
Palau,PLW,2004,22.865,
Palau,PLW,2005,22.067,
Palau,PLW,2006,21.316,
Palau,PLW,2007,20.643,
Palau,PLW,2008,20.096,
Palau,PLW,2009,19.721,
Palau,PLW,2010,19.523,
Palau,PLW,2011,19.503,
Palau,PLW,2012,19.694,
Palau,PLW,2013,20.101,
Palau,PLW,2014,20.629,
Palau,PLW,2015,21.266,
Palau,PLW,2016,21.935,
Palau,PLW,2017,22.548,
Palau,PLW,2018,22.878,
Palau,PLW,2019,23.01,
Palau,PLW,2020,22.948,
Palau,PLW,2021,22.726,
Palau,PLW,2022,22.419,
Palau,PLW,2023,21.93,
Palau,PLW,2024,21.426,
Papua New Guinea,PNG,1948,279.581,
Papua New Guinea,PNG,1949,271.882,
Papua New Guinea,PNG,1950,264.325,
Papua New Guinea,PNG,1951,284.202,
Papua New Guinea,PNG,1952,249.927,
Papua New Guinea,PNG,1953,243.124,
Papua New Guinea,PNG,1954,236.336,
Papua New Guinea,PNG,1955,229.734,
Papua New Guinea,PNG,1956,223.2,
Papua New Guinea,PNG,1957,216.859,
Papua New Guinea,PNG,1958,210.687,
Papua New Guinea,PNG,1959,204.468,
Papua New Guinea,PNG,1960,198.407,
Papua New Guinea,PNG,1961,192.423,
Papua New Guinea,PNG,1962,186.443,
Papua New Guinea,PNG,1963,180.601,
Papua New Guinea,PNG,1964,174.891,
Papua New Guinea,PNG,1965,169.237,
Papua New Guinea,PNG,1966,163.765,
Papua New Guinea,PNG,1967,158.392,
Papua New Guinea,PNG,1968,153.187,
Papua New Guinea,PNG,1969,148.032,
Papua New Guinea,PNG,1970,143.074,
Papua New Guinea,PNG,1971,138.304,
Papua New Guinea,PNG,1972,133.836,
Papua New Guinea,PNG,1973,129.458,
Papua New Guinea,PNG,1974,125.4,
Papua New Guinea,PNG,1975,121.471,
Papua New Guinea,PNG,1976,117.831,
Papua New Guinea,PNG,1977,114.357,
Papua New Guinea,PNG,1978,111.157,
Papua New Guinea,PNG,1979,108.149,
Papua New Guinea,PNG,1980,105.399,
Papua New Guinea,PNG,1981,102.739,
Papua New Guinea,PNG,1982,100.225,
Papua New Guinea,PNG,1983,97.894,
Papua New Guinea,PNG,1984,95.731,
Papua New Guinea,PNG,1985,93.695,
Papua New Guinea,PNG,1986,91.766,
Papua New Guinea,PNG,1987,89.999,
Papua New Guinea,PNG,1988,88.269,
Papua New Guinea,PNG,1989,86.626,
Papua New Guinea,PNG,1990,84.986,
Papua New Guinea,PNG,1991,83.395,
Papua New Guinea,PNG,1992,81.841,
Papua New Guinea,PNG,1993,80.391,
Papua New Guinea,PNG,1994,78.996,
Papua New Guinea,PNG,1995,77.723,
Papua New Guinea,PNG,1996,76.488,
Papua New Guinea,PNG,1997,85.275,
Papua New Guinea,PNG,1998,74.152,
Papua New Guinea,PNG,1999,73.054,
Papua New Guinea,PNG,2000,71.952,63.357
Papua New Guinea,PNG,2001,70.816,63.374
Papua New Guinea,PNG,2002,69.607,63.433
Papua New Guinea,PNG,2003,68.437,63.559
Papua New Guinea,PNG,2004,67.223,63.627
Papua New Guinea,PNG,2005,65.903,63.687
Papua New Guinea,PNG,2006,64.56,63.772
Papua New Guinea,PNG,2007,63.208,64.075
Papua New Guinea,PNG,2008,61.78,64.353
Papua New Guinea,PNG,2009,60.339,64.633
Papua New Guinea,PNG,2010,58.896,64.888
Papua New Guinea,PNG,2011,57.494,65.033
Papua New Guinea,PNG,2012,56.081,65.169
Papua New Guinea,PNG,2013,54.699,65.476
Papua New Guinea,PNG,2014,53.285,65.752
Papua New Guinea,PNG,2015,57.31,66.001
Papua New Guinea,PNG,2016,50.416,66.19
Papua New Guinea,PNG,2017,48.908,66.394
Papua New Guinea,PNG,2018,47.547,66.518
Papua New Guinea,PNG,2019,46.115,66.674
Papua New Guinea,PNG,2020,44.665,66.27
Papua New Guinea,PNG,2021,43.246,65.488
Papua New Guinea,PNG,2022,41.862,
Papua New Guinea,PNG,2023,40.613,
Papua New Guinea,PNG,2024,39.383,
Poland,POL,1950,137.069,
Poland,POL,1951,126.792,
Poland,POL,1952,117.573,
Poland,POL,1953,109.459,
Poland,POL,1954,102.184,
Poland,POL,1955,95.555,
Poland,POL,1956,89.414,
Poland,POL,1957,83.343,
Poland,POL,1958,77.078,
Poland,POL,1959,70.734,
Poland,POL,1960,64.889,
Poland,POL,1961,60.097,
Poland,POL,1962,56.1,
Poland,POL,1963,52.424,
Poland,POL,1964,48.893,
Poland,POL,1965,45.668,
Poland,POL,1966,42.878,
Poland,POL,1967,40.598,
Poland,POL,1968,38.836,
Poland,POL,1969,37.464,
Poland,POL,1970,36.052,
Poland,POL,1971,34.295,
Poland,POL,1972,32.33,
Poland,POL,1973,30.532,
Poland,POL,1974,29.064,
Poland,POL,1975,27.891,
Poland,POL,1976,26.974,
Poland,POL,1977,26.196,
Poland,POL,1978,25.453,
Poland,POL,1979,24.699,
Poland,POL,1980,23.967,
Poland,POL,1981,23.289,
Poland,POL,1982,22.636,
Poland,POL,1983,21.927,
Poland,POL,1984,21.141,
Poland,POL,1985,20.34,
Poland,POL,1986,19.594,
Poland,POL,1987,18.93,
Poland,POL,1988,18.349,
Poland,POL,1989,17.85,
Poland,POL,1990,17.394,
Poland,POL,1991,16.942,
Poland,POL,1992,16.469,
Poland,POL,1993,15.932,
Poland,POL,1994,15.282,
Poland,POL,1995,14.403,
Poland,POL,1996,13.248,
Poland,POL,1997,12.001,
Poland,POL,1998,10.888,
Poland,POL,1999,10.006,
Poland,POL,2000,9.326,73.695
Poland,POL,2001,8.816,74.099
Poland,POL,2002,8.425,74.454
Poland,POL,2003,8.105,74.548
Poland,POL,2004,7.821,74.767
Poland,POL,2005,7.554,74.896
Poland,POL,2006,7.291,75.115
Poland,POL,2007,7.01,75.177
Poland,POL,2008,6.684,75.432
Poland,POL,2009,6.32,75.639
Poland,POL,2010,5.968,76.234
Poland,POL,2011,5.67,76.564
Poland,POL,2012,5.424,76.633
Poland,POL,2013,5.217,76.865
Poland,POL,2014,5.038,77.473
Poland,POL,2015,4.885,77.278
Poland,POL,2016,4.756,77.669
Poland,POL,2017,4.646,77.562
Poland,POL,2018,4.548,77.561
Poland,POL,2019,4.462,77.73
Poland,POL,2020,4.396,76.388
Poland,POL,2021,4.361,75.402
Poland,POL,2022,4.338,
Poland,POL,2023,4.298,
Poland,POL,2024,4.221,
Puerto Rico,PRI,2000,,76.247
Puerto Rico,PRI,2001,,76.242
Puerto Rico,PRI,2002,,77.121
Puerto Rico,PRI,2003,,77.392
Puerto Rico,PRI,2004,,77.47
Puerto Rico,PRI,2005,,77.603
Puerto Rico,PRI,2006,,78.057
Puerto Rico,PRI,2007,,78.307
Puerto Rico,PRI,2008,,78.515
Puerto Rico,PRI,2009,,78.423
Puerto Rico,PRI,2010,,79.057
Puerto Rico,PRI,2011,,78.6
Puerto Rico,PRI,2012,,79.348
Puerto Rico,PRI,2013,,79.379
Puerto Rico,PRI,2014,,79.894
Puerto Rico,PRI,2015,,80.515
Puerto Rico,PRI,2016,,80.235
Puerto Rico,PRI,2017,,78.428
Puerto Rico,PRI,2018,,80.719
Puerto Rico,PRI,2019,,80.503
Puerto Rico,PRI,2020,,79.934
Puerto Rico,PRI,2021,,79.903
Democratic People's Republic of Korea,PRK,1950,463.187,
Democratic People's Republic of Korea,PRK,1951,404.91,
Democratic People's Republic of Korea,PRK,1952,265.387,
Democratic People's Republic of Korea,PRK,1953,218.018,
Democratic People's Republic of Korea,PRK,1954,169.046,
Democratic People's Republic of Korea,PRK,1955,155.41,
Democratic People's Republic of Korea,PRK,1956,143.816,
Democratic People's Republic of Korea,PRK,1957,134.318,
Democratic People's Republic of Korea,PRK,1958,126.687,
Democratic People's Republic of Korea,PRK,1959,120.635,
Democratic People's Republic of Korea,PRK,1960,115.761,
Democratic People's Republic of Korea,PRK,1961,111.572,
Democratic People's Republic of Korea,PRK,1962,107.628,
Democratic People's Republic of Korea,PRK,1963,103.581,
Democratic People's Republic of Korea,PRK,1964,99.25,
Democratic People's Republic of Korea,PRK,1965,94.579,
Democratic People's Republic of Korea,PRK,1966,89.611,
Democratic People's Republic of Korea,PRK,1967,84.488,
Democratic People's Republic of Korea,PRK,1968,79.394,
Democratic People's Republic of Korea,PRK,1969,74.506,
Democratic People's Republic of Korea,PRK,1970,69.942,
Democratic People's Republic of Korea,PRK,1971,65.768,
Democratic People's Republic of Korea,PRK,1972,61.998,
Democratic People's Republic of Korea,PRK,1973,58.602,
Democratic People's Republic of Korea,PRK,1974,55.554,
Democratic People's Republic of Korea,PRK,1975,52.799,
Democratic People's Republic of Korea,PRK,1976,50.295,
Democratic People's Republic of Korea,PRK,1977,48.01,
Democratic People's Republic of Korea,PRK,1978,45.908,
Democratic People's Republic of Korea,PRK,1979,43.967,
Democratic People's Republic of Korea,PRK,1980,42.175,
Democratic People's Republic of Korea,PRK,1981,40.546,
Democratic People's Republic of Korea,PRK,1982,39.116,
Democratic People's Republic of Korea,PRK,1983,37.954,
Democratic People's Republic of Korea,PRK,1984,37.142,
Democratic People's Republic of Korea,PRK,1985,36.752,
Democratic People's Republic of Korea,PRK,1986,36.834,
Democratic People's Republic of Korea,PRK,1987,37.75,
Democratic People's Republic of Korea,PRK,1988,38.332,
Democratic People's Republic of Korea,PRK,1989,39.517,
Democratic People's Republic of Korea,PRK,1990,40.742,
Democratic People's Republic of Korea,PRK,1991,41.787,
Democratic People's Republic of Korea,PRK,1992,42.469,
Democratic People's Republic of Korea,PRK,1993,42.708,
Democratic People's Republic of Korea,PRK,1994,42.508,
Democratic People's Republic of Korea,PRK,1995,107.679,
Democratic People's Republic of Korea,PRK,1996,106.189,
Democratic People's Republic of Korea,PRK,1997,104.605,
Democratic People's Republic of Korea,PRK,1998,103.167,
Democratic People's Republic of Korea,PRK,1999,101.652,
Democratic People's Republic of Korea,PRK,2000,100.235,62.518
Democratic People's Republic of Korea,PRK,2001,99.016,62.629
Democratic People's Republic of Korea,PRK,2002,97.752,62.792
Democratic People's Republic of Korea,PRK,2003,34.527,69.383
Democratic People's Republic of Korea,PRK,2004,33.798,69.497
Democratic People's Republic of Korea,PRK,2005,33.301,69.628
Democratic People's Republic of Korea,PRK,2006,32.768,69.705
Democratic People's Republic of Korea,PRK,2007,32.402,69.692
Democratic People's Republic of Korea,PRK,2008,31.03,69.799
Democratic People's Republic of Korea,PRK,2009,29.963,69.872
Democratic People's Republic of Korea,PRK,2010,28.662,70.023
Democratic People's Republic of Korea,PRK,2011,27.235,70.262
Democratic People's Republic of Korea,PRK,2012,25.716,70.533
Democratic People's Republic of Korea,PRK,2013,24.113,70.836
Democratic People's Republic of Korea,PRK,2014,22.628,71.138
Democratic People's Republic of Korea,PRK,2015,21.353,71.408
Democratic People's Republic of Korea,PRK,2016,20.605,71.623
Democratic People's Republic of Korea,PRK,2017,19.119,71.922
Democratic People's Republic of Korea,PRK,2018,18.416,72.107
Democratic People's Republic of Korea,PRK,2019,17.7,72.319
Democratic People's Republic of Korea,PRK,2020,17.448,72.379
Democratic People's Republic of Korea,PRK,2021,17.444,72.643
Democratic People's Republic of Korea,PRK,2022,17.724,
Democratic People's Republic of Korea,PRK,2023,17.997,
Democratic People's Republic of Korea,PRK,2024,16.666,
Portugal,PRT,1949,155.638,
Portugal,PRT,1950,149.932,
Portugal,PRT,1951,144.646,
Portugal,PRT,1952,139.614,
Portugal,PRT,1953,135.089,
Portugal,PRT,1954,130.903,
Portugal,PRT,1955,127.277,
Portugal,PRT,1956,124.268,
Portugal,PRT,1957,121.785,
Portugal,PRT,1958,119.583,
Portugal,PRT,1959,117.33,
Portugal,PRT,1960,114.267,
Portugal,PRT,1961,109.799,
Portugal,PRT,1962,104.075,
Portugal,PRT,1963,97.662,
Portugal,PRT,1964,91.126,
Portugal,PRT,1965,85.371,
Portugal,PRT,1966,80.963,
Portugal,PRT,1967,77.68,
Portugal,PRT,1968,74.867,
Portugal,PRT,1969,71.929,
Portugal,PRT,1970,68.219,
Portugal,PRT,1971,63.337,
Portugal,PRT,1972,57.848,
Portugal,PRT,1973,52.585,
Portugal,PRT,1974,47.867,
Portugal,PRT,1975,43.521,
Portugal,PRT,1976,39.381,
Portugal,PRT,1977,35.589,
Portugal,PRT,1978,32.374,
Portugal,PRT,1979,29.774,
Portugal,PRT,1980,27.615,
Portugal,PRT,1981,25.785,
Portugal,PRT,1982,24.204,
Portugal,PRT,1983,22.824,
Portugal,PRT,1984,21.589,
Portugal,PRT,1985,20.435,
Portugal,PRT,1986,19.305,
Portugal,PRT,1987,18.17,
Portugal,PRT,1988,17.028,
Portugal,PRT,1989,15.876,
Portugal,PRT,1990,14.723,
Portugal,PRT,1991,13.567,
Portugal,PRT,1992,12.453,
Portugal,PRT,1993,11.426,
Portugal,PRT,1994,10.524,
Portugal,PRT,1995,9.762,
Portugal,PRT,1996,9.15,
Portugal,PRT,1997,8.636,
Portugal,PRT,1998,8.158,
Portugal,PRT,1999,7.671,
Portugal,PRT,2000,7.16,76.588
Portugal,PRT,2001,6.606,76.93
Portugal,PRT,2002,6.045,77.146
Portugal,PRT,2003,5.517,77.315
Portugal,PRT,2004,5.05,78.121
Portugal,PRT,2005,4.668,77.992
Portugal,PRT,2006,4.383,78.741
Portugal,PRT,2007,4.176,78.956
Portugal,PRT,2008,4.019,79.195
Portugal,PRT,2009,3.896,79.406
Portugal,PRT,2010,3.8,79.74
Portugal,PRT,2011,3.729,80.24
Portugal,PRT,2012,3.679,80.21
Portugal,PRT,2013,3.649,80.527
Portugal,PRT,2014,3.635,80.9
Portugal,PRT,2015,3.625,80.892
Portugal,PRT,2016,3.61,80.905
Portugal,PRT,2017,3.578,81.147
Portugal,PRT,2018,3.527,81.063
Portugal,PRT,2019,3.45,81.368
Portugal,PRT,2020,3.372,80.818
Portugal,PRT,2021,3.311,81.18
Portugal,PRT,2022,3.268,
Portugal,PRT,2023,3.242,
Portugal,PRT,2024,3.228,
Paraguay,PRY,1956,86.452,
Paraguay,PRY,1957,85.403,
Paraguay,PRY,1958,84.496,
Paraguay,PRY,1959,83.683,
Paraguay,PRY,1960,82.837,
Paraguay,PRY,1961,82.077,
Paraguay,PRY,1962,81.443,
Paraguay,PRY,1963,80.887,
Paraguay,PRY,1964,80.414,
Paraguay,PRY,1965,80.026,
Paraguay,PRY,1966,79.683,
Paraguay,PRY,1967,79.371,
Paraguay,PRY,1968,78.942,
Paraguay,PRY,1969,78.444,
Paraguay,PRY,1970,77.905,
Paraguay,PRY,1971,77.263,
Paraguay,PRY,1972,76.428,
Paraguay,PRY,1973,75.482,
Paraguay,PRY,1974,74.364,
Paraguay,PRY,1975,73.15,
Paraguay,PRY,1976,71.786,
Paraguay,PRY,1977,70.322,
Paraguay,PRY,1978,68.708,
Paraguay,PRY,1979,66.972,
Paraguay,PRY,1980,65.132,
Paraguay,PRY,1981,63.192,
Paraguay,PRY,1982,61.14,
Paraguay,PRY,1983,59.075,
Paraguay,PRY,1984,57.029,
Paraguay,PRY,1985,54.949,
Paraguay,PRY,1986,52.965,
Paraguay,PRY,1987,51.052,
Paraguay,PRY,1988,49.183,
Paraguay,PRY,1989,47.347,
Paraguay,PRY,1990,45.606,
Paraguay,PRY,1991,43.926,
Paraguay,PRY,1992,42.371,
Paraguay,PRY,1993,40.912,
Paraguay,PRY,1994,39.554,
Paraguay,PRY,1995,38.373,
Paraguay,PRY,1996,37.279,
Paraguay,PRY,1997,36.257,
Paraguay,PRY,1998,35.349,
Paraguay,PRY,1999,34.492,
Paraguay,PRY,2000,33.646,74.683
Paraguay,PRY,2001,32.816,74.992
Paraguay,PRY,2002,32.005,75.113
Paraguay,PRY,2003,31.251,75.006
Paraguay,PRY,2004,30.51,74.564
Paraguay,PRY,2005,29.731,74.851
Paraguay,PRY,2006,28.948,74.822
Paraguay,PRY,2007,28.159,74.954
Paraguay,PRY,2008,27.33,74.999
Paraguay,PRY,2009,26.513,74.786
Paraguay,PRY,2010,25.718,74.731
Paraguay,PRY,2011,24.941,74.93
Paraguay,PRY,2012,24.166,75.12
Paraguay,PRY,2013,23.428,75.04
Paraguay,PRY,2014,22.711,75.315
Paraguay,PRY,2015,21.914,75.167
Paraguay,PRY,2016,21.179,74.864
Paraguay,PRY,2017,20.529,75.347
Paraguay,PRY,2018,19.852,75.224
Paraguay,PRY,2019,19.239,75.079
Paraguay,PRY,2020,18.613,75.248
Paraguay,PRY,2021,18.029,70.271
Paraguay,PRY,2022,17.453,
Paraguay,PRY,2023,16.861,
Paraguay,PRY,2024,16.308,
"occupied Palestinian territory, including east Jerusalem",PSE,1975,108.971,
"occupied Palestinian territory, including east Jerusalem",PSE,1976,102.475,
"occupied Palestinian territory, including east Jerusalem",PSE,1977,96.267,
"occupied Palestinian territory, including east Jerusalem",PSE,1978,90.502,
"occupied Palestinian territory, including east Jerusalem",PSE,1979,85.068,
"occupied Palestinian territory, including east Jerusalem",PSE,1980,80.093,
"occupied Palestinian territory, including east Jerusalem",PSE,1981,75.316,
"occupied Palestinian territory, including east Jerusalem",PSE,1982,70.864,
"occupied Palestinian territory, including east Jerusalem",PSE,1983,66.729,
"occupied Palestinian territory, including east Jerusalem",PSE,1984,62.89,
"occupied Palestinian territory, including east Jerusalem",PSE,1985,59.264,
"occupied Palestinian territory, including east Jerusalem",PSE,1986,55.935,
"occupied Palestinian territory, including east Jerusalem",PSE,1987,52.855,
"occupied Palestinian territory, including east Jerusalem",PSE,1988,50.016,
"occupied Palestinian territory, including east Jerusalem",PSE,1989,47.418,
"occupied Palestinian territory, including east Jerusalem",PSE,1990,45.07,
"occupied Palestinian territory, including east Jerusalem",PSE,1991,42.958,
"occupied Palestinian territory, including east Jerusalem",PSE,1992,41.096,
"occupied Palestinian territory, including east Jerusalem",PSE,1993,39.387,
"occupied Palestinian territory, including east Jerusalem",PSE,1994,37.813,
"occupied Palestinian territory, including east Jerusalem",PSE,1995,36.348,
"occupied Palestinian territory, including east Jerusalem",PSE,1996,34.946,
"occupied Palestinian territory, including east Jerusalem",PSE,1997,33.644,
"occupied Palestinian territory, including east Jerusalem",PSE,1998,32.453,
"occupied Palestinian territory, including east Jerusalem",PSE,1999,31.345,
"occupied Palestinian territory, including east Jerusalem",PSE,2000,30.318,69.889
"occupied Palestinian territory, including east Jerusalem",PSE,2001,29.388,69.333
"occupied Palestinian territory, including east Jerusalem",PSE,2002,28.519,68.631
"occupied Palestinian territory, including east Jerusalem",PSE,2003,27.652,69.632
"occupied Palestinian territory, including east Jerusalem",PSE,2004,26.837,69.485
"occupied Palestinian territory, including east Jerusalem",PSE,2005,25.989,70.56
"occupied Palestinian territory, including east Jerusalem",PSE,2006,25.131,69.225
"occupied Palestinian territory, including east Jerusalem",PSE,2007,24.302,70.806
"occupied Palestinian territory, including east Jerusalem",PSE,2008,23.483,68.979
"occupied Palestinian territory, including east Jerusalem",PSE,2009,22.682,69.431
"occupied Palestinian territory, including east Jerusalem",PSE,2010,21.883,72.645
"occupied Palestinian territory, including east Jerusalem",PSE,2011,21.103,72.783
"occupied Palestinian territory, including east Jerusalem",PSE,2012,20.345,73.097
"occupied Palestinian territory, including east Jerusalem",PSE,2013,19.602,74.201
"occupied Palestinian territory, including east Jerusalem",PSE,2014,21.942,74.197
"occupied Palestinian territory, including east Jerusalem",PSE,2015,18.177,74.56
"occupied Palestinian territory, including east Jerusalem",PSE,2016,17.517,74.991
"occupied Palestinian territory, including east Jerusalem",PSE,2017,16.874,75.454
"occupied Palestinian territory, including east Jerusalem",PSE,2018,16.255,75.712
"occupied Palestinian territory, including east Jerusalem",PSE,2019,15.691,75.831
"occupied Palestinian territory, including east Jerusalem",PSE,2020,15.156,75.134
"occupied Palestinian territory, including east Jerusalem",PSE,2021,14.648,73.492
"occupied Palestinian territory, including east Jerusalem",PSE,2022,14.149,
"occupied Palestinian territory, including east Jerusalem",PSE,2023,41.929,
"occupied Palestinian territory, including east Jerusalem",PSE,2024,37.854,
Qatar,QAT,1969,70.334,
Qatar,QAT,1970,65.718,
Qatar,QAT,1971,61.415,
Qatar,QAT,1972,57.413,
Qatar,QAT,1973,53.761,
Qatar,QAT,1974,50.465,
Qatar,QAT,1975,47.449,
Qatar,QAT,1976,44.671,
Qatar,QAT,1977,42.173,
Qatar,QAT,1978,39.924,
Qatar,QAT,1979,37.917,
Qatar,QAT,1980,36.1,
Qatar,QAT,1981,34.398,
Qatar,QAT,1982,32.8,
Qatar,QAT,1983,31.256,
Qatar,QAT,1984,29.713,
Qatar,QAT,1985,28.23,
Qatar,QAT,1986,26.723,
Qatar,QAT,1987,25.22,
Qatar,QAT,1988,23.713,
Qatar,QAT,1989,22.256,
Qatar,QAT,1990,20.815,
Qatar,QAT,1991,19.468,
Qatar,QAT,1992,18.21,
Qatar,QAT,1993,17.085,
Qatar,QAT,1994,16.106,
Qatar,QAT,1995,15.269,
Qatar,QAT,1996,14.571,
Qatar,QAT,1997,13.977,
Qatar,QAT,1998,13.437,
Qatar,QAT,1999,12.943,
Qatar,QAT,2000,12.473,70.382
Qatar,QAT,2001,12.014,70.315
Qatar,QAT,2002,11.577,70.332
Qatar,QAT,2003,11.166,70.56
Qatar,QAT,2004,10.785,70.841
Qatar,QAT,2005,10.435,71.04
Qatar,QAT,2006,10.115,71.485
Qatar,QAT,2007,9.827,71.899
Qatar,QAT,2008,9.566,72.37
Qatar,QAT,2009,9.328,72.771
Qatar,QAT,2010,9.104,73.457
Qatar,QAT,2011,8.882,74.278
Qatar,QAT,2012,8.65,74.986
Qatar,QAT,2013,8.392,75.795
Qatar,QAT,2014,8.106,76.57
Qatar,QAT,2015,7.791,77.791
Qatar,QAT,2016,7.457,78.224
Qatar,QAT,2017,7.125,78.514
Qatar,QAT,2018,6.821,78.633
Qatar,QAT,2019,6.555,78.896
Qatar,QAT,2020,6.339,77.276
Qatar,QAT,2021,6.176,76.71
Qatar,QAT,2022,6.057,
Qatar,QAT,2023,5.967,
Qatar,QAT,2024,5.885,
Romania,ROU,1955,101.375,
Romania,ROU,1956,99.849,
Romania,ROU,1957,98.502,
Romania,ROU,1958,96.585,
Romania,ROU,1959,93.472,
Romania,ROU,1960,87.985,
Romania,ROU,1961,79.646,
Romania,ROU,1962,70.092,
Romania,ROU,1963,61.309,
Romania,ROU,1964,54.983,
Romania,ROU,1965,52.924,
Romania,ROU,1966,56.725,
Romania,ROU,1967,63.676,
Romania,ROU,1968,66.874,
Romania,ROU,1969,62.406,
Romania,ROU,1970,55.31,
Romania,ROU,1971,50.1,
Romania,ROU,1972,47.092,
Romania,ROU,1973,45.284,
Romania,ROU,1974,43.928,
Romania,ROU,1975,42.522,
Romania,ROU,1976,40.69,
Romania,ROU,1977,38.78,
Romania,ROU,1978,37.424,
Romania,ROU,1979,36.703,
Romania,ROU,1980,35.908,
Romania,ROU,1981,34.424,
Romania,ROU,1982,32.629,
Romania,ROU,1983,31.322,
Romania,ROU,1984,30.95,
Romania,ROU,1985,31.522,
Romania,ROU,1986,33.041,
Romania,ROU,1987,34.634,
Romania,ROU,1988,34.835,
Romania,ROU,1989,33.117,
Romania,ROU,1990,30.906,
Romania,ROU,1991,29.457,
Romania,ROU,1992,28.725,
Romania,ROU,1993,28.205,
Romania,ROU,1994,27.604,
Romania,ROU,1995,27.022,
Romania,ROU,1996,26.519,
Romania,ROU,1997,25.85,
Romania,ROU,1998,24.644,
Romania,ROU,1999,22.934,
Romania,ROU,2000,21.398,71.142
Romania,ROU,2001,20.563,71.215
Romania,ROU,2002,20.223,70.903
Romania,ROU,2003,19.901,71.231
Romania,ROU,2004,19.266,71.765
Romania,ROU,2005,18.206,72.098
Romania,ROU,2006,16.73,72.586
Romania,ROU,2007,15.167,73.136
Romania,ROU,2008,13.892,73.305
Romania,ROU,2009,13.017,73.443
Romania,ROU,2010,12.376,73.699
Romania,ROU,2011,11.811,74.441
Romania,ROU,2012,11.236,74.342
Romania,ROU,2013,10.589,75.003
Romania,ROU,2014,9.87,74.861
Romania,ROU,2015,9.151,74.909
Romania,ROU,2016,8.488,75.084
Romania,ROU,2017,7.885,75.111
Romania,ROU,2018,7.322,75.123
Romania,ROU,2019,6.831,75.46
Romania,ROU,2020,6.504,74.096
Romania,ROU,2021,6.414,72.764
Romania,ROU,2022,6.556,
Romania,ROU,2023,6.873,
Romania,ROU,2024,7.311,
Russian Federation,RUS,1958,52.386,
Russian Federation,RUS,1959,48.863,
Russian Federation,RUS,1960,45.612,
Russian Federation,RUS,1961,42.602,
Russian Federation,RUS,1962,39.944,
Russian Federation,RUS,1963,37.58,
Russian Federation,RUS,1964,35.549,
Russian Federation,RUS,1965,33.809,
Russian Federation,RUS,1966,32.362,
Russian Federation,RUS,1967,31.172,
Russian Federation,RUS,1968,30.198,
Russian Federation,RUS,1969,29.449,
Russian Federation,RUS,1970,28.861,
Russian Federation,RUS,1971,28.404,
Russian Federation,RUS,1972,28.079,
Russian Federation,RUS,1973,27.833,
Russian Federation,RUS,1974,27.681,
Russian Federation,RUS,1975,27.616,
Russian Federation,RUS,1976,27.614,
Russian Federation,RUS,1977,27.613,
Russian Federation,RUS,1978,27.582,
Russian Federation,RUS,1979,27.475,
Russian Federation,RUS,1980,27.262,
Russian Federation,RUS,1981,26.951,
Russian Federation,RUS,1982,26.584,
Russian Federation,RUS,1983,26.178,
Russian Federation,RUS,1984,25.675,
Russian Federation,RUS,1985,25.014,
Russian Federation,RUS,1986,24.238,
Russian Federation,RUS,1987,23.406,
Russian Federation,RUS,1988,22.6,
Russian Federation,RUS,1989,21.979,
Russian Federation,RUS,1990,21.645,
Russian Federation,RUS,1991,21.582,
Russian Federation,RUS,1992,21.712,
Russian Federation,RUS,1993,21.918,
Russian Federation,RUS,1994,22.054,
Russian Federation,RUS,1995,21.974,
Russian Federation,RUS,1996,21.689,
Russian Federation,RUS,1997,21.285,
Russian Federation,RUS,1998,20.797,
Russian Federation,RUS,1999,20.174,
Russian Federation,RUS,2000,19.38,65.16
Russian Federation,RUS,2001,18.408,65.101
Russian Federation,RUS,2002,17.312,64.861
Russian Federation,RUS,2003,16.141,64.723
Russian Federation,RUS,2004,14.972,65.143
Russian Federation,RUS,2005,13.858,65.19
Russian Federation,RUS,2006,12.847,66.488
Russian Federation,RUS,2007,11.978,67.422
Russian Federation,RUS,2008,11.271,67.79
Russian Federation,RUS,2009,10.745,68.557
Russian Federation,RUS,2010,10.408,68.825
Russian Federation,RUS,2011,10.164,69.771
Russian Federation,RUS,2012,9.875,70.188
Russian Federation,RUS,2013,9.451,70.696
Russian Federation,RUS,2014,8.89,70.686
Russian Federation,RUS,2015,8.209,71.298
Russian Federation,RUS,2016,7.504,71.616
Russian Federation,RUS,2017,6.873,72.499
Russian Federation,RUS,2018,6.369,72.663
Russian Federation,RUS,2019,5.99,73.219
Russian Federation,RUS,2020,5.729,71.377
Russian Federation,RUS,2021,5.549,70.017
Russian Federation,RUS,2022,5.413,
Russian Federation,RUS,2023,5.291,
Russian Federation,RUS,2024,5.173,
Rwanda,RWA,1956,245.484,
Rwanda,RWA,1957,238.001,
Rwanda,RWA,1958,230.799,
Rwanda,RWA,1959,223.949,
Rwanda,RWA,1960,217.669,
Rwanda,RWA,1961,212.987,
Rwanda,RWA,1962,209.583,
Rwanda,RWA,1963,207.625,
Rwanda,RWA,1964,206.989,
Rwanda,RWA,1965,207.438,
Rwanda,RWA,1966,208.771,
Rwanda,RWA,1967,210.958,
Rwanda,RWA,1968,213.582,
Rwanda,RWA,1969,216.806,
Rwanda,RWA,1970,220.282,
Rwanda,RWA,1971,223.985,
Rwanda,RWA,1972,227.843,
Rwanda,RWA,1973,232.998,
Rwanda,RWA,1974,239.015,
Rwanda,RWA,1975,245.415,
Rwanda,RWA,1976,250.18,
Rwanda,RWA,1977,251.291,
Rwanda,RWA,1978,246.221,
Rwanda,RWA,1979,234.595,
Rwanda,RWA,1980,218.964,
Rwanda,RWA,1981,202.0,
Rwanda,RWA,1982,186.58,
Rwanda,RWA,1983,174.543,
Rwanda,RWA,1984,166.611,
Rwanda,RWA,1985,160.928,
Rwanda,RWA,1986,155.73,
Rwanda,RWA,1987,151.264,
Rwanda,RWA,1988,148.063,
Rwanda,RWA,1989,147.299,
Rwanda,RWA,1990,150.71,
Rwanda,RWA,1991,160.398,
Rwanda,RWA,1992,175.637,
Rwanda,RWA,1993,192.817,
Rwanda,RWA,1994,388.954,
Rwanda,RWA,1995,218.428,
Rwanda,RWA,1996,222.343,
Rwanda,RWA,1997,221.444,
Rwanda,RWA,1998,213.873,
Rwanda,RWA,1999,200.586,
Rwanda,RWA,2000,184.158,46.894
Rwanda,RWA,2001,166.514,48.333
Rwanda,RWA,2002,149.091,50.61
Rwanda,RWA,2003,132.691,52.476
Rwanda,RWA,2004,117.548,54.656
Rwanda,RWA,2005,104.469,57.028
Rwanda,RWA,2006,93.368,59.153
Rwanda,RWA,2007,84.109,60.825
Rwanda,RWA,2008,76.03,62.137
Rwanda,RWA,2009,69.118,62.969
Rwanda,RWA,2010,63.261,64.2
Rwanda,RWA,2011,58.079,65.046
Rwanda,RWA,2012,54.244,65.686
Rwanda,RWA,2013,51.419,66.281
Rwanda,RWA,2014,49.173,66.671
Rwanda,RWA,2015,47.298,66.964
Rwanda,RWA,2016,45.795,67.176
Rwanda,RWA,2017,44.693,67.43
Rwanda,RWA,2018,43.682,67.626
Rwanda,RWA,2019,42.661,67.756
Rwanda,RWA,2020,41.578,68.264
Rwanda,RWA,2021,40.581,67.542
Rwanda,RWA,2022,39.654,
Rwanda,RWA,2023,38.809,
Rwanda,RWA,2024,37.737,
Saudi Arabia,SAU,1972,159.422,
Saudi Arabia,SAU,1973,148.887,
Saudi Arabia,SAU,1974,139.204,
Saudi Arabia,SAU,1975,130.393,
Saudi Arabia,SAU,1976,122.034,
Saudi Arabia,SAU,1977,113.991,
Saudi Arabia,SAU,1978,106.622,
Saudi Arabia,SAU,1979,99.607,
Saudi Arabia,SAU,1980,93.05,
Saudi Arabia,SAU,1981,86.823,
Saudi Arabia,SAU,1982,80.868,
Saudi Arabia,SAU,1983,75.239,
Saudi Arabia,SAU,1984,69.974,
Saudi Arabia,SAU,1985,64.968,
Saudi Arabia,SAU,1986,60.333,
Saudi Arabia,SAU,1987,55.881,
Saudi Arabia,SAU,1988,51.687,
Saudi Arabia,SAU,1989,47.745,
Saudi Arabia,SAU,1990,44.125,
Saudi Arabia,SAU,1991,40.799,
Saudi Arabia,SAU,1992,37.766,
Saudi Arabia,SAU,1993,35.053,
Saudi Arabia,SAU,1994,32.592,
Saudi Arabia,SAU,1995,30.337,
Saudi Arabia,SAU,1996,28.296,
Saudi Arabia,SAU,1997,26.468,
Saudi Arabia,SAU,1998,24.788,
Saudi Arabia,SAU,1999,23.278,
Saudi Arabia,SAU,2000,21.898,70.566
Saudi Arabia,SAU,2001,20.624,70.803
Saudi Arabia,SAU,2002,19.44,71.076
Saudi Arabia,SAU,2003,18.358,71.307
Saudi Arabia,SAU,2004,17.319,71.604
Saudi Arabia,SAU,2005,16.339,71.816
Saudi Arabia,SAU,2006,15.419,72.036
Saudi Arabia,SAU,2007,14.54,72.355
Saudi Arabia,SAU,2008,13.703,72.998
Saudi Arabia,SAU,2009,12.897,73.9
Saudi Arabia,SAU,2010,12.144,74.896
Saudi Arabia,SAU,2011,11.435,76.132
Saudi Arabia,SAU,2012,10.762,77.025
Saudi Arabia,SAU,2013,10.14,77.331
Saudi Arabia,SAU,2014,9.553,77.223
Saudi Arabia,SAU,2015,9.012,76.889
Saudi Arabia,SAU,2016,8.504,76.751
Saudi Arabia,SAU,2017,8.036,76.743
Saudi Arabia,SAU,2018,7.614,76.811
Saudi Arabia,SAU,2019,7.249,76.931
Saudi Arabia,SAU,2020,6.935,76.058
Saudi Arabia,SAU,2021,6.664,76.429
Saudi Arabia,SAU,2022,6.416,
Saudi Arabia,SAU,2023,6.18,
Saudi Arabia,SAU,2024,5.958,
Sudan,SDN,1953,200.1,
Sudan,SDN,1954,197.118,
Sudan,SDN,1955,194.141,
Sudan,SDN,1956,190.954,
Sudan,SDN,1957,187.844,
Sudan,SDN,1958,184.702,
Sudan,SDN,1959,181.791,
Sudan,SDN,1960,178.877,
Sudan,SDN,1961,176.262,
Sudan,SDN,1962,173.589,
Sudan,SDN,1963,171.0,
Sudan,SDN,1964,168.686,
Sudan,SDN,1965,166.502,
Sudan,SDN,1966,164.622,
Sudan,SDN,1967,162.893,
Sudan,SDN,1968,161.445,
Sudan,SDN,1969,160.128,
Sudan,SDN,1970,159.018,
Sudan,SDN,1971,158.026,
Sudan,SDN,1972,157.032,
Sudan,SDN,1973,156.055,
Sudan,SDN,1974,155.024,
Sudan,SDN,1975,153.875,
Sudan,SDN,1976,152.645,
Sudan,SDN,1977,151.371,
Sudan,SDN,1978,150.141,
Sudan,SDN,1979,148.951,
Sudan,SDN,1980,147.741,
Sudan,SDN,1981,146.618,
Sudan,SDN,1982,145.446,
Sudan,SDN,1983,182.659,
Sudan,SDN,1984,180.486,
Sudan,SDN,1985,178.324,
Sudan,SDN,1986,139.445,
Sudan,SDN,1987,137.521,
Sudan,SDN,1988,297.043,
Sudan,SDN,1989,133.238,
Sudan,SDN,1990,130.868,
Sudan,SDN,1991,128.419,
Sudan,SDN,1992,125.915,
Sudan,SDN,1993,123.334,
Sudan,SDN,1994,120.644,
Sudan,SDN,1995,117.81,
Sudan,SDN,1996,114.877,
Sudan,SDN,1997,111.809,
Sudan,SDN,1998,148.349,
Sudan,SDN,1999,105.327,
Sudan,SDN,2000,101.981,62.489
Sudan,SDN,2001,98.641,62.979
Sudan,SDN,2002,95.242,63.224
Sudan,SDN,2003,91.932,63.677
Sudan,SDN,2004,101.147,63.682
Sudan,SDN,2005,98.794,64.874
Sudan,SDN,2006,83.012,65.287
Sudan,SDN,2007,80.396,65.76
Sudan,SDN,2008,77.916,66.108
Sudan,SDN,2009,75.54,66.444
Sudan,SDN,2010,73.376,66.945
Sudan,SDN,2011,71.281,67.069
Sudan,SDN,2012,69.286,67.583
Sudan,SDN,2013,67.35,67.759
Sudan,SDN,2014,65.427,68.09
Sudan,SDN,2015,63.473,68.327
Sudan,SDN,2016,61.573,68.651
Sudan,SDN,2017,59.677,69.04
Sudan,SDN,2018,57.81,69.248
Sudan,SDN,2019,56.066,69.465
Sudan,SDN,2020,54.309,68.441
Sudan,SDN,2021,52.666,67.585
Sudan,SDN,2022,50.952,
Sudan,SDN,2023,63.088,
Sudan,SDN,2024,61.602,
Senegal,SEN,1944,370.586,
Senegal,SEN,1945,365.464,
Senegal,SEN,1946,359.621,
Senegal,SEN,1947,354.033,
Senegal,SEN,1948,348.814,
Senegal,SEN,1949,343.209,
Senegal,SEN,1950,337.446,
Senegal,SEN,1951,331.77,
Senegal,SEN,1952,326.334,
Senegal,SEN,1953,320.531,
Senegal,SEN,1954,315.184,
Senegal,SEN,1955,310.018,
Senegal,SEN,1956,305.301,
Senegal,SEN,1957,301.18,
Senegal,SEN,1958,298.159,
Senegal,SEN,1959,296.221,
Senegal,SEN,1960,295.261,
Senegal,SEN,1961,295.363,
Senegal,SEN,1962,296.006,
Senegal,SEN,1963,296.803,
Senegal,SEN,1964,297.277,
Senegal,SEN,1965,297.421,
Senegal,SEN,1966,296.913,
Senegal,SEN,1967,295.905,
Senegal,SEN,1968,294.253,
Senegal,SEN,1969,291.87,
Senegal,SEN,1970,288.316,
Senegal,SEN,1971,283.494,
Senegal,SEN,1972,277.344,
Senegal,SEN,1973,270.141,
Senegal,SEN,1974,261.944,
Senegal,SEN,1975,252.708,
Senegal,SEN,1976,242.186,
Senegal,SEN,1977,231.302,
Senegal,SEN,1978,221.067,
Senegal,SEN,1979,212.012,
Senegal,SEN,1980,204.198,
Senegal,SEN,1981,197.629,
Senegal,SEN,1982,191.712,
Senegal,SEN,1983,185.652,
Senegal,SEN,1984,178.856,
Senegal,SEN,1985,171.128,
Senegal,SEN,1986,162.629,
Senegal,SEN,1987,154.283,
Senegal,SEN,1988,146.905,
Senegal,SEN,1989,141.206,
Senegal,SEN,1990,137.248,
Senegal,SEN,1991,135.202,
Senegal,SEN,1992,134.639,
Senegal,SEN,1993,135.025,
Senegal,SEN,1994,135.958,
Senegal,SEN,1995,136.965,
Senegal,SEN,1996,137.753,
Senegal,SEN,1997,137.874,
Senegal,SEN,1998,136.701,
Senegal,SEN,1999,133.837,
Senegal,SEN,2000,128.87,58.61
Senegal,SEN,2001,121.724,59.29
Senegal,SEN,2002,113.153,59.796
Senegal,SEN,2003,104.158,60.791
Senegal,SEN,2004,95.506,61.572
Senegal,SEN,2005,87.604,62.363
Senegal,SEN,2006,80.766,63.068
Senegal,SEN,2007,74.967,63.89
Senegal,SEN,2008,70.102,64.579
Senegal,SEN,2009,66.114,65.116
Senegal,SEN,2010,62.761,65.565
Senegal,SEN,2011,59.96,65.972
Senegal,SEN,2012,57.552,66.294
Senegal,SEN,2013,55.493,66.586
Senegal,SEN,2014,53.743,66.976
Senegal,SEN,2015,52.212,67.362
Senegal,SEN,2016,50.819,67.766
Senegal,SEN,2017,49.443,68.12
Senegal,SEN,2018,47.92,68.442
Senegal,SEN,2019,46.16,68.764
Senegal,SEN,2020,44.242,68.561
Senegal,SEN,2021,42.168,67.792
Senegal,SEN,2022,40.095,
Senegal,SEN,2023,38.242,
Senegal,SEN,2024,36.53,
Singapore,SGP,1954,77.972,
Singapore,SGP,1955,71.827,
Singapore,SGP,1956,66.48,
Singapore,SGP,1957,61.546,
Singapore,SGP,1958,56.745,
Singapore,SGP,1959,52.094,
Singapore,SGP,1960,47.692,
Singapore,SGP,1961,43.736,
Singapore,SGP,1962,40.522,
Singapore,SGP,1963,38.19,
Singapore,SGP,1964,36.459,
Singapore,SGP,1965,34.935,
Singapore,SGP,1966,33.377,
Singapore,SGP,1967,31.78,
Singapore,SGP,1968,30.17,
Singapore,SGP,1969,28.588,
Singapore,SGP,1970,27.116,
Singapore,SGP,1971,25.678,
Singapore,SGP,1972,23.956,
Singapore,SGP,1973,21.772,
Singapore,SGP,1974,19.493,
Singapore,SGP,1975,17.566,
Singapore,SGP,1976,16.208,
Singapore,SGP,1977,15.396,
Singapore,SGP,1978,15.071,
Singapore,SGP,1979,14.959,
Singapore,SGP,1980,14.664,
Singapore,SGP,1981,14.009,
Singapore,SGP,1982,13.168,
Singapore,SGP,1983,12.338,
Singapore,SGP,1984,11.584,
Singapore,SGP,1985,10.919,
Singapore,SGP,1986,10.324,
Singapore,SGP,1987,9.734,
Singapore,SGP,1988,9.096,
Singapore,SGP,1989,8.401,
Singapore,SGP,1990,7.671,
Singapore,SGP,1991,6.948,
Singapore,SGP,1992,6.307,
Singapore,SGP,1993,5.781,
Singapore,SGP,1994,5.372,
Singapore,SGP,1995,5.056,
Singapore,SGP,1996,4.804,
Singapore,SGP,1997,4.578,
Singapore,SGP,1998,4.345,
Singapore,SGP,1999,4.1,
Singapore,SGP,2000,3.85,78.521
Singapore,SGP,2001,3.61,79.142
Singapore,SGP,2002,3.392,79.338
Singapore,SGP,2003,3.208,79.611
Singapore,SGP,2004,3.065,80.337
Singapore,SGP,2005,2.964,80.542
Singapore,SGP,2006,2.898,80.981
Singapore,SGP,2007,2.861,80.581
Singapore,SGP,2008,2.841,80.978
Singapore,SGP,2009,2.83,81.583
Singapore,SGP,2010,2.819,81.762
Singapore,SGP,2011,2.802,81.96
Singapore,SGP,2012,2.779,82.215
Singapore,SGP,2013,2.752,82.366
Singapore,SGP,2014,2.719,82.605
Singapore,SGP,2015,2.683,82.849
Singapore,SGP,2016,2.64,83.242
Singapore,SGP,2017,2.59,83.222
Singapore,SGP,2018,2.526,83.508
Singapore,SGP,2019,2.466,83.898
Singapore,SGP,2020,2.434,83.997
Singapore,SGP,2021,2.441,83.857
Singapore,SGP,2022,2.489,
Singapore,SGP,2023,2.575,
Singapore,SGP,2024,2.68,
Solomon Islands,SLB,1943,280.614,
Solomon Islands,SLB,1944,273.091,
Solomon Islands,SLB,1945,265.854,
Solomon Islands,SLB,1946,258.643,
Solomon Islands,SLB,1947,251.773,
Solomon Islands,SLB,1948,245.166,
Solomon Islands,SLB,1949,238.446,
Solomon Islands,SLB,1950,232.085,
Solomon Islands,SLB,1951,225.674,
Solomon Islands,SLB,1952,219.369,
Solomon Islands,SLB,1953,212.821,
Solomon Islands,SLB,1954,206.44,
Solomon Islands,SLB,1955,199.88,
Solomon Islands,SLB,1956,193.3,
Solomon Islands,SLB,1957,186.779,
Solomon Islands,SLB,1958,180.294,
Solomon Islands,SLB,1959,173.726,
Solomon Islands,SLB,1960,167.074,
Solomon Islands,SLB,1961,160.427,
Solomon Islands,SLB,1962,153.691,
Solomon Islands,SLB,1963,147.015,
Solomon Islands,SLB,1964,140.4,
Solomon Islands,SLB,1965,133.787,
Solomon Islands,SLB,1966,127.075,
Solomon Islands,SLB,1967,120.26,
Solomon Islands,SLB,1968,113.265,
Solomon Islands,SLB,1969,106.34,
Solomon Islands,SLB,1970,99.625,
Solomon Islands,SLB,1971,93.099,
Solomon Islands,SLB,1972,87.028,
Solomon Islands,SLB,1973,81.234,
Solomon Islands,SLB,1974,75.896,
Solomon Islands,SLB,1975,78.781,
Solomon Islands,SLB,1976,66.565,
Solomon Islands,SLB,1977,62.635,
Solomon Islands,SLB,1978,59.151,
Solomon Islands,SLB,1979,56.118,
Solomon Islands,SLB,1980,53.439,
Solomon Islands,SLB,1981,51.066,
Solomon Islands,SLB,1982,48.998,
Solomon Islands,SLB,1983,47.129,
Solomon Islands,SLB,1984,45.495,
Solomon Islands,SLB,1985,43.995,
Solomon Islands,SLB,1986,42.623,
Solomon Islands,SLB,1987,41.414,
Solomon Islands,SLB,1988,40.24,
Solomon Islands,SLB,1989,39.129,
Solomon Islands,SLB,1990,38.088,
Solomon Islands,SLB,1991,37.072,
Solomon Islands,SLB,1992,36.098,
Solomon Islands,SLB,1993,35.155,
Solomon Islands,SLB,1994,34.279,
Solomon Islands,SLB,1995,33.492,
Solomon Islands,SLB,1996,32.76,
Solomon Islands,SLB,1997,32.101,
Solomon Islands,SLB,1998,31.533,
Solomon Islands,SLB,1999,31.032,
Solomon Islands,SLB,2000,30.546,63.398
Solomon Islands,SLB,2001,30.175,63.454
Solomon Islands,SLB,2002,29.847,63.472
Solomon Islands,SLB,2003,29.566,63.543
Solomon Islands,SLB,2004,29.324,63.614
Solomon Islands,SLB,2005,29.055,63.697
Solomon Islands,SLB,2006,28.755,63.792
Solomon Islands,SLB,2007,28.406,63.768
Solomon Islands,SLB,2008,28.018,64.056
Solomon Islands,SLB,2009,27.6,64.165
Solomon Islands,SLB,2010,27.151,64.368
Solomon Islands,SLB,2011,26.685,64.513
Solomon Islands,SLB,2012,26.229,64.702
Solomon Islands,SLB,2013,25.784,64.846
Solomon Islands,SLB,2014,25.368,64.956
Solomon Islands,SLB,2015,24.962,65.152
Solomon Islands,SLB,2016,24.56,65.295
Solomon Islands,SLB,2017,24.128,65.411
Solomon Islands,SLB,2018,23.626,65.55
Solomon Islands,SLB,2019,23.106,65.673
Solomon Islands,SLB,2020,22.507,65.395
Solomon Islands,SLB,2021,21.908,64.792
Solomon Islands,SLB,2022,21.282,
Solomon Islands,SLB,2023,20.648,
Solomon Islands,SLB,2024,20.013,
Sierra Leone,SLE,1956,413.827,
Sierra Leone,SLE,1957,407.703,
Sierra Leone,SLE,1958,401.366,
Sierra Leone,SLE,1959,395.829,
Sierra Leone,SLE,1960,390.006,
Sierra Leone,SLE,1961,384.379,
Sierra Leone,SLE,1962,378.688,
Sierra Leone,SLE,1963,372.92,
Sierra Leone,SLE,1964,367.165,
Sierra Leone,SLE,1965,361.122,
Sierra Leone,SLE,1966,355.062,
Sierra Leone,SLE,1967,349.038,
Sierra Leone,SLE,1968,343.213,
Sierra Leone,SLE,1969,337.501,
Sierra Leone,SLE,1970,332.073,
Sierra Leone,SLE,1971,326.636,
Sierra Leone,SLE,1972,321.466,
Sierra Leone,SLE,1973,316.464,
Sierra Leone,SLE,1974,311.916,
Sierra Leone,SLE,1975,307.151,
Sierra Leone,SLE,1976,302.666,
Sierra Leone,SLE,1977,298.245,
Sierra Leone,SLE,1978,294.032,
Sierra Leone,SLE,1979,289.966,
Sierra Leone,SLE,1980,286.07,
Sierra Leone,SLE,1981,282.581,
Sierra Leone,SLE,1982,279.188,
Sierra Leone,SLE,1983,276.051,
Sierra Leone,SLE,1984,273.124,
Sierra Leone,SLE,1985,270.305,
Sierra Leone,SLE,1986,267.52,
Sierra Leone,SLE,1987,264.815,
Sierra Leone,SLE,1988,262.191,
Sierra Leone,SLE,1989,260.106,
Sierra Leone,SLE,1990,258.018,
Sierra Leone,SLE,1991,255.956,
Sierra Leone,SLE,1992,253.841,
Sierra Leone,SLE,1993,251.741,
Sierra Leone,SLE,1994,249.05,
Sierra Leone,SLE,1995,245.903,
Sierra Leone,SLE,1996,242.155,
Sierra Leone,SLE,1997,237.878,
Sierra Leone,SLE,1998,233.124,
Sierra Leone,SLE,1999,228.198,
Sierra Leone,SLE,2000,222.837,49.786
Sierra Leone,SLE,2001,217.264,50.946
Sierra Leone,SLE,2002,211.648,51.281
Sierra Leone,SLE,2003,205.725,51.518
Sierra Leone,SLE,2004,199.56,51.796
Sierra Leone,SLE,2005,193.221,52.109
Sierra Leone,SLE,2006,186.536,52.491
Sierra Leone,SLE,2007,179.555,52.876
Sierra Leone,SLE,2008,172.435,53.554
Sierra Leone,SLE,2009,165.153,54.19
Sierra Leone,SLE,2010,157.88,54.971
Sierra Leone,SLE,2011,150.772,55.664
Sierra Leone,SLE,2012,144.093,56.367
Sierra Leone,SLE,2013,137.925,57.054
Sierra Leone,SLE,2014,135.928,55.838
Sierra Leone,SLE,2015,136.752,56.887
Sierra Leone,SLE,2016,121.754,58.751
Sierra Leone,SLE,2017,116.975,59.158
Sierra Leone,SLE,2018,112.444,59.866
Sierra Leone,SLE,2019,108.269,60.402
Sierra Leone,SLE,2020,104.354,60.521
Sierra Leone,SLE,2021,100.632,61.023
Sierra Leone,SLE,2022,97.095,
Sierra Leone,SLE,2023,93.772,
Sierra Leone,SLE,2024,90.5,
El Salvador,SLV,1955,224.315,
El Salvador,SLV,1956,219.301,
El Salvador,SLV,1957,214.153,
El Salvador,SLV,1958,209.603,
El Salvador,SLV,1959,205.215,
El Salvador,SLV,1960,200.875,
El Salvador,SLV,1961,196.463,
El Salvador,SLV,1962,192.378,
El Salvador,SLV,1963,188.035,
El Salvador,SLV,1964,183.782,
El Salvador,SLV,1965,179.682,
El Salvador,SLV,1966,175.539,
El Salvador,SLV,1967,171.242,
El Salvador,SLV,1968,167.171,
El Salvador,SLV,1969,162.927,
El Salvador,SLV,1970,158.583,
El Salvador,SLV,1971,154.268,
El Salvador,SLV,1972,149.714,
El Salvador,SLV,1973,144.945,
El Salvador,SLV,1974,140.067,
El Salvador,SLV,1975,134.881,
El Salvador,SLV,1976,129.465,
El Salvador,SLV,1977,123.895,
El Salvador,SLV,1978,118.314,
El Salvador,SLV,1979,112.669,
El Salvador,SLV,1980,127.467,
El Salvador,SLV,1981,101.378,
El Salvador,SLV,1982,95.795,
El Salvador,SLV,1983,90.335,
El Salvador,SLV,1984,85.0,
El Salvador,SLV,1985,79.951,
El Salvador,SLV,1986,75.233,
El Salvador,SLV,1987,70.837,
El Salvador,SLV,1988,66.819,
El Salvador,SLV,1989,63.023,
El Salvador,SLV,1990,59.539,
El Salvador,SLV,1991,56.214,
El Salvador,SLV,1992,53.04,
El Salvador,SLV,1993,49.975,
El Salvador,SLV,1994,47.018,
El Salvador,SLV,1995,44.18,
El Salvador,SLV,1996,41.445,
El Salvador,SLV,1997,38.864,
El Salvador,SLV,1998,36.448,
El Salvador,SLV,1999,34.236,
El Salvador,SLV,2000,32.186,71.646
El Salvador,SLV,2001,30.287,71.717
El Salvador,SLV,2002,28.566,73.273
El Salvador,SLV,2003,26.934,73.052
El Salvador,SLV,2004,25.415,73.293
El Salvador,SLV,2005,24.004,73.403
El Salvador,SLV,2006,22.697,73.705
El Salvador,SLV,2007,21.495,74.165
El Salvador,SLV,2008,20.378,74.41
El Salvador,SLV,2009,19.363,74.002
El Salvador,SLV,2010,18.434,74.563
El Salvador,SLV,2011,17.553,74.574
El Salvador,SLV,2012,16.739,75.273
El Salvador,SLV,2013,15.973,74.787
El Salvador,SLV,2014,15.27,73.856
El Salvador,SLV,2015,14.581,72.733
El Salvador,SLV,2016,13.932,73.587
El Salvador,SLV,2017,13.312,73.718
El Salvador,SLV,2018,12.735,74.651
El Salvador,SLV,2019,12.209,74.28
El Salvador,SLV,2020,11.699,72.064
El Salvador,SLV,2021,11.245,71.667
El Salvador,SLV,2022,10.826,
El Salvador,SLV,2023,10.43,
El Salvador,SLV,2024,10.047,
San Marino,SMR,1985,20.211,
San Marino,SMR,1986,18.407,
San Marino,SMR,1987,16.783,
San Marino,SMR,1988,15.25,
San Marino,SMR,1989,13.916,
San Marino,SMR,1990,12.686,
San Marino,SMR,1991,11.571,
San Marino,SMR,1992,10.569,
San Marino,SMR,1993,9.656,
San Marino,SMR,1994,8.842,
San Marino,SMR,1995,8.112,
San Marino,SMR,1996,7.422,
San Marino,SMR,1997,6.789,
San Marino,SMR,1998,6.228,
San Marino,SMR,1999,5.714,
San Marino,SMR,2000,5.25,
San Marino,SMR,2001,4.838,
San Marino,SMR,2002,4.47,
San Marino,SMR,2003,4.139,
San Marino,SMR,2004,3.835,
San Marino,SMR,2005,3.564,
San Marino,SMR,2006,3.325,
San Marino,SMR,2007,3.107,
San Marino,SMR,2008,2.912,
San Marino,SMR,2009,2.729,
San Marino,SMR,2010,2.562,
San Marino,SMR,2011,2.417,
San Marino,SMR,2012,2.269,
San Marino,SMR,2013,2.137,
San Marino,SMR,2014,2.017,
San Marino,SMR,2015,1.905,
San Marino,SMR,2016,1.802,
San Marino,SMR,2017,1.702,
San Marino,SMR,2018,1.615,
San Marino,SMR,2019,1.538,
San Marino,SMR,2020,1.469,
San Marino,SMR,2021,1.409,
San Marino,SMR,2022,1.36,
San Marino,SMR,2023,1.307,
San Marino,SMR,2024,1.26,
Somalia,SOM,1982,203.812,
Somalia,SOM,1983,200.069,
Somalia,SOM,1984,196.631,
Somalia,SOM,1985,193.896,
Somalia,SOM,1986,191.66,
Somalia,SOM,1987,189.556,
Somalia,SOM,1988,187.044,
Somalia,SOM,1989,184.049,
Somalia,SOM,1990,180.439,
Somalia,SOM,1991,366.547,
Somalia,SOM,1992,376.572,
Somalia,SOM,1993,368.271,
Somalia,SOM,1994,173.231,
Somalia,SOM,1995,173.23,
Somalia,SOM,1996,173.23,
Somalia,SOM,1997,173.23,
Somalia,SOM,1998,173.23,
Somalia,SOM,1999,173.23,
Somalia,SOM,2000,173.23,49.282
Somalia,SOM,2001,173.23,49.326
Somalia,SOM,2002,173.23,49.397
Somalia,SOM,2003,173.23,49.5
Somalia,SOM,2004,173.23,49.446
Somalia,SOM,2005,173.184,49.792
Somalia,SOM,2006,172.576,49.825
Somalia,SOM,2007,170.532,49.977
Somalia,SOM,2008,166.715,50.311
Somalia,SOM,2009,162.389,50.67
Somalia,SOM,2010,186.715,49.526
Somalia,SOM,2011,363.091,43.812
Somalia,SOM,2012,185.369,50.108
Somalia,SOM,2013,143.219,52.504
Somalia,SOM,2014,138.621,53.088
Somalia,SOM,2015,134.312,53.543
Somalia,SOM,2016,130.196,53.945
Somalia,SOM,2017,156.439,54.182
Somalia,SOM,2018,136.366,54.673
Somalia,SOM,2019,118.368,55.214
Somalia,SOM,2020,114.701,55.129
Somalia,SOM,2021,111.0,53.951
Somalia,SOM,2022,143.063,
Somalia,SOM,2023,104.29,
Somalia,SOM,2024,101.066,
Serbia,SRB,1984,40.738,
Serbia,SRB,1985,39.05,
Serbia,SRB,1986,37.758,
Serbia,SRB,1987,36.301,
Serbia,SRB,1988,34.003,
Serbia,SRB,1989,30.898,
Serbia,SRB,1990,27.985,
Serbia,SRB,1991,25.959,
Serbia,SRB,1992,24.549,
Serbia,SRB,1993,23.154,
Serbia,SRB,1994,21.459,
Serbia,SRB,1995,19.489,
Serbia,SRB,1996,17.388,
Serbia,SRB,1997,15.485,
Serbia,SRB,1998,14.096,
Serbia,SRB,1999,13.255,
Serbia,SRB,2000,12.659,71.497
Serbia,SRB,2001,12.061,72.282
Serbia,SRB,2002,11.368,72.317
Serbia,SRB,2003,10.555,72.448
Serbia,SRB,2004,9.711,72.654
Serbia,SRB,2005,8.975,72.784
Serbia,SRB,2006,8.465,73.381
Serbia,SRB,2007,8.144,73.577
Serbia,SRB,2008,7.934,73.83
Serbia,SRB,2009,7.764,73.974
Serbia,SRB,2010,7.591,74.273
Serbia,SRB,2011,7.374,74.549
Serbia,SRB,2012,7.117,74.842
Serbia,SRB,2013,6.839,75.229
Serbia,SRB,2014,6.555,75.321
Serbia,SRB,2015,6.295,75.279
Serbia,SRB,2016,6.082,75.68
Serbia,SRB,2017,5.907,75.571
Serbia,SRB,2018,5.761,75.884
Serbia,SRB,2019,5.63,75.917
Serbia,SRB,2020,5.516,74.433
Serbia,SRB,2021,5.418,72.809
Serbia,SRB,2022,5.357,
Serbia,SRB,2023,5.355,
Serbia,SRB,2024,5.408,
South Sudan,SSD,1954,368.358,
South Sudan,SSD,1955,365.61,
South Sudan,SSD,1956,362.94,
South Sudan,SSD,1957,360.308,
South Sudan,SSD,1958,357.437,
South Sudan,SSD,1959,355.132,
South Sudan,SSD,1960,352.618,
South Sudan,SSD,1961,349.95,
South Sudan,SSD,1962,347.189,
South Sudan,SSD,1963,388.328,
South Sudan,SSD,1964,341.178,
South Sudan,SSD,1965,338.307,
South Sudan,SSD,1966,410.861,
South Sudan,SSD,1967,407.031,
South Sudan,SSD,1968,403.47,
South Sudan,SSD,1969,409.385,
South Sudan,SSD,1970,405.248,
South Sudan,SSD,1971,317.696,
South Sudan,SSD,1972,314.278,
South Sudan,SSD,1973,311.002,
South Sudan,SSD,1974,307.231,
South Sudan,SSD,1975,303.854,
South Sudan,SSD,1976,300.594,
South Sudan,SSD,1977,297.082,
South Sudan,SSD,1978,293.15,
South Sudan,SSD,1979,289.44,
South Sudan,SSD,1980,286.009,
South Sudan,SSD,1981,282.591,
South Sudan,SSD,1982,279.207,
South Sudan,SSD,1983,275.947,
South Sudan,SSD,1984,272.471,
South Sudan,SSD,1985,268.72,
South Sudan,SSD,1986,264.974,
South Sudan,SSD,1987,357.834,
South Sudan,SSD,1988,780.939,
South Sudan,SSD,1989,305.68,
South Sudan,SSD,1990,301.296,
South Sudan,SSD,1991,295.618,
South Sudan,SSD,1992,337.126,
South Sudan,SSD,1993,330.591,
South Sudan,SSD,1994,227.621,
South Sudan,SSD,1995,267.972,
South Sudan,SSD,1996,259.714,
South Sudan,SSD,1997,250.901,
South Sudan,SSD,1998,430.799,
South Sudan,SSD,1999,189.029,
South Sudan,SSD,2000,180.053,51.9
South Sudan,SSD,2001,171.069,52.942
South Sudan,SSD,2002,162.24,53.719
South Sudan,SSD,2003,153.731,54.403
South Sudan,SSD,2004,145.814,55.244
South Sudan,SSD,2005,138.401,55.899
South Sudan,SSD,2006,131.451,56.353
South Sudan,SSD,2007,124.857,57.035
South Sudan,SSD,2008,118.681,57.679
South Sudan,SSD,2009,112.672,57.822
South Sudan,SSD,2010,107.158,58.752
South Sudan,SSD,2011,102.332,58.954
South Sudan,SSD,2012,98.916,59.311
South Sudan,SSD,2013,97.179,59.034
South Sudan,SSD,2014,182.629,59.093
South Sudan,SSD,2015,240.791,59.276
South Sudan,SSD,2016,272.881,59.186
South Sudan,SSD,2017,292.048,58.883
South Sudan,SSD,2018,133.715,58.861
South Sudan,SSD,2019,96.711,58.997
South Sudan,SSD,2020,96.711,58.945
South Sudan,SSD,2021,96.711,58.574
South Sudan,SSD,2022,96.711,
South Sudan,SSD,2023,96.711,
South Sudan,SSD,2024,96.711,
Sao Tome and Principe,STP,1965,95.395,
Sao Tome and Principe,STP,1966,92.559,
Sao Tome and Principe,STP,1967,90.078,
Sao Tome and Principe,STP,1968,88.024,
Sao Tome and Principe,STP,1969,86.816,
Sao Tome and Principe,STP,1970,86.143,
Sao Tome and Principe,STP,1971,86.244,
Sao Tome and Principe,STP,1972,86.652,
Sao Tome and Principe,STP,1973,87.281,
Sao Tome and Principe,STP,1974,87.956,
Sao Tome and Principe,STP,1975,88.607,
Sao Tome and Principe,STP,1976,89.152,
Sao Tome and Principe,STP,1977,89.618,
Sao Tome and Principe,STP,1978,90.121,
Sao Tome and Principe,STP,1979,90.724,
Sao Tome and Principe,STP,1980,91.474,
Sao Tome and Principe,STP,1981,92.82,
Sao Tome and Principe,STP,1982,94.382,
Sao Tome and Principe,STP,1983,96.24,
Sao Tome and Principe,STP,1984,98.467,
Sao Tome and Principe,STP,1985,100.653,
Sao Tome and Principe,STP,1986,114.75,
Sao Tome and Principe,STP,1987,104.769,
Sao Tome and Principe,STP,1988,106.357,
Sao Tome and Principe,STP,1989,107.715,
Sao Tome and Principe,STP,1990,108.71,
Sao Tome and Principe,STP,1991,109.435,
Sao Tome and Principe,STP,1992,109.41,
Sao Tome and Principe,STP,1993,108.729,
Sao Tome and Principe,STP,1994,107.15,
Sao Tome and Principe,STP,1995,104.66,
Sao Tome and Principe,STP,1996,101.395,
Sao Tome and Principe,STP,1997,97.383,
Sao Tome and Principe,STP,1998,92.719,
Sao Tome and Principe,STP,1999,87.631,
Sao Tome and Principe,STP,2000,82.167,63.129
Sao Tome and Principe,STP,2001,76.666,63.933
Sao Tome and Principe,STP,2002,71.063,64.654
Sao Tome and Principe,STP,2003,65.664,65.23
Sao Tome and Principe,STP,2004,60.504,65.71
Sao Tome and Principe,STP,2005,55.662,66.273
Sao Tome and Principe,STP,2006,51.098,66.785
Sao Tome and Principe,STP,2007,46.876,67.228
Sao Tome and Principe,STP,2008,43.056,67.688
Sao Tome and Principe,STP,2009,39.526,68.398
Sao Tome and Principe,STP,2010,36.237,68.818
Sao Tome and Principe,STP,2011,33.225,69.199
Sao Tome and Principe,STP,2012,30.423,69.538
Sao Tome and Principe,STP,2013,27.894,69.948
Sao Tome and Principe,STP,2014,25.516,70.264
Sao Tome and Principe,STP,2015,23.34,70.557
Sao Tome and Principe,STP,2016,21.331,70.897
Sao Tome and Principe,STP,2017,19.607,71.256
Sao Tome and Principe,STP,2018,18.206,71.44
Sao Tome and Principe,STP,2019,17.054,71.656
Sao Tome and Principe,STP,2020,16.127,71.252
Sao Tome and Principe,STP,2021,15.333,71.178
Sao Tome and Principe,STP,2022,14.72,
Sao Tome and Principe,STP,2023,14.096,
Sao Tome and Principe,STP,2024,13.554,
Suriname,SUR,1983,56.647,
Suriname,SUR,1984,54.786,
Suriname,SUR,1985,52.951,
Suriname,SUR,1986,51.252,
Suriname,SUR,1987,49.606,
Suriname,SUR,1988,47.957,
Suriname,SUR,1989,46.37,
Suriname,SUR,1990,44.811,
Suriname,SUR,1991,43.315,
Suriname,SUR,1992,41.814,
Suriname,SUR,1993,40.27,
Suriname,SUR,1994,38.795,
Suriname,SUR,1995,37.379,
Suriname,SUR,1996,35.984,
Suriname,SUR,1997,34.647,
Suriname,SUR,1998,33.386,
Suriname,SUR,1999,32.158,
Suriname,SUR,2000,31.048,70.559
Suriname,SUR,2001,29.972,70.475
Suriname,SUR,2002,28.995,70.416
Suriname,SUR,2003,28.082,70.503
Suriname,SUR,2004,27.238,70.801
Suriname,SUR,2005,26.468,71.23
Suriname,SUR,2006,25.74,71.693
Suriname,SUR,2007,25.052,72.065
Suriname,SUR,2008,24.415,72.206
Suriname,SUR,2009,23.806,72.618
Suriname,SUR,2010,23.245,72.795
Suriname,SUR,2011,22.696,73.116
Suriname,SUR,2012,22.168,73.346
Suriname,SUR,2013,21.646,73.148
Suriname,SUR,2014,21.125,73.054
Suriname,SUR,2015,20.594,72.979
Suriname,SUR,2016,20.073,73.093
Suriname,SUR,2017,19.471,73.209
Suriname,SUR,2018,18.94,73.086
Suriname,SUR,2019,18.404,73.023
Suriname,SUR,2020,17.883,72.802
Suriname,SUR,2021,17.35,69.784
Suriname,SUR,2022,16.771,
Suriname,SUR,2023,16.267,
Suriname,SUR,2024,15.793,
Slovakia,SVK,1949,142.817,
Slovakia,SVK,1950,121.698,
Slovakia,SVK,1951,103.633,
Slovakia,SVK,1952,88.579,
Slovakia,SVK,1953,76.244,
Slovakia,SVK,1954,66.242,
Slovakia,SVK,1955,58.166,
Slovakia,SVK,1956,51.729,
Slovakia,SVK,1957,46.585,
Slovakia,SVK,1958,42.441,
Slovakia,SVK,1959,39.152,
Slovakia,SVK,1960,36.556,
Slovakia,SVK,1961,34.577,
Slovakia,SVK,1962,33.109,
Slovakia,SVK,1963,32.077,
Slovakia,SVK,1964,31.357,
Slovakia,SVK,1965,30.848,
Slovakia,SVK,1966,30.477,
Slovakia,SVK,1967,30.184,
Slovakia,SVK,1968,29.951,
Slovakia,SVK,1969,29.738,
Slovakia,SVK,1970,29.52,
Slovakia,SVK,1971,29.224,
Slovakia,SVK,1972,28.863,
Slovakia,SVK,1973,28.4,
Slovakia,SVK,1974,27.838,
Slovakia,SVK,1975,27.16,
Slovakia,SVK,1976,26.373,
Slovakia,SVK,1977,25.505,
Slovakia,SVK,1978,24.576,
Slovakia,SVK,1979,23.62,
Slovakia,SVK,1980,22.656,
Slovakia,SVK,1981,21.726,
Slovakia,SVK,1982,20.822,
Slovakia,SVK,1983,19.937,
Slovakia,SVK,1984,19.052,
Slovakia,SVK,1985,18.184,
Slovakia,SVK,1986,17.338,
Slovakia,SVK,1987,16.549,
Slovakia,SVK,1988,15.863,
Slovakia,SVK,1989,15.277,
Slovakia,SVK,1990,14.741,
Slovakia,SVK,1991,14.203,
Slovakia,SVK,1992,13.65,
Slovakia,SVK,1993,13.091,
Slovakia,SVK,1994,12.536,
Slovakia,SVK,1995,11.989,
Slovakia,SVK,1996,11.454,
Slovakia,SVK,1997,10.939,
Slovakia,SVK,1998,10.459,
Slovakia,SVK,1999,10.018,
Slovakia,SVK,2000,9.637,73.323
Slovakia,SVK,2001,9.33,73.451
Slovakia,SVK,2002,9.076,73.723
Slovakia,SVK,2003,8.834,73.78
Slovakia,SVK,2004,8.584,74.147
Slovakia,SVK,2005,8.309,74.098
Slovakia,SVK,2006,8.005,74.364
Slovakia,SVK,2007,7.689,74.47
Slovakia,SVK,2008,7.388,74.825
Slovakia,SVK,2009,7.114,75.217
Slovakia,SVK,2010,6.882,75.449
Slovakia,SVK,2011,6.698,75.933
Slovakia,SVK,2012,6.554,76.133
Slovakia,SVK,2013,6.431,76.476
Slovakia,SVK,2014,6.317,76.834
Slovakia,SVK,2015,6.21,76.596
Slovakia,SVK,2016,6.105,77.151
Slovakia,SVK,2017,6.014,77.095
Slovakia,SVK,2018,5.949,77.196
Slovakia,SVK,2019,5.922,77.613
Slovakia,SVK,2020,5.933,76.869
Slovakia,SVK,2021,5.982,74.509
Slovakia,SVK,2022,6.063,
Slovakia,SVK,2023,6.168,
Slovakia,SVK,2024,6.286,
Slovenia,SVN,1981,17.769,
Slovenia,SVN,1982,16.912,
Slovenia,SVN,1983,16.1,
Slovenia,SVN,1984,15.276,
Slovenia,SVN,1985,14.433,
Slovenia,SVN,1986,13.577,
Slovenia,SVN,1987,12.73,
Slovenia,SVN,1988,11.899,
Slovenia,SVN,1989,11.109,
Slovenia,SVN,1990,10.372,
Slovenia,SVN,1991,9.683,
Slovenia,SVN,1992,9.036,
Slovenia,SVN,1993,8.427,
Slovenia,SVN,1994,7.864,
Slovenia,SVN,1995,7.349,
Slovenia,SVN,1996,6.881,
Slovenia,SVN,1997,6.462,
Slovenia,SVN,1998,6.09,
Slovenia,SVN,1999,5.753,
Slovenia,SVN,2000,5.446,76.054
Slovenia,SVN,2001,5.163,76.224
Slovenia,SVN,2002,4.903,76.504
Slovenia,SVN,2003,4.656,76.344
Slovenia,SVN,2004,4.421,77.109
Slovenia,SVN,2005,4.193,77.441
Slovenia,SVN,2006,3.972,78.04
Slovenia,SVN,2007,3.761,78.213
Slovenia,SVN,2008,3.561,78.9
Slovenia,SVN,2009,3.376,79.051
Slovenia,SVN,2010,3.208,79.546
Slovenia,SVN,2011,3.057,79.85
Slovenia,SVN,2012,2.923,79.891
Slovenia,SVN,2013,2.806,80.137
Slovenia,SVN,2014,2.704,80.785
Slovenia,SVN,2015,2.617,80.463
Slovenia,SVN,2016,2.545,80.817
Slovenia,SVN,2017,2.488,80.79
Slovenia,SVN,2018,2.44,80.959
Slovenia,SVN,2019,2.401,81.285
Slovenia,SVN,2020,2.368,80.336
Slovenia,SVN,2021,2.341,80.415
Slovenia,SVN,2022,2.314,
Slovenia,SVN,2023,2.29,
Slovenia,SVN,2024,2.259,
Sweden,SWE,1950,27.113,
Sweden,SWE,1951,25.651,
Sweden,SWE,1952,24.342,
Sweden,SWE,1953,23.234,
Sweden,SWE,1954,22.349,
Sweden,SWE,1955,21.646,
Sweden,SWE,1956,21.083,
Sweden,SWE,1957,20.623,
Sweden,SWE,1958,20.243,
Sweden,SWE,1959,19.911,
Sweden,SWE,1960,19.56,
Sweden,SWE,1961,19.143,
Sweden,SWE,1962,18.605,
Sweden,SWE,1963,17.92,
Sweden,SWE,1964,17.106,
Sweden,SWE,1965,16.278,
Sweden,SWE,1966,15.546,
Sweden,SWE,1967,14.922,
Sweden,SWE,1968,14.381,
Sweden,SWE,1969,13.884,
Sweden,SWE,1970,13.388,
Sweden,SWE,1971,12.845,
Sweden,SWE,1972,12.249,
Sweden,SWE,1973,11.607,
Sweden,SWE,1974,10.951,
Sweden,SWE,1975,10.345,
Sweden,SWE,1976,9.831,
Sweden,SWE,1977,9.406,
Sweden,SWE,1978,9.042,
Sweden,SWE,1979,8.723,
Sweden,SWE,1980,8.444,
Sweden,SWE,1981,8.203,
Sweden,SWE,1982,8.001,
Sweden,SWE,1983,7.837,
Sweden,SWE,1984,7.709,
Sweden,SWE,1985,7.604,
Sweden,SWE,1986,7.514,
Sweden,SWE,1987,7.426,
Sweden,SWE,1988,7.326,
Sweden,SWE,1989,7.193,
Sweden,SWE,1990,6.969,
Sweden,SWE,1991,6.613,
Sweden,SWE,1992,6.164,
Sweden,SWE,1993,5.686,
Sweden,SWE,1994,5.23,
Sweden,SWE,1995,4.844,
Sweden,SWE,1996,4.554,
Sweden,SWE,1997,4.355,
Sweden,SWE,1998,4.228,
Sweden,SWE,1999,4.151,
Sweden,SWE,2000,4.099,79.574
Sweden,SWE,2001,4.047,79.669
Sweden,SWE,2002,3.977,79.757
Sweden,SWE,2003,3.875,80.006
Sweden,SWE,2004,3.742,80.352
Sweden,SWE,2005,3.594,80.424
Sweden,SWE,2006,3.452,80.631
Sweden,SWE,2007,3.323,80.773
Sweden,SWE,2008,3.213,80.928
Sweden,SWE,2009,3.128,81.148
Sweden,SWE,2010,3.062,81.305
Sweden,SWE,2011,3.012,81.523
Sweden,SWE,2012,2.973,81.466
Sweden,SWE,2013,2.939,81.641
Sweden,SWE,2014,2.905,81.928
Sweden,SWE,2015,2.865,81.742
Sweden,SWE,2016,2.817,82.009
Sweden,SWE,2017,2.76,82.085
Sweden,SWE,2018,2.701,82.202
Sweden,SWE,2019,2.642,82.714
Sweden,SWE,2020,2.588,82.082
Sweden,SWE,2021,2.538,82.665
Sweden,SWE,2022,2.494,
Sweden,SWE,2023,2.45,
Sweden,SWE,2024,2.406,
Eswatini,SWZ,1949,243.227,
Eswatini,SWZ,1950,239.936,
Eswatini,SWZ,1951,236.618,
Eswatini,SWZ,1952,233.421,
Eswatini,SWZ,1953,230.551,
Eswatini,SWZ,1954,227.354,
Eswatini,SWZ,1955,224.434,
Eswatini,SWZ,1956,221.345,
Eswatini,SWZ,1957,218.377,
Eswatini,SWZ,1958,215.233,
Eswatini,SWZ,1959,212.032,
Eswatini,SWZ,1960,208.927,
Eswatini,SWZ,1961,205.765,
Eswatini,SWZ,1962,202.296,
Eswatini,SWZ,1963,198.609,
Eswatini,SWZ,1964,194.876,
Eswatini,SWZ,1965,190.918,
Eswatini,SWZ,1966,186.935,
Eswatini,SWZ,1967,182.951,
Eswatini,SWZ,1968,178.842,
Eswatini,SWZ,1969,174.48,
Eswatini,SWZ,1970,169.926,
Eswatini,SWZ,1971,164.988,
Eswatini,SWZ,1972,159.695,
Eswatini,SWZ,1973,154.088,
Eswatini,SWZ,1974,148.097,
Eswatini,SWZ,1975,142.085,
Eswatini,SWZ,1976,135.982,
Eswatini,SWZ,1977,130.165,
Eswatini,SWZ,1978,124.603,
Eswatini,SWZ,1979,118.94,
Eswatini,SWZ,1980,113.346,
Eswatini,SWZ,1981,107.761,
Eswatini,SWZ,1982,102.03,
Eswatini,SWZ,1983,107.031,
Eswatini,SWZ,1984,90.623,
Eswatini,SWZ,1985,85.188,
Eswatini,SWZ,1986,80.186,
Eswatini,SWZ,1987,75.695,
Eswatini,SWZ,1988,71.745,
Eswatini,SWZ,1989,68.536,
Eswatini,SWZ,1990,66.272,
Eswatini,SWZ,1991,65.533,
Eswatini,SWZ,1992,66.669,
Eswatini,SWZ,1993,69.978,
Eswatini,SWZ,1994,75.255,
Eswatini,SWZ,1995,81.266,
Eswatini,SWZ,1996,88.438,
Eswatini,SWZ,1997,95.436,
Eswatini,SWZ,1998,101.884,
Eswatini,SWZ,1999,107.614,
Eswatini,SWZ,2000,112.497,46.777
Eswatini,SWZ,2001,115.677,44.974
Eswatini,SWZ,2002,116.972,43.639
Eswatini,SWZ,2003,117.921,42.593
Eswatini,SWZ,2004,118.029,41.874
Eswatini,SWZ,2005,116.994,41.78
Eswatini,SWZ,2006,106.387,42.741
Eswatini,SWZ,2007,100.324,43.596
Eswatini,SWZ,2008,97.881,44.275
Eswatini,SWZ,2009,92.437,45.047
Eswatini,SWZ,2010,82.133,46.388
Eswatini,SWZ,2011,67.563,48.076
Eswatini,SWZ,2012,62.67,49.108
Eswatini,SWZ,2013,59.664,49.978
Eswatini,SWZ,2014,59.968,50.934
Eswatini,SWZ,2015,57.512,52.113
Eswatini,SWZ,2016,54.36,53.133
Eswatini,SWZ,2017,53.584,53.809
Eswatini,SWZ,2018,50.357,54.737
Eswatini,SWZ,2019,51.491,55.747
Eswatini,SWZ,2020,50.498,55.968
Eswatini,SWZ,2021,47.875,54.593
Eswatini,SWZ,2022,47.283,
Eswatini,SWZ,2023,46.214,
Eswatini,SWZ,2024,45.118,
Seychelles,SYC,1943,119.129,
Seychelles,SYC,1944,118.903,
Seychelles,SYC,1945,118.541,
Seychelles,SYC,1946,118.403,
Seychelles,SYC,1947,118.088,
Seychelles,SYC,1948,117.771,
Seychelles,SYC,1949,117.108,
Seychelles,SYC,1950,116.246,
Seychelles,SYC,1951,115.294,
Seychelles,SYC,1952,114.105,
Seychelles,SYC,1953,113.026,
Seychelles,SYC,1954,111.787,
Seychelles,SYC,1955,110.557,
Seychelles,SYC,1956,109.253,
Seychelles,SYC,1957,108.034,
Seychelles,SYC,1958,106.853,
Seychelles,SYC,1959,105.614,
Seychelles,SYC,1960,104.253,
Seychelles,SYC,1961,102.815,
Seychelles,SYC,1962,101.181,
Seychelles,SYC,1963,99.564,
Seychelles,SYC,1964,97.598,
Seychelles,SYC,1965,95.218,
Seychelles,SYC,1966,92.403,
Seychelles,SYC,1967,89.011,
Seychelles,SYC,1968,85.077,
Seychelles,SYC,1969,80.608,
Seychelles,SYC,1970,75.806,
Seychelles,SYC,1971,70.872,
Seychelles,SYC,1972,65.904,
Seychelles,SYC,1973,60.857,
Seychelles,SYC,1974,55.811,
Seychelles,SYC,1975,50.854,
Seychelles,SYC,1976,45.991,
Seychelles,SYC,1977,41.407,
Seychelles,SYC,1978,37.172,
Seychelles,SYC,1979,33.377,
Seychelles,SYC,1980,30.134,
Seychelles,SYC,1981,27.375,
Seychelles,SYC,1982,25.074,
Seychelles,SYC,1983,23.179,
Seychelles,SYC,1984,21.619,
Seychelles,SYC,1985,20.346,
Seychelles,SYC,1986,19.289,
Seychelles,SYC,1987,18.395,
Seychelles,SYC,1988,17.597,
Seychelles,SYC,1989,16.911,
Seychelles,SYC,1990,16.305,
Seychelles,SYC,1991,15.77,
Seychelles,SYC,1992,15.304,
Seychelles,SYC,1993,14.919,
Seychelles,SYC,1994,14.601,
Seychelles,SYC,1995,14.34,
Seychelles,SYC,1996,14.132,
Seychelles,SYC,1997,13.991,
Seychelles,SYC,1998,13.881,
Seychelles,SYC,1999,13.811,
Seychelles,SYC,2000,13.776,72.105
Seychelles,SYC,2001,13.756,72.228
Seychelles,SYC,2002,13.746,72.12
Seychelles,SYC,2003,13.757,72.026
Seychelles,SYC,2004,13.776,72.215
Seychelles,SYC,2005,13.805,72.358
Seychelles,SYC,2006,13.841,72.358
Seychelles,SYC,2007,13.894,72.473
Seychelles,SYC,2008,13.949,72.662
Seychelles,SYC,2009,14.011,72.846
Seychelles,SYC,2010,14.089,73.119
Seychelles,SYC,2011,14.185,73.3
Seychelles,SYC,2012,14.281,73.254
Seychelles,SYC,2013,14.379,73.288
Seychelles,SYC,2014,14.475,73.238
Seychelles,SYC,2015,14.564,73.162
Seychelles,SYC,2016,14.65,73.075
Seychelles,SYC,2017,14.714,73.094
Seychelles,SYC,2018,14.787,73.081
Seychelles,SYC,2019,14.833,73.124
Seychelles,SYC,2020,14.829,77.264
Seychelles,SYC,2021,14.722,74.012
Seychelles,SYC,2022,14.534,
Seychelles,SYC,2023,14.263,
Seychelles,SYC,2024,13.959,
Syrian Arab Republic,SYR,1953,262.989,
Syrian Arab Republic,SYR,1954,246.785,
Syrian Arab Republic,SYR,1955,231.612,
Syrian Arab Republic,SYR,1956,217.752,
Syrian Arab Republic,SYR,1957,204.953,
Syrian Arab Republic,SYR,1958,193.341,
Syrian Arab Republic,SYR,1959,182.571,
Syrian Arab Republic,SYR,1960,172.812,
Syrian Arab Republic,SYR,1961,163.865,
Syrian Arab Republic,SYR,1962,155.901,
Syrian Arab Republic,SYR,1963,148.759,
Syrian Arab Republic,SYR,1964,142.127,
Syrian Arab Republic,SYR,1965,135.717,
Syrian Arab Republic,SYR,1966,129.547,
Syrian Arab Republic,SYR,1967,123.233,
Syrian Arab Republic,SYR,1968,116.93,
Syrian Arab Republic,SYR,1969,110.784,
Syrian Arab Republic,SYR,1970,104.829,
Syrian Arab Republic,SYR,1971,99.124,
Syrian Arab Republic,SYR,1972,93.863,
Syrian Arab Republic,SYR,1973,88.94,
Syrian Arab Republic,SYR,1974,84.33,
Syrian Arab Republic,SYR,1975,79.933,
Syrian Arab Republic,SYR,1976,75.684,
Syrian Arab Republic,SYR,1977,71.501,
Syrian Arab Republic,SYR,1978,67.503,
Syrian Arab Republic,SYR,1979,63.7,
Syrian Arab Republic,SYR,1980,60.142,
Syrian Arab Republic,SYR,1981,63.381,
Syrian Arab Republic,SYR,1982,71.018,
Syrian Arab Republic,SYR,1983,50.931,
Syrian Arab Republic,SYR,1984,48.365,
Syrian Arab Republic,SYR,1985,46.032,
Syrian Arab Republic,SYR,1986,43.884,
Syrian Arab Republic,SYR,1987,41.946,
Syrian Arab Republic,SYR,1988,40.162,
Syrian Arab Republic,SYR,1989,38.489,
Syrian Arab Republic,SYR,1990,36.915,
Syrian Arab Republic,SYR,1991,35.335,
Syrian Arab Republic,SYR,1992,33.773,
Syrian Arab Republic,SYR,1993,32.228,
Syrian Arab Republic,SYR,1994,30.713,
Syrian Arab Republic,SYR,1995,29.221,
Syrian Arab Republic,SYR,1996,27.794,
Syrian Arab Republic,SYR,1997,26.461,
Syrian Arab Republic,SYR,1998,25.244,
Syrian Arab Republic,SYR,1999,24.138,
Syrian Arab Republic,SYR,2000,23.135,71.087
Syrian Arab Republic,SYR,2001,22.232,71.765
Syrian Arab Republic,SYR,2002,21.432,72.008
Syrian Arab Republic,SYR,2003,20.772,72.657
Syrian Arab Republic,SYR,2004,20.22,72.882
Syrian Arab Republic,SYR,2005,19.757,73.233
Syrian Arab Republic,SYR,2006,19.394,73.38
Syrian Arab Republic,SYR,2007,19.092,73.624
Syrian Arab Republic,SYR,2008,18.915,73.548
Syrian Arab Republic,SYR,2009,18.803,73.738
Syrian Arab Republic,SYR,2010,18.818,73.762
Syrian Arab Republic,SYR,2011,21.593,71.884
Syrian Arab Republic,SYR,2012,34.16,65.0
Syrian Arab Republic,SYR,2013,36.872,64.686
Syrian Arab Republic,SYR,2014,35.508,60.241
Syrian Arab Republic,SYR,2015,37.133,60.006
Syrian Arab Republic,SYR,2016,32.173,60.125
Syrian Arab Republic,SYR,2017,32.876,59.236
Syrian Arab Republic,SYR,2018,32.456,64.304
Syrian Arab Republic,SYR,2019,24.558,69.175
Syrian Arab Republic,SYR,2020,21.888,71.998
Syrian Arab Republic,SYR,2021,20.456,72.438
Syrian Arab Republic,SYR,2022,20.687,
Syrian Arab Republic,SYR,2023,20.115,
Syrian Arab Republic,SYR,2024,18.443,
Turks and Caicos Islands,TCA,1959,147.266,
Turks and Caicos Islands,TCA,1960,137.248,
Turks and Caicos Islands,TCA,1961,128.038,
Turks and Caicos Islands,TCA,1962,119.431,
Turks and Caicos Islands,TCA,1963,111.388,
Turks and Caicos Islands,TCA,1964,103.861,
Turks and Caicos Islands,TCA,1965,96.999,
Turks and Caicos Islands,TCA,1966,90.599,
Turks and Caicos Islands,TCA,1967,84.565,
Turks and Caicos Islands,TCA,1968,79.063,
Turks and Caicos Islands,TCA,1969,73.938,
Turks and Caicos Islands,TCA,1970,69.229,
Turks and Caicos Islands,TCA,1971,64.838,
Turks and Caicos Islands,TCA,1972,60.729,
Turks and Caicos Islands,TCA,1973,56.912,
Turks and Caicos Islands,TCA,1974,53.362,
Turks and Caicos Islands,TCA,1975,50.07,
Turks and Caicos Islands,TCA,1976,47.088,
Turks and Caicos Islands,TCA,1977,44.297,
Turks and Caicos Islands,TCA,1978,41.645,
Turks and Caicos Islands,TCA,1979,39.215,
Turks and Caicos Islands,TCA,1980,36.955,
Turks and Caicos Islands,TCA,1981,34.778,
Turks and Caicos Islands,TCA,1982,32.794,
Turks and Caicos Islands,TCA,1983,30.977,
Turks and Caicos Islands,TCA,1984,29.289,
Turks and Caicos Islands,TCA,1985,27.617,
Turks and Caicos Islands,TCA,1986,26.12,
Turks and Caicos Islands,TCA,1987,24.652,
Turks and Caicos Islands,TCA,1988,23.284,
Turks and Caicos Islands,TCA,1989,22.014,
Turks and Caicos Islands,TCA,1990,20.798,
Turks and Caicos Islands,TCA,1991,19.674,
Turks and Caicos Islands,TCA,1992,18.586,
Turks and Caicos Islands,TCA,1993,17.578,
Turks and Caicos Islands,TCA,1994,16.621,
Turks and Caicos Islands,TCA,1995,15.69,
Turks and Caicos Islands,TCA,1996,14.801,
Turks and Caicos Islands,TCA,1997,13.978,
Turks and Caicos Islands,TCA,1998,13.201,
Turks and Caicos Islands,TCA,1999,12.464,
Turks and Caicos Islands,TCA,2000,11.742,
Turks and Caicos Islands,TCA,2001,11.083,
Turks and Caicos Islands,TCA,2002,10.459,
Turks and Caicos Islands,TCA,2003,9.884,
Turks and Caicos Islands,TCA,2004,9.362,
Turks and Caicos Islands,TCA,2005,8.904,
Turks and Caicos Islands,TCA,2006,8.504,
Turks and Caicos Islands,TCA,2007,8.134,
Turks and Caicos Islands,TCA,2008,7.803,
Turks and Caicos Islands,TCA,2009,7.514,
Turks and Caicos Islands,TCA,2010,7.257,
Turks and Caicos Islands,TCA,2011,7.006,
Turks and Caicos Islands,TCA,2012,6.793,
Turks and Caicos Islands,TCA,2013,6.581,
Turks and Caicos Islands,TCA,2014,6.387,
Turks and Caicos Islands,TCA,2015,6.21,
Turks and Caicos Islands,TCA,2016,6.013,
Turks and Caicos Islands,TCA,2017,5.826,
Turks and Caicos Islands,TCA,2018,5.641,
Turks and Caicos Islands,TCA,2019,5.475,
Turks and Caicos Islands,TCA,2020,5.299,
Turks and Caicos Islands,TCA,2021,5.13,
Turks and Caicos Islands,TCA,2022,4.959,
Turks and Caicos Islands,TCA,2023,4.805,
Turks and Caicos Islands,TCA,2024,4.653,
Chad,TCD,1944,287.054,
Chad,TCD,1945,285.72,
Chad,TCD,1946,284.256,
Chad,TCD,1947,282.82,
Chad,TCD,1948,281.425,
Chad,TCD,1949,280.011,
Chad,TCD,1950,278.674,
Chad,TCD,1951,277.346,
Chad,TCD,1952,276.109,
Chad,TCD,1953,275.035,
Chad,TCD,1954,273.978,
Chad,TCD,1955,273.041,
Chad,TCD,1956,272.089,
Chad,TCD,1957,270.976,
Chad,TCD,1958,269.859,
Chad,TCD,1959,268.721,
Chad,TCD,1960,267.644,
Chad,TCD,1961,266.604,
Chad,TCD,1962,265.291,
Chad,TCD,1963,264.125,
Chad,TCD,1964,263.094,
Chad,TCD,1965,261.72,
Chad,TCD,1966,260.489,
Chad,TCD,1967,259.124,
Chad,TCD,1968,257.733,
Chad,TCD,1969,256.374,
Chad,TCD,1970,254.878,
Chad,TCD,1971,253.46,
Chad,TCD,1972,252.047,
Chad,TCD,1973,250.743,
Chad,TCD,1974,249.2,
Chad,TCD,1975,247.739,
Chad,TCD,1976,245.993,
Chad,TCD,1977,244.339,
Chad,TCD,1978,242.728,
Chad,TCD,1979,240.937,
Chad,TCD,1980,238.881,
Chad,TCD,1981,236.595,
Chad,TCD,1982,234.208,
Chad,TCD,1983,231.614,
Chad,TCD,1984,228.897,
Chad,TCD,1985,226.051,
Chad,TCD,1986,223.286,
Chad,TCD,1987,220.394,
Chad,TCD,1988,217.399,
Chad,TCD,1989,214.321,
Chad,TCD,1990,211.406,
Chad,TCD,1991,208.448,
Chad,TCD,1992,205.535,
Chad,TCD,1993,202.815,
Chad,TCD,1994,200.183,
Chad,TCD,1995,197.506,
Chad,TCD,1996,194.726,
Chad,TCD,1997,191.926,
Chad,TCD,1998,188.963,
Chad,TCD,1999,185.773,
Chad,TCD,2000,182.433,51.169
Chad,TCD,2001,179.021,51.592
Chad,TCD,2002,175.614,51.795
Chad,TCD,2003,172.28,52.107
Chad,TCD,2004,168.844,52.485
Chad,TCD,2005,165.395,52.946
Chad,TCD,2006,161.785,53.093
Chad,TCD,2007,158.101,53.973
Chad,TCD,2008,154.344,54.403
Chad,TCD,2009,150.519,55.194
Chad,TCD,2010,146.705,55.723
Chad,TCD,2011,142.933,56.178
Chad,TCD,2012,139.265,56.604
Chad,TCD,2013,135.788,57.015
Chad,TCD,2014,132.277,57.465
Chad,TCD,2015,128.695,57.846
Chad,TCD,2016,124.975,58.317
Chad,TCD,2017,121.357,58.61
Chad,TCD,2018,117.603,58.958
Chad,TCD,2019,113.979,59.374
Chad,TCD,2020,110.586,59.212
Chad,TCD,2021,107.252,59.086
Chad,TCD,2022,103.876,
Chad,TCD,2023,100.581,
Chad,TCD,2024,97.258,
Togo,TGO,1944,290.582,
Togo,TGO,1945,288.966,
Togo,TGO,1946,287.127,
Togo,TGO,1947,285.436,
Togo,TGO,1948,283.53,
Togo,TGO,1949,281.629,
Togo,TGO,1950,279.824,
Togo,TGO,1951,278.152,
Togo,TGO,1952,276.3,
Togo,TGO,1953,274.394,
Togo,TGO,1954,272.627,
Togo,TGO,1955,270.733,
Togo,TGO,1956,268.663,
Togo,TGO,1957,266.554,
Togo,TGO,1958,264.326,
Togo,TGO,1959,262.062,
Togo,TGO,1960,259.722,
Togo,TGO,1961,257.028,
Togo,TGO,1962,254.391,
Togo,TGO,1963,251.395,
Togo,TGO,1964,248.337,
Togo,TGO,1965,244.949,
Togo,TGO,1966,241.348,
Togo,TGO,1967,237.596,
Togo,TGO,1968,233.609,
Togo,TGO,1969,229.442,
Togo,TGO,1970,225.056,
Togo,TGO,1971,220.515,
Togo,TGO,1972,215.992,
Togo,TGO,1973,211.368,
Togo,TGO,1974,206.668,
Togo,TGO,1975,202.054,
Togo,TGO,1976,197.367,
Togo,TGO,1977,192.766,
Togo,TGO,1978,188.156,
Togo,TGO,1979,183.71,
Togo,TGO,1980,179.341,
Togo,TGO,1981,175.207,
Togo,TGO,1982,171.136,
Togo,TGO,1983,167.281,
Togo,TGO,1984,163.657,
Togo,TGO,1985,160.234,
Togo,TGO,1986,157.172,
Togo,TGO,1987,154.364,
Togo,TGO,1988,151.826,
Togo,TGO,1989,149.466,
Togo,TGO,1990,147.334,
Togo,TGO,1991,145.227,
Togo,TGO,1992,143.087,
Togo,TGO,1993,140.845,
Togo,TGO,1994,138.463,
Togo,TGO,1995,135.747,
Togo,TGO,1996,132.773,
Togo,TGO,1997,129.58,
Togo,TGO,1998,126.215,
Togo,TGO,1999,122.762,
Togo,TGO,2000,119.237,56.078
Togo,TGO,2001,115.721,56.112
Togo,TGO,2002,112.165,56.215
Togo,TGO,2003,108.787,56.352
Togo,TGO,2004,105.468,56.748
Togo,TGO,2005,102.363,56.959
Togo,TGO,2006,99.328,57.514
Togo,TGO,2007,96.471,57.691
Togo,TGO,2008,93.666,57.968
Togo,TGO,2009,90.934,58.509
Togo,TGO,2010,88.259,59.157
Togo,TGO,2011,85.561,59.795
Togo,TGO,2012,82.871,60.309
Togo,TGO,2013,80.209,60.712
Togo,TGO,2014,77.671,61.09
Togo,TGO,2015,75.189,61.522
Togo,TGO,2016,72.794,62.011
Togo,TGO,2017,70.428,62.553
Togo,TGO,2018,68.131,63.079
Togo,TGO,2019,65.961,63.649
Togo,TGO,2020,63.942,63.849
Togo,TGO,2021,61.971,63.865
Togo,TGO,2022,60.034,
Togo,TGO,2023,58.069,
Togo,TGO,2024,56.128,
Thailand,THA,1949,214.571,
Thailand,THA,1950,207.377,
Thailand,THA,1951,200.309,
Thailand,THA,1952,193.454,
Thailand,THA,1953,186.863,
Thailand,THA,1954,180.623,
Thailand,THA,1955,174.573,
Thailand,THA,1956,168.764,
Thailand,THA,1957,163.208,
Thailand,THA,1958,157.777,
Thailand,THA,1959,152.546,
Thailand,THA,1960,147.484,
Thailand,THA,1961,142.465,
Thailand,THA,1962,137.531,
Thailand,THA,1963,132.658,
Thailand,THA,1964,127.981,
Thailand,THA,1965,123.355,
Thailand,THA,1966,118.752,
Thailand,THA,1967,114.033,
Thailand,THA,1968,109.326,
Thailand,THA,1969,104.577,
Thailand,THA,1970,99.755,
Thailand,THA,1971,94.989,
Thailand,THA,1972,90.373,
Thailand,THA,1973,85.845,
Thailand,THA,1974,81.556,
Thailand,THA,1975,77.526,
Thailand,THA,1976,73.757,
Thailand,THA,1977,70.228,
Thailand,THA,1978,66.906,
Thailand,THA,1979,63.772,
Thailand,THA,1980,60.83,
Thailand,THA,1981,58.04,
Thailand,THA,1982,55.414,
Thailand,THA,1983,52.853,
Thailand,THA,1984,50.393,
Thailand,THA,1985,48.018,
Thailand,THA,1986,45.701,
Thailand,THA,1987,43.428,
Thailand,THA,1988,41.203,
Thailand,THA,1989,39.005,
Thailand,THA,1990,36.873,
Thailand,THA,1991,34.819,
Thailand,THA,1992,32.913,
Thailand,THA,1993,31.15,
Thailand,THA,1994,29.512,
Thailand,THA,1995,27.994,
Thailand,THA,1996,26.58,
Thailand,THA,1997,25.248,
Thailand,THA,1998,23.99,
Thailand,THA,1999,22.812,
Thailand,THA,2000,21.714,71.012
Thailand,THA,2001,20.691,71.729
Thailand,THA,2002,19.742,71.714
Thailand,THA,2003,18.859,72.04
Thailand,THA,2004,18.025,72.041
Thailand,THA,2005,17.248,72.836
Thailand,THA,2006,16.525,73.409
Thailand,THA,2007,15.852,73.937
Thailand,THA,2008,15.226,74.464
Thailand,THA,2009,14.657,75.052
Thailand,THA,2010,14.117,75.291
Thailand,THA,2011,13.614,75.719
Thailand,THA,2012,13.14,76.18
Thailand,THA,2013,12.689,76.544
Thailand,THA,2014,12.267,76.757
Thailand,THA,2015,11.86,76.97
Thailand,THA,2016,11.48,76.998
Thailand,THA,2017,11.108,77.229
Thailand,THA,2018,10.761,77.149
Thailand,THA,2019,10.417,76.925
Thailand,THA,2020,10.086,76.505
Thailand,THA,2021,9.789,75.29
Thailand,THA,2022,9.499,
Thailand,THA,2023,9.221,
Thailand,THA,2024,8.963,
Tajikistan,TJK,1972,153.736,
Tajikistan,TJK,1973,148.334,
Tajikistan,TJK,1974,143.113,
Tajikistan,TJK,1975,138.582,
Tajikistan,TJK,1976,134.574,
Tajikistan,TJK,1977,131.434,
Tajikistan,TJK,1978,128.765,
Tajikistan,TJK,1979,127.141,
Tajikistan,TJK,1980,126.003,
Tajikistan,TJK,1981,125.065,
Tajikistan,TJK,1982,123.462,
Tajikistan,TJK,1983,121.119,
Tajikistan,TJK,1984,117.895,
Tajikistan,TJK,1985,113.901,
Tajikistan,TJK,1986,109.488,
Tajikistan,TJK,1987,104.761,
Tajikistan,TJK,1988,100.688,
Tajikistan,TJK,1989,98.652,
Tajikistan,TJK,1990,99.241,
Tajikistan,TJK,1991,101.549,
Tajikistan,TJK,1992,105.094,
Tajikistan,TJK,1993,108.251,
Tajikistan,TJK,1994,109.441,
Tajikistan,TJK,1995,107.647,
Tajikistan,TJK,1996,103.43,
Tajikistan,TJK,1997,97.959,
Tajikistan,TJK,1998,91.735,
Tajikistan,TJK,1999,85.037,
Tajikistan,TJK,2000,78.372,65.647
Tajikistan,TJK,2001,71.806,66.357
Tajikistan,TJK,2002,65.565,66.945
Tajikistan,TJK,2003,59.776,67.571
Tajikistan,TJK,2004,54.618,67.998
Tajikistan,TJK,2005,50.303,68.164
Tajikistan,TJK,2006,46.594,68.489
Tajikistan,TJK,2007,43.603,68.674
Tajikistan,TJK,2008,41.234,69.037
Tajikistan,TJK,2009,39.283,69.345
Tajikistan,TJK,2010,37.635,69.922
Tajikistan,TJK,2011,36.231,70.425
Tajikistan,TJK,2012,35.042,70.972
Tajikistan,TJK,2013,33.969,71.759
Tajikistan,TJK,2014,33.015,72.021
Tajikistan,TJK,2015,32.214,72.372
Tajikistan,TJK,2016,31.537,72.724
Tajikistan,TJK,2017,31.025,73.189
Tajikistan,TJK,2018,30.684,73.496
Tajikistan,TJK,2019,30.371,73.81
Tajikistan,TJK,2020,30.096,70.556
Tajikistan,TJK,2021,29.775,71.815
Tajikistan,TJK,2022,29.357,
Tajikistan,TJK,2023,28.757,
Tajikistan,TJK,2024,28.126,
Turkmenistan,TKM,1977,130.318,
Turkmenistan,TKM,1978,125.714,
Turkmenistan,TKM,1979,121.109,
Turkmenistan,TKM,1980,116.569,
Turkmenistan,TKM,1981,112.081,
Turkmenistan,TKM,1982,107.354,
Turkmenistan,TKM,1983,102.637,
Turkmenistan,TKM,1984,98.02,
Turkmenistan,TKM,1985,93.554,
Turkmenistan,TKM,1986,89.298,
Turkmenistan,TKM,1987,85.539,
Turkmenistan,TKM,1988,82.296,
Turkmenistan,TKM,1989,79.702,
Turkmenistan,TKM,1990,77.86,
Turkmenistan,TKM,1991,77.165,
Turkmenistan,TKM,1992,77.151,
Turkmenistan,TKM,1993,77.493,
Turkmenistan,TKM,1994,77.948,
Turkmenistan,TKM,1995,78.011,
Turkmenistan,TKM,1996,77.683,
Turkmenistan,TKM,1997,76.475,
Turkmenistan,TKM,1998,74.547,
Turkmenistan,TKM,1999,71.878,
Turkmenistan,TKM,2000,68.736,65.569
Turkmenistan,TKM,2001,65.379,65.948
Turkmenistan,TKM,2002,61.899,65.876
Turkmenistan,TKM,2003,58.604,65.888
Turkmenistan,TKM,2004,55.433,65.615
Turkmenistan,TKM,2005,52.558,65.286
Turkmenistan,TKM,2006,50.13,65.673
Turkmenistan,TKM,2007,48.059,66.171
Turkmenistan,TKM,2008,46.373,66.985
Turkmenistan,TKM,2009,45.021,68.427
Turkmenistan,TKM,2010,44.031,69.122
Turkmenistan,TKM,2011,43.402,69.234
Turkmenistan,TKM,2012,42.947,69.313
Turkmenistan,TKM,2013,42.826,69.118
Turkmenistan,TKM,2014,42.935,68.916
Turkmenistan,TKM,2015,43.163,68.832
Turkmenistan,TKM,2016,43.548,68.964
Turkmenistan,TKM,2017,43.83,68.977
Turkmenistan,TKM,2018,43.821,69.078
Turkmenistan,TKM,2019,43.519,69.142
Turkmenistan,TKM,2020,42.878,68.474
Turkmenistan,TKM,2021,42.069,69.12
Turkmenistan,TKM,2022,41.139,
Turkmenistan,TKM,2023,40.156,
Turkmenistan,TKM,2024,39.005,
Timor-Leste,TLS,1985,271.75,
Timor-Leste,TLS,1986,264.03,
Timor-Leste,TLS,1987,245.462,
Timor-Leste,TLS,1988,243.034,
Timor-Leste,TLS,1989,232.071,
Timor-Leste,TLS,1990,228.0,
Timor-Leste,TLS,1991,224.337,
Timor-Leste,TLS,1992,212.781,
Timor-Leste,TLS,1993,201.538,
Timor-Leste,TLS,1994,193.054,
Timor-Leste,TLS,1995,193.61,
Timor-Leste,TLS,1996,184.774,
Timor-Leste,TLS,1997,176.353,
Timor-Leste,TLS,1998,178.015,
Timor-Leste,TLS,1999,200.594,
Timor-Leste,TLS,2000,111.504,62.866
Timor-Leste,TLS,2001,106.438,63.416
Timor-Leste,TLS,2002,101.495,63.922
Timor-Leste,TLS,2003,96.763,64.516
Timor-Leste,TLS,2004,92.252,65.11
Timor-Leste,TLS,2005,88.002,65.678
Timor-Leste,TLS,2006,84.01,65.991
Timor-Leste,TLS,2007,80.353,66.332
Timor-Leste,TLS,2008,76.939,66.577
Timor-Leste,TLS,2009,73.852,66.644
Timor-Leste,TLS,2010,70.991,67.004
Timor-Leste,TLS,2011,68.377,67.285
Timor-Leste,TLS,2012,65.923,67.451
Timor-Leste,TLS,2013,63.885,67.457
Timor-Leste,TLS,2014,61.939,67.483
Timor-Leste,TLS,2015,60.204,67.836
Timor-Leste,TLS,2016,58.666,68.074
Timor-Leste,TLS,2017,57.26,68.236
Timor-Leste,TLS,2018,56.028,68.368
Timor-Leste,TLS,2019,54.763,68.499
Timor-Leste,TLS,2020,53.408,68.917
Timor-Leste,TLS,2021,52.045,67.997
Timor-Leste,TLS,2022,50.675,
Timor-Leste,TLS,2023,49.15,
Timor-Leste,TLS,2024,47.622,
Tonga,TON,1963,78.68,
Tonga,TON,1964,73.756,
Tonga,TON,1965,68.955,
Tonga,TON,1966,64.678,
Tonga,TON,1967,60.446,
Tonga,TON,1968,56.422,
Tonga,TON,1969,52.667,
Tonga,TON,1970,49.27,
Tonga,TON,1971,46.244,
Tonga,TON,1972,43.501,
Tonga,TON,1973,41.123,
Tonga,TON,1974,38.976,
Tonga,TON,1975,37.007,
Tonga,TON,1976,35.244,
Tonga,TON,1977,33.616,
Tonga,TON,1978,32.18,
Tonga,TON,1979,30.842,
Tonga,TON,1980,29.634,
Tonga,TON,1981,28.637,
Tonga,TON,1982,27.76,
Tonga,TON,1983,27.024,
Tonga,TON,1984,26.334,
Tonga,TON,1985,25.701,
Tonga,TON,1986,25.085,
Tonga,TON,1987,24.42,
Tonga,TON,1988,23.703,
Tonga,TON,1989,22.919,
Tonga,TON,1990,22.11,
Tonga,TON,1991,21.307,
Tonga,TON,1992,20.548,
Tonga,TON,1993,19.886,
Tonga,TON,1994,19.316,
Tonga,TON,1995,18.835,
Tonga,TON,1996,18.426,
Tonga,TON,1997,18.06,
Tonga,TON,1998,17.706,
Tonga,TON,1999,17.317,
Tonga,TON,2000,16.912,70.954
Tonga,TON,2001,16.481,71.217
Tonga,TON,2002,16.018,71.252
Tonga,TON,2003,15.57,71.258
Tonga,TON,2004,15.154,71.443
Tonga,TON,2005,14.754,71.972
Tonga,TON,2006,14.378,72.018
Tonga,TON,2007,14.018,72.009
Tonga,TON,2008,13.674,72.002
Tonga,TON,2009,13.357,70.183
Tonga,TON,2010,13.064,72.115
Tonga,TON,2011,12.799,72.181
Tonga,TON,2012,12.556,72.245
Tonga,TON,2013,12.327,72.307
Tonga,TON,2014,12.088,72.382
Tonga,TON,2015,11.864,72.464
Tonga,TON,2016,11.609,72.56
Tonga,TON,2017,11.372,72.716
Tonga,TON,2018,11.137,72.844
Tonga,TON,2019,10.883,72.942
Tonga,TON,2020,10.638,73.187
Tonga,TON,2021,10.375,72.721
Tonga,TON,2022,10.088,
Tonga,TON,2023,9.789,
Tonga,TON,2024,9.513,
Trinidad and Tobago,TTO,1953,86.133,
Trinidad and Tobago,TTO,1954,83.402,
Trinidad and Tobago,TTO,1955,80.629,
Trinidad and Tobago,TTO,1956,77.993,
Trinidad and Tobago,TTO,1957,75.436,
Trinidad and Tobago,TTO,1958,72.961,
Trinidad and Tobago,TTO,1959,70.456,
Trinidad and Tobago,TTO,1960,68.14,
Trinidad and Tobago,TTO,1961,65.907,
Trinidad and Tobago,TTO,1962,63.844,
Trinidad and Tobago,TTO,1963,61.853,
Trinidad and Tobago,TTO,1964,60.046,
Trinidad and Tobago,TTO,1965,58.397,
Trinidad and Tobago,TTO,1966,56.904,
Trinidad and Tobago,TTO,1967,55.524,
Trinidad and Tobago,TTO,1968,54.253,
Trinidad and Tobago,TTO,1969,53.041,
Trinidad and Tobago,TTO,1970,51.893,
Trinidad and Tobago,TTO,1971,50.758,
Trinidad and Tobago,TTO,1972,49.609,
Trinidad and Tobago,TTO,1973,48.451,
Trinidad and Tobago,TTO,1974,47.261,
Trinidad and Tobago,TTO,1975,46.04,
Trinidad and Tobago,TTO,1976,44.838,
Trinidad and Tobago,TTO,1977,43.633,
Trinidad and Tobago,TTO,1978,42.439,
Trinidad and Tobago,TTO,1979,41.252,
Trinidad and Tobago,TTO,1980,40.111,
Trinidad and Tobago,TTO,1981,39.039,
Trinidad and Tobago,TTO,1982,38.018,
Trinidad and Tobago,TTO,1983,37.067,
Trinidad and Tobago,TTO,1984,36.206,
Trinidad and Tobago,TTO,1985,35.379,
Trinidad and Tobago,TTO,1986,34.627,
Trinidad and Tobago,TTO,1987,33.958,
Trinidad and Tobago,TTO,1988,33.331,
Trinidad and Tobago,TTO,1989,32.763,
Trinidad and Tobago,TTO,1990,32.275,
Trinidad and Tobago,TTO,1991,31.849,
Trinidad and Tobago,TTO,1992,31.427,
Trinidad and Tobago,TTO,1993,31.076,
Trinidad and Tobago,TTO,1994,30.746,
Trinidad and Tobago,TTO,1995,30.445,
Trinidad and Tobago,TTO,1996,30.141,
Trinidad and Tobago,TTO,1997,29.835,
Trinidad and Tobago,TTO,1998,29.532,
Trinidad and Tobago,TTO,1999,29.201,
Trinidad and Tobago,TTO,2000,28.845,70.42
Trinidad and Tobago,TTO,2001,28.493,70.556
Trinidad and Tobago,TTO,2002,28.124,71.088
Trinidad and Tobago,TTO,2003,27.716,70.965
Trinidad and Tobago,TTO,2004,27.323,71.349
Trinidad and Tobago,TTO,2005,26.924,71.675
Trinidad and Tobago,TTO,2006,26.502,72.209
Trinidad and Tobago,TTO,2007,26.069,72.395
Trinidad and Tobago,TTO,2008,25.654,72.036
Trinidad and Tobago,TTO,2009,25.256,72.841
Trinidad and Tobago,TTO,2010,24.815,73.323
Trinidad and Tobago,TTO,2011,24.376,74.015
Trinidad and Tobago,TTO,2012,23.944,74.645
Trinidad and Tobago,TTO,2013,23.537,74.317
Trinidad and Tobago,TTO,2014,23.128,74.316
Trinidad and Tobago,TTO,2015,22.724,74.354
Trinidad and Tobago,TTO,2016,22.345,73.835
Trinidad and Tobago,TTO,2017,21.964,74.005
Trinidad and Tobago,TTO,2018,21.574,73.995
Trinidad and Tobago,TTO,2019,21.176,74.093
Trinidad and Tobago,TTO,2020,20.805,73.636
Trinidad and Tobago,TTO,2021,20.359,71.707
Trinidad and Tobago,TTO,2022,19.872,
Trinidad and Tobago,TTO,2023,19.341,
Trinidad and Tobago,TTO,2024,18.779,
Tunisia,TUN,1962,272.519,
Tunisia,TUN,1963,260.209,
Tunisia,TUN,1964,248.108,
Tunisia,TUN,1965,236.172,
Tunisia,TUN,1966,224.578,
Tunisia,TUN,1967,212.966,
Tunisia,TUN,1968,201.811,
Tunisia,TUN,1969,191.118,
Tunisia,TUN,1970,180.941,
Tunisia,TUN,1971,171.238,
Tunisia,TUN,1972,161.887,
Tunisia,TUN,1973,152.698,
Tunisia,TUN,1974,143.584,
Tunisia,TUN,1975,134.507,
Tunisia,TUN,1976,125.814,
Tunisia,TUN,1977,117.371,
Tunisia,TUN,1978,109.476,
Tunisia,TUN,1979,102.257,
Tunisia,TUN,1980,95.785,
Tunisia,TUN,1981,89.853,
Tunisia,TUN,1982,84.489,
Tunisia,TUN,1983,79.571,
Tunisia,TUN,1984,75.035,
Tunisia,TUN,1985,70.801,
Tunisia,TUN,1986,66.938,
Tunisia,TUN,1987,63.446,
Tunisia,TUN,1988,60.275,
Tunisia,TUN,1989,57.484,
Tunisia,TUN,1990,54.882,
Tunisia,TUN,1991,52.428,
Tunisia,TUN,1992,49.901,
Tunisia,TUN,1993,47.395,
Tunisia,TUN,1994,44.778,
Tunisia,TUN,1995,42.025,
Tunisia,TUN,1996,39.23,
Tunisia,TUN,1997,36.464,
Tunisia,TUN,1998,33.828,
Tunisia,TUN,1999,31.367,
Tunisia,TUN,2000,29.152,74.301
Tunisia,TUN,2001,27.185,74.556
Tunisia,TUN,2002,25.466,74.758
Tunisia,TUN,2003,23.965,74.951
Tunisia,TUN,2004,22.68,75.173
Tunisia,TUN,2005,21.594,75.373
Tunisia,TUN,2006,20.691,75.575
Tunisia,TUN,2007,19.97,75.75
Tunisia,TUN,2008,19.409,75.927
Tunisia,TUN,2009,18.996,76.076
Tunisia,TUN,2010,18.71,76.215
Tunisia,TUN,2011,18.527,76.361
Tunisia,TUN,2012,18.403,76.525
Tunisia,TUN,2013,18.328,76.614
Tunisia,TUN,2014,18.278,76.697
Tunisia,TUN,2015,18.218,76.786
Tunisia,TUN,2016,18.116,76.914
Tunisia,TUN,2017,17.914,77.031
Tunisia,TUN,2018,17.523,77.232
Tunisia,TUN,2019,16.871,77.505
Tunisia,TUN,2020,15.989,77.122
Tunisia,TUN,2021,14.965,74.068
Tunisia,TUN,2022,13.897,
Tunisia,TUN,2023,12.908,
Tunisia,TUN,2024,12.071,
Türkiye,TUR,1953,290.344,
Türkiye,TUR,1954,286.25,
Türkiye,TUR,1955,281.998,
Türkiye,TUR,1956,277.865,
Türkiye,TUR,1957,273.207,
Türkiye,TUR,1958,267.734,
Türkiye,TUR,1959,261.667,
Türkiye,TUR,1960,254.703,
Türkiye,TUR,1961,246.917,
Türkiye,TUR,1962,238.787,
Türkiye,TUR,1963,230.638,
Türkiye,TUR,1964,222.794,
Türkiye,TUR,1965,215.301,
Türkiye,TUR,1966,208.489,
Türkiye,TUR,1967,202.296,
Türkiye,TUR,1968,196.576,
Türkiye,TUR,1969,191.021,
Türkiye,TUR,1970,185.641,
Türkiye,TUR,1971,180.433,
Türkiye,TUR,1972,175.047,
Türkiye,TUR,1973,169.507,
Türkiye,TUR,1974,163.855,
Türkiye,TUR,1975,158.01,
Türkiye,TUR,1976,152.113,
Türkiye,TUR,1977,146.166,
Türkiye,TUR,1978,140.173,
Türkiye,TUR,1979,134.107,
Türkiye,TUR,1980,127.992,
Türkiye,TUR,1981,121.858,
Türkiye,TUR,1982,115.793,
Türkiye,TUR,1983,109.739,
Türkiye,TUR,1984,103.906,
Türkiye,TUR,1985,98.304,
Türkiye,TUR,1986,93.002,
Türkiye,TUR,1987,87.951,
Türkiye,TUR,1988,83.067,
Türkiye,TUR,1989,78.426,
Türkiye,TUR,1990,73.859,
Türkiye,TUR,1991,69.444,
Türkiye,TUR,1992,65.179,
Türkiye,TUR,1993,61.061,
Türkiye,TUR,1994,57.131,
Türkiye,TUR,1995,53.356,
Türkiye,TUR,1996,49.81,
Türkiye,TUR,1997,46.388,
Türkiye,TUR,1998,43.115,
Türkiye,TUR,1999,40.074,
Türkiye,TUR,2000,37.193,73.315
Türkiye,TUR,2001,34.501,74.035
Türkiye,TUR,2002,31.955,74.774
Türkiye,TUR,2003,29.572,75.304
Türkiye,TUR,2004,27.366,75.834
Türkiye,TUR,2005,25.331,76.196
Türkiye,TUR,2006,23.48,76.538
Türkiye,TUR,2007,21.794,76.707
Türkiye,TUR,2008,20.264,76.655
Türkiye,TUR,2009,18.879,76.346
Türkiye,TUR,2010,17.643,76.507
Türkiye,TUR,2011,16.555,76.695
Türkiye,TUR,2012,15.582,76.836
Türkiye,TUR,2013,14.73,76.834
Türkiye,TUR,2014,13.974,76.749
Türkiye,TUR,2015,13.297,76.685
Türkiye,TUR,2016,12.702,76.666
Türkiye,TUR,2017,12.169,77.071
Türkiye,TUR,2018,11.699,77.558
Türkiye,TUR,2019,11.283,77.62
Türkiye,TUR,2020,10.904,76.175
Türkiye,TUR,2021,10.555,75.272
Türkiye,TUR,2022,10.222,
Türkiye,TUR,2023,13.804,
Türkiye,TUR,2024,9.607,
Tuvalu,TUV,1954,225.05,
Tuvalu,TUV,1955,216.009,
Tuvalu,TUV,1956,207.322,
Tuvalu,TUV,1957,199.315,
Tuvalu,TUV,1958,191.46,
Tuvalu,TUV,1959,183.977,
Tuvalu,TUV,1960,176.673,
Tuvalu,TUV,1961,169.504,
Tuvalu,TUV,1962,162.283,
Tuvalu,TUV,1963,155.345,
Tuvalu,TUV,1964,148.466,
Tuvalu,TUV,1965,141.822,
Tuvalu,TUV,1966,135.204,
Tuvalu,TUV,1967,128.785,
Tuvalu,TUV,1968,122.627,
Tuvalu,TUV,1969,116.574,
Tuvalu,TUV,1970,110.536,
Tuvalu,TUV,1971,104.721,
Tuvalu,TUV,1972,98.992,
Tuvalu,TUV,1973,93.317,
Tuvalu,TUV,1974,87.876,
Tuvalu,TUV,1975,82.904,
Tuvalu,TUV,1976,78.378,
Tuvalu,TUV,1977,74.344,
Tuvalu,TUV,1978,70.775,
Tuvalu,TUV,1979,67.679,
Tuvalu,TUV,1980,64.954,
Tuvalu,TUV,1981,62.651,
Tuvalu,TUV,1982,60.596,
Tuvalu,TUV,1983,58.965,
Tuvalu,TUV,1984,57.707,
Tuvalu,TUV,1985,56.7,
Tuvalu,TUV,1986,55.991,
Tuvalu,TUV,1987,55.457,
Tuvalu,TUV,1988,54.956,
Tuvalu,TUV,1989,54.53,
Tuvalu,TUV,1990,53.976,
Tuvalu,TUV,1991,53.422,
Tuvalu,TUV,1992,52.715,
Tuvalu,TUV,1993,51.885,
Tuvalu,TUV,1994,50.871,
Tuvalu,TUV,1995,49.716,
Tuvalu,TUV,1996,48.403,
Tuvalu,TUV,1997,46.971,
Tuvalu,TUV,1998,45.516,
Tuvalu,TUV,1999,44.096,
Tuvalu,TUV,2000,42.82,
Tuvalu,TUV,2001,41.756,
Tuvalu,TUV,2002,40.839,
Tuvalu,TUV,2003,39.97,
Tuvalu,TUV,2004,39.084,
Tuvalu,TUV,2005,38.104,
Tuvalu,TUV,2006,36.942,
Tuvalu,TUV,2007,35.611,
Tuvalu,TUV,2008,34.202,
Tuvalu,TUV,2009,32.801,
Tuvalu,TUV,2010,31.448,
Tuvalu,TUV,2011,30.199,
Tuvalu,TUV,2012,29.019,
Tuvalu,TUV,2013,27.969,
Tuvalu,TUV,2014,26.946,
Tuvalu,TUV,2015,26.026,
Tuvalu,TUV,2016,25.158,
Tuvalu,TUV,2017,24.322,
Tuvalu,TUV,2018,23.53,
Tuvalu,TUV,2019,22.725,
Tuvalu,TUV,2020,21.884,
Tuvalu,TUV,2021,21.19,
Tuvalu,TUV,2022,20.501,
Tuvalu,TUV,2023,19.807,
Tuvalu,TUV,2024,19.174,
United Republic of Tanzania,TZA,1951,256.746,
United Republic of Tanzania,TZA,1952,255.181,
United Republic of Tanzania,TZA,1953,253.308,
United Republic of Tanzania,TZA,1954,251.683,
United Republic of Tanzania,TZA,1955,249.804,
United Republic of Tanzania,TZA,1956,247.945,
United Republic of Tanzania,TZA,1957,246.022,
United Republic of Tanzania,TZA,1958,244.354,
United Republic of Tanzania,TZA,1959,242.639,
United Republic of Tanzania,TZA,1960,241.141,
United Republic of Tanzania,TZA,1961,239.392,
United Republic of Tanzania,TZA,1962,237.342,
United Republic of Tanzania,TZA,1963,235.132,
United Republic of Tanzania,TZA,1964,232.715,
United Republic of Tanzania,TZA,1965,230.03,
United Republic of Tanzania,TZA,1966,227.204,
United Republic of Tanzania,TZA,1967,224.359,
United Republic of Tanzania,TZA,1968,221.277,
United Republic of Tanzania,TZA,1969,218.209,
United Republic of Tanzania,TZA,1970,215.002,
United Republic of Tanzania,TZA,1971,211.769,
United Republic of Tanzania,TZA,1972,208.245,
United Republic of Tanzania,TZA,1973,204.602,
United Republic of Tanzania,TZA,1974,200.744,
United Republic of Tanzania,TZA,1975,196.559,
United Republic of Tanzania,TZA,1976,192.484,
United Republic of Tanzania,TZA,1977,188.409,
United Republic of Tanzania,TZA,1978,184.691,
United Republic of Tanzania,TZA,1979,181.687,
United Republic of Tanzania,TZA,1980,179.939,
United Republic of Tanzania,TZA,1981,179.007,
United Republic of Tanzania,TZA,1982,178.647,
United Republic of Tanzania,TZA,1983,178.683,
United Republic of Tanzania,TZA,1984,178.472,
United Republic of Tanzania,TZA,1985,177.757,
United Republic of Tanzania,TZA,1986,176.507,
United Republic of Tanzania,TZA,1987,174.728,
United Republic of Tanzania,TZA,1988,172.427,
United Republic of Tanzania,TZA,1989,170.025,
United Republic of Tanzania,TZA,1990,167.873,
United Republic of Tanzania,TZA,1991,165.653,
United Republic of Tanzania,TZA,1992,163.554,
United Republic of Tanzania,TZA,1993,161.418,
United Republic of Tanzania,TZA,1994,158.912,
United Republic of Tanzania,TZA,1995,155.988,
United Republic of Tanzania,TZA,1996,152.295,
United Republic of Tanzania,TZA,1997,147.655,
United Republic of Tanzania,TZA,1998,142.13,
United Republic of Tanzania,TZA,1999,135.501,
United Republic of Tanzania,TZA,2000,128.048,52.792
United Republic of Tanzania,TZA,2001,120.254,53.52
United Republic of Tanzania,TZA,2002,112.394,54.248
United Republic of Tanzania,TZA,2003,104.997,54.988
United Republic of Tanzania,TZA,2004,98.345,55.691
United Republic of Tanzania,TZA,2005,92.186,56.552
United Republic of Tanzania,TZA,2006,86.697,57.818
United Republic of Tanzania,TZA,2007,81.262,59.379
United Republic of Tanzania,TZA,2008,76.62,60.437
United Republic of Tanzania,TZA,2009,71.985,61.038
United Republic of Tanzania,TZA,2010,68.159,61.682
United Republic of Tanzania,TZA,2011,64.589,62.264
United Republic of Tanzania,TZA,2012,61.667,63.078
United Republic of Tanzania,TZA,2013,59.031,64.033
United Republic of Tanzania,TZA,2014,56.327,64.693
United Republic of Tanzania,TZA,2015,54.29,65.157
United Republic of Tanzania,TZA,2016,52.016,65.603
United Republic of Tanzania,TZA,2017,49.8,65.982
United Republic of Tanzania,TZA,2018,47.593,66.396
United Republic of Tanzania,TZA,2019,45.559,66.786
United Republic of Tanzania,TZA,2020,43.757,67.403
United Republic of Tanzania,TZA,2021,41.724,66.81
United Republic of Tanzania,TZA,2022,40.114,
United Republic of Tanzania,TZA,2023,38.487,
United Republic of Tanzania,TZA,2024,36.999,
Uganda,UGA,1953,253.909,
Uganda,UGA,1954,249.099,
Uganda,UGA,1955,244.597,
Uganda,UGA,1956,239.698,
Uganda,UGA,1957,234.956,
Uganda,UGA,1958,230.709,
Uganda,UGA,1959,226.477,
Uganda,UGA,1960,222.497,
Uganda,UGA,1961,218.992,
Uganda,UGA,1962,215.346,
Uganda,UGA,1963,212.287,
Uganda,UGA,1964,209.545,
Uganda,UGA,1965,206.588,
Uganda,UGA,1966,203.66,
Uganda,UGA,1967,200.6,
Uganda,UGA,1968,198.042,
Uganda,UGA,1969,195.86,
Uganda,UGA,1970,194.523,
Uganda,UGA,1971,194.288,
Uganda,UGA,1972,195.049,
Uganda,UGA,1973,197.146,
Uganda,UGA,1974,200.11,
Uganda,UGA,1975,203.981,
Uganda,UGA,1976,208.451,
Uganda,UGA,1977,212.777,
Uganda,UGA,1978,216.468,
Uganda,UGA,1979,218.707,
Uganda,UGA,1980,220.465,
Uganda,UGA,1981,218.87,
Uganda,UGA,1982,215.33,
Uganda,UGA,1983,210.206,
Uganda,UGA,1984,204.39,
Uganda,UGA,1985,199.352,
Uganda,UGA,1986,195.684,
Uganda,UGA,1987,192.635,
Uganda,UGA,1988,189.365,
Uganda,UGA,1989,186.134,
Uganda,UGA,1990,182.185,
Uganda,UGA,1991,177.728,
Uganda,UGA,1992,173.122,
Uganda,UGA,1993,168.951,
Uganda,UGA,1994,165.484,
Uganda,UGA,1995,162.657,
Uganda,UGA,1996,160.303,
Uganda,UGA,1997,157.748,
Uganda,UGA,1998,154.205,
Uganda,UGA,1999,149.578,
Uganda,UGA,2000,143.852,48.89
Uganda,UGA,2001,137.205,49.784
Uganda,UGA,2002,129.878,50.65
Uganda,UGA,2003,122.117,51.682
Uganda,UGA,2004,114.201,53.134
Uganda,UGA,2005,106.492,54.81
Uganda,UGA,2006,99.242,55.992
Uganda,UGA,2007,92.492,56.831
Uganda,UGA,2008,86.448,57.973
Uganda,UGA,2009,81.184,59.058
Uganda,UGA,2010,76.02,59.96
Uganda,UGA,2011,70.856,60.87
Uganda,UGA,2012,66.508,61.801
Uganda,UGA,2013,62.846,62.718
Uganda,UGA,2014,60.201,63.494
Uganda,UGA,2015,57.882,64.216
Uganda,UGA,2016,55.629,64.675
Uganda,UGA,2017,54.031,65.217
Uganda,UGA,2018,52.736,65.719
Uganda,UGA,2019,51.644,66.088
Uganda,UGA,2020,50.863,66.299
Uganda,UGA,2021,50.162,65.986
Uganda,UGA,2022,49.982,
Uganda,UGA,2023,49.376,
Uganda,UGA,2024,48.71,
Ukraine,UKR,1971,32.826,
Ukraine,UKR,1972,31.739,
Ukraine,UKR,1973,30.783,
Ukraine,UKR,1974,29.899,
Ukraine,UKR,1975,29.143,
Ukraine,UKR,1976,28.537,
Ukraine,UKR,1977,27.958,
Ukraine,UKR,1978,27.421,
Ukraine,UKR,1979,26.824,
Ukraine,UKR,1980,26.133,
Ukraine,UKR,1981,25.382,
Ukraine,UKR,1982,24.564,
Ukraine,UKR,1983,23.707,
Ukraine,UKR,1984,22.803,
Ukraine,UKR,1985,21.934,
Ukraine,UKR,1986,21.074,
Ukraine,UKR,1987,20.362,
Ukraine,UKR,1988,19.784,
Ukraine,UKR,1989,19.392,
Ukraine,UKR,1990,19.205,
Ukraine,UKR,1991,19.222,
Ukraine,UKR,1992,19.383,
Ukraine,UKR,1993,19.659,
Ukraine,UKR,1994,19.932,
Ukraine,UKR,1995,20.119,
Ukraine,UKR,1996,20.128,
Ukraine,UKR,1997,19.923,
Ukraine,UKR,1998,19.514,
Ukraine,UKR,1999,18.92,
Ukraine,UKR,2000,18.187,67.555
Ukraine,UKR,2001,17.39,67.712
Ukraine,UKR,2002,16.577,67.494
Ukraine,UKR,2003,15.822,67.525
Ukraine,UKR,2004,15.124,67.43
Ukraine,UKR,2005,14.51,67.106
Ukraine,UKR,2006,13.961,67.785
Ukraine,UKR,2007,13.424,67.592
Ukraine,UKR,2008,12.865,67.906
Ukraine,UKR,2009,12.284,69.493
Ukraine,UKR,2010,11.712,70.149
Ukraine,UKR,2011,11.162,70.933
Ukraine,UKR,2012,10.656,71.094
Ukraine,UKR,2013,10.203,71.553
Ukraine,UKR,2014,9.8,70.891
Ukraine,UKR,2015,9.451,72.149
Ukraine,UKR,2016,9.15,72.629
Ukraine,UKR,2017,8.898,73.001
Ukraine,UKR,2018,8.684,72.718
Ukraine,UKR,2019,8.503,73.004
Ukraine,UKR,2020,8.352,72.498
Ukraine,UKR,2021,8.218,70.907
Ukraine,UKR,2022,8.494,
Ukraine,UKR,2023,8.047,
Ukraine,UKR,2024,7.888,
Uruguay,URY,1949,63.677,
Uruguay,URY,1950,62.537,
Uruguay,URY,1951,61.572,
Uruguay,URY,1952,60.854,
Uruguay,URY,1953,60.454,
Uruguay,URY,1954,60.508,
Uruguay,URY,1955,61.113,
Uruguay,URY,1956,62.07,
Uruguay,URY,1957,63.107,
Uruguay,URY,1958,63.891,
Uruguay,URY,1959,64.085,
Uruguay,URY,1960,63.381,
Uruguay,URY,1961,62.02,
Uruguay,URY,1962,60.537,
Uruguay,URY,1963,59.254,
Uruguay,URY,1964,58.312,
Uruguay,URY,1965,57.77,
Uruguay,URY,1966,57.434,
Uruguay,URY,1967,56.979,
Uruguay,URY,1968,56.214,
Uruguay,URY,1969,55.228,
Uruguay,URY,1970,54.14,
Uruguay,URY,1971,53.316,
Uruguay,URY,1972,53.21,
Uruguay,URY,1973,53.909,
Uruguay,URY,1974,54.737,
Uruguay,URY,1975,54.955,
Uruguay,URY,1976,54.098,
Uruguay,URY,1977,51.86,
Uruguay,URY,1978,48.352,
Uruguay,URY,1979,44.137,
Uruguay,URY,1980,39.797,
Uruguay,URY,1981,35.93,
Uruguay,URY,1982,32.987,
Uruguay,URY,1983,31.024,
Uruguay,URY,1984,29.616,
Uruguay,URY,1985,28.427,
Uruguay,URY,1986,27.292,
Uruguay,URY,1987,26.187,
Uruguay,URY,1988,25.12,
Uruguay,URY,1989,24.223,
Uruguay,URY,1990,23.601,
Uruguay,URY,1991,23.195,
Uruguay,URY,1992,22.864,
Uruguay,URY,1993,22.49,
Uruguay,URY,1994,21.98,
Uruguay,URY,1995,21.253,
Uruguay,URY,1996,20.346,
Uruguay,URY,1997,19.358,
Uruguay,URY,1998,18.399,
Uruguay,URY,1999,17.58,
Uruguay,URY,2000,16.984,74.879
Uruguay,URY,2001,16.56,74.928
Uruguay,URY,2002,16.18,75.111
Uruguay,URY,2003,15.742,74.809
Uruguay,URY,2004,15.174,75.26
Uruguay,URY,2005,14.432,75.65
Uruguay,URY,2006,13.579,76.332
Uruguay,URY,2007,12.723,75.381
Uruguay,URY,2008,11.944,76.393
Uruguay,URY,2009,11.29,76.671
Uruguay,URY,2010,10.784,76.482
Uruguay,URY,2011,10.387,76.597
Uruguay,URY,2012,10.035,76.406
Uruguay,URY,2013,9.68,76.702
Uruguay,URY,2014,9.294,77.15
Uruguay,URY,2015,8.874,77.099
Uruguay,URY,2016,8.443,76.845
Uruguay,URY,2017,8.044,77.339
Uruguay,URY,2018,7.708,77.037
Uruguay,URY,2019,7.461,77.014
Uruguay,URY,2020,7.326,77.794
Uruguay,URY,2021,7.287,74.983
Uruguay,URY,2022,7.321,
Uruguay,URY,2023,7.388,
Uruguay,URY,2024,7.447,
United States of America,USA,1949,38.658,
United States of America,USA,1950,37.622,
United States of America,USA,1951,36.613,
United States of America,USA,1952,35.623,
United States of America,USA,1953,34.673,
United States of America,USA,1954,33.791,
United States of America,USA,1955,33.004,
United States of America,USA,1956,32.319,
United States of America,USA,1957,31.706,
United States of America,USA,1958,31.144,
United States of America,USA,1959,30.605,
United States of America,USA,1960,30.056,
United States of America,USA,1961,29.492,
United States of America,USA,1962,28.918,
United States of America,USA,1963,28.332,
United States of America,USA,1964,27.723,
United States of America,USA,1965,27.083,
United States of America,USA,1966,26.401,
United States of America,USA,1967,25.677,
United States of America,USA,1968,24.914,
United States of America,USA,1969,24.102,
United States of America,USA,1970,23.252,
United States of America,USA,1971,22.369,
United States of America,USA,1972,21.472,
United States of America,USA,1973,20.568,
United States of America,USA,1974,19.668,
United States of America,USA,1975,18.778,
United States of America,USA,1976,17.919,
United States of America,USA,1977,17.097,
United States of America,USA,1978,16.33,
United States of America,USA,1979,15.622,
United States of America,USA,1980,14.972,
United States of America,USA,1981,14.385,
United States of America,USA,1982,13.862,
United States of America,USA,1983,13.414,
United States of America,USA,1984,13.032,
United States of America,USA,1985,12.704,
United States of America,USA,1986,12.416,
United States of America,USA,1987,12.144,
United States of America,USA,1988,11.868,
United States of America,USA,1989,11.567,
United States of America,USA,1990,11.234,
United States of America,USA,1991,10.875,
United States of America,USA,1992,10.502,
United States of America,USA,1993,10.132,
United States of America,USA,1994,9.781,
United States of America,USA,1995,9.463,
United States of America,USA,1996,9.182,
United States of America,USA,1997,8.944,
United States of America,USA,1998,8.748,
United States of America,USA,1999,8.585,
United States of America,USA,2000,8.447,76.658
United States of America,USA,2001,8.33,76.75
United States of America,USA,2002,8.231,76.85
United States of America,USA,2003,8.142,76.99
United States of America,USA,2004,8.056,77.397
United States of America,USA,2005,7.963,77.385
United States of America,USA,2006,7.856,77.683
United States of America,USA,2007,7.735,77.941
United States of America,USA,2008,7.598,78.049
United States of America,USA,2009,7.451,78.424
United States of America,USA,2010,7.306,78.607
United States of America,USA,2011,7.167,78.654
United States of America,USA,2012,7.042,78.771
United States of America,USA,2013,6.935,78.76
United States of America,USA,2014,6.839,78.8
United States of America,USA,2015,6.753,78.611
United States of America,USA,2016,6.674,78.557
United States of America,USA,2017,6.602,78.501
United States of America,USA,2018,6.54,78.629
United States of America,USA,2019,6.494,78.739
United States of America,USA,2020,6.47,76.893
United States of America,USA,2021,6.465,76.374
United States of America,USA,2022,6.473,
United States of America,USA,2023,6.483,
United States of America,USA,2024,6.472,
Uzbekistan,UZB,1979,125.809,
Uzbekistan,UZB,1980,117.138,
Uzbekistan,UZB,1981,109.077,
Uzbekistan,UZB,1982,101.66,
Uzbekistan,UZB,1983,94.979,
Uzbekistan,UZB,1984,89.029,
Uzbekistan,UZB,1985,83.766,
Uzbekistan,UZB,1986,79.282,
Uzbekistan,UZB,1987,75.606,
Uzbekistan,UZB,1988,72.78,
Uzbekistan,UZB,1989,70.854,
Uzbekistan,UZB,1990,69.763,
Uzbekistan,UZB,1991,69.342,
Uzbekistan,UZB,1992,69.358,
Uzbekistan,UZB,1993,69.358,
Uzbekistan,UZB,1994,69.057,
Uzbekistan,UZB,1995,68.457,
Uzbekistan,UZB,1996,67.617,
Uzbekistan,UZB,1997,66.56,
Uzbekistan,UZB,1998,65.041,
Uzbekistan,UZB,1999,63.047,
Uzbekistan,UZB,2000,60.73,61.677
Uzbekistan,UZB,2001,58.044,62.166
Uzbekistan,UZB,2002,55.042,62.192
Uzbekistan,UZB,2003,51.9,62.743
Uzbekistan,UZB,2004,48.568,63.424
Uzbekistan,UZB,2005,45.177,63.2
Uzbekistan,UZB,2006,41.865,64.196
Uzbekistan,UZB,2007,38.632,64.797
Uzbekistan,UZB,2008,35.515,65.441
Uzbekistan,UZB,2009,32.563,66.28
Uzbekistan,UZB,2010,29.835,66.716
Uzbekistan,UZB,2011,27.343,67.181
Uzbekistan,UZB,2012,25.048,67.644
Uzbekistan,UZB,2013,23.024,68.372
Uzbekistan,UZB,2014,21.255,68.815
Uzbekistan,UZB,2015,19.715,69.426
Uzbekistan,UZB,2016,18.399,69.958
Uzbekistan,UZB,2017,17.308,70.403
Uzbekistan,UZB,2018,16.413,71.466
Uzbekistan,UZB,2019,15.687,72.27
Uzbekistan,UZB,2020,15.093,71.361
Uzbekistan,UZB,2021,14.594,72.189
Uzbekistan,UZB,2022,14.143,
Uzbekistan,UZB,2023,13.73,
Uzbekistan,UZB,2024,13.355,
Saint Vincent and the Grenadines,VCT,1969,60.313,
Saint Vincent and the Grenadines,VCT,1970,64.213,
Saint Vincent and the Grenadines,VCT,1971,68.218,
Saint Vincent and the Grenadines,VCT,1972,72.035,
Saint Vincent and the Grenadines,VCT,1973,75.193,
Saint Vincent and the Grenadines,VCT,1974,77.047,
Saint Vincent and the Grenadines,VCT,1975,76.99,
Saint Vincent and the Grenadines,VCT,1976,74.59,
Saint Vincent and the Grenadines,VCT,1977,70.284,
Saint Vincent and the Grenadines,VCT,1978,64.905,
Saint Vincent and the Grenadines,VCT,1979,59.156,
Saint Vincent and the Grenadines,VCT,1980,53.511,
Saint Vincent and the Grenadines,VCT,1981,48.219,
Saint Vincent and the Grenadines,VCT,1982,43.425,
Saint Vincent and the Grenadines,VCT,1983,39.147,
Saint Vincent and the Grenadines,VCT,1984,35.37,
Saint Vincent and the Grenadines,VCT,1985,32.185,
Saint Vincent and the Grenadines,VCT,1986,29.614,
Saint Vincent and the Grenadines,VCT,1987,27.545,
Saint Vincent and the Grenadines,VCT,1988,25.923,
Saint Vincent and the Grenadines,VCT,1989,24.689,
Saint Vincent and the Grenadines,VCT,1990,23.772,
Saint Vincent and the Grenadines,VCT,1991,23.085,
Saint Vincent and the Grenadines,VCT,1992,22.612,
Saint Vincent and the Grenadines,VCT,1993,22.353,
Saint Vincent and the Grenadines,VCT,1994,22.256,
Saint Vincent and the Grenadines,VCT,1995,22.263,
Saint Vincent and the Grenadines,VCT,1996,22.335,
Saint Vincent and the Grenadines,VCT,1997,22.432,
Saint Vincent and the Grenadines,VCT,1998,22.511,
Saint Vincent and the Grenadines,VCT,1999,22.547,
Saint Vincent and the Grenadines,VCT,2000,22.56,71.662
Saint Vincent and the Grenadines,VCT,2001,22.57,71.903
Saint Vincent and the Grenadines,VCT,2002,22.578,72.011
Saint Vincent and the Grenadines,VCT,2003,22.619,72.243
Saint Vincent and the Grenadines,VCT,2004,22.687,72.367
Saint Vincent and the Grenadines,VCT,2005,22.754,72.56
Saint Vincent and the Grenadines,VCT,2006,22.776,72.926
Saint Vincent and the Grenadines,VCT,2007,22.699,73.253
Saint Vincent and the Grenadines,VCT,2008,22.445,73.517
Saint Vincent and the Grenadines,VCT,2009,22.006,73.562
Saint Vincent and the Grenadines,VCT,2010,21.405,73.483
Saint Vincent and the Grenadines,VCT,2011,20.701,73.21
Saint Vincent and the Grenadines,VCT,2012,19.903,72.987
Saint Vincent and the Grenadines,VCT,2013,19.061,72.605
Saint Vincent and the Grenadines,VCT,2014,18.21,72.736
Saint Vincent and the Grenadines,VCT,2015,17.374,72.795
Saint Vincent and the Grenadines,VCT,2016,16.563,72.982
Saint Vincent and the Grenadines,VCT,2017,15.767,73.091
Saint Vincent and the Grenadines,VCT,2018,15.001,73.179
Saint Vincent and the Grenadines,VCT,2019,14.271,73.108
Saint Vincent and the Grenadines,VCT,2020,13.585,72.747
Saint Vincent and the Grenadines,VCT,2021,12.922,72.557
Saint Vincent and the Grenadines,VCT,2022,12.296,
Saint Vincent and the Grenadines,VCT,2023,11.76,
Saint Vincent and the Grenadines,VCT,2024,11.277,
Venezuela (Bolivarian Republic of),VEN,1951,118.833,
Venezuela (Bolivarian Republic of),VEN,1952,113.447,
Venezuela (Bolivarian Republic of),VEN,1953,108.162,
Venezuela (Bolivarian Republic of),VEN,1954,103.308,
Venezuela (Bolivarian Republic of),VEN,1955,98.759,
Venezuela (Bolivarian Republic of),VEN,1956,94.451,
Venezuela (Bolivarian Republic of),VEN,1957,90.375,
Venezuela (Bolivarian Republic of),VEN,1958,86.63,
Venezuela (Bolivarian Republic of),VEN,1959,83.221,
Venezuela (Bolivarian Republic of),VEN,1960,80.232,
Venezuela (Bolivarian Republic of),VEN,1961,77.559,
Venezuela (Bolivarian Republic of),VEN,1962,75.294,
Venezuela (Bolivarian Republic of),VEN,1963,73.338,
Venezuela (Bolivarian Republic of),VEN,1964,71.628,
Venezuela (Bolivarian Republic of),VEN,1965,70.171,
Venezuela (Bolivarian Republic of),VEN,1966,68.82,
Venezuela (Bolivarian Republic of),VEN,1967,67.509,
Venezuela (Bolivarian Republic of),VEN,1968,66.176,
Venezuela (Bolivarian Republic of),VEN,1969,64.671,
Venezuela (Bolivarian Republic of),VEN,1970,63.032,
Venezuela (Bolivarian Republic of),VEN,1971,61.239,
Venezuela (Bolivarian Republic of),VEN,1972,59.351,
Venezuela (Bolivarian Republic of),VEN,1973,57.488,
Venezuela (Bolivarian Republic of),VEN,1974,55.661,
Venezuela (Bolivarian Republic of),VEN,1975,53.816,
Venezuela (Bolivarian Republic of),VEN,1976,51.953,
Venezuela (Bolivarian Republic of),VEN,1977,50.046,
Venezuela (Bolivarian Republic of),VEN,1978,48.126,
Venezuela (Bolivarian Republic of),VEN,1979,46.167,
Venezuela (Bolivarian Republic of),VEN,1980,44.197,
Venezuela (Bolivarian Republic of),VEN,1981,42.321,
Venezuela (Bolivarian Republic of),VEN,1982,40.582,
Venezuela (Bolivarian Republic of),VEN,1983,39.036,
Venezuela (Bolivarian Republic of),VEN,1984,37.635,
Venezuela (Bolivarian Republic of),VEN,1985,36.298,
Venezuela (Bolivarian Republic of),VEN,1986,34.971,
Venezuela (Bolivarian Republic of),VEN,1987,33.596,
Venezuela (Bolivarian Republic of),VEN,1988,32.219,
Venezuela (Bolivarian Republic of),VEN,1989,30.835,
Venezuela (Bolivarian Republic of),VEN,1990,29.583,
Venezuela (Bolivarian Republic of),VEN,1991,28.589,
Venezuela (Bolivarian Republic of),VEN,1992,27.837,
Venezuela (Bolivarian Republic of),VEN,1993,27.272,
Venezuela (Bolivarian Republic of),VEN,1994,26.819,
Venezuela (Bolivarian Republic of),VEN,1995,26.271,
Venezuela (Bolivarian Republic of),VEN,1996,25.462,
Venezuela (Bolivarian Republic of),VEN,1997,24.456,
Venezuela (Bolivarian Republic of),VEN,1998,23.389,
Venezuela (Bolivarian Republic of),VEN,1999,22.381,
Venezuela (Bolivarian Republic of),VEN,2000,21.52,74.032
Venezuela (Bolivarian Republic of),VEN,2001,20.871,73.897
Venezuela (Bolivarian Republic of),VEN,2002,20.342,74.255
Venezuela (Bolivarian Republic of),VEN,2003,19.792,73.647
Venezuela (Bolivarian Republic of),VEN,2004,19.155,74.41
Venezuela (Bolivarian Republic of),VEN,2005,18.498,74.712
Venezuela (Bolivarian Republic of),VEN,2006,17.907,74.691
Venezuela (Bolivarian Republic of),VEN,2007,17.446,74.529
Venezuela (Bolivarian Republic of),VEN,2008,17.17,74.28
Venezuela (Bolivarian Republic of),VEN,2009,17.104,74.569
Venezuela (Bolivarian Republic of),VEN,2010,17.185,74.662
Venezuela (Bolivarian Republic of),VEN,2011,17.354,74.589
Venezuela (Bolivarian Republic of),VEN,2012,17.597,74.445
Venezuela (Bolivarian Republic of),VEN,2013,17.912,74.601
Venezuela (Bolivarian Republic of),VEN,2014,18.285,74.056
Venezuela (Bolivarian Republic of),VEN,2015,19.12,73.938
Venezuela (Bolivarian Republic of),VEN,2016,24.2,72.39
Venezuela (Bolivarian Republic of),VEN,2017,24.2,72.984
Venezuela (Bolivarian Republic of),VEN,2018,24.2,72.818
Venezuela (Bolivarian Republic of),VEN,2019,24.2,72.714
Venezuela (Bolivarian Republic of),VEN,2020,24.2,72.404
Venezuela (Bolivarian Republic of),VEN,2021,24.2,71.221
Venezuela (Bolivarian Republic of),VEN,2022,24.2,
Venezuela (Bolivarian Republic of),VEN,2023,24.2,
Venezuela (Bolivarian Republic of),VEN,2024,24.2,
British Virgin Islands,VGB,1955,122.124,
British Virgin Islands,VGB,1956,115.142,
British Virgin Islands,VGB,1957,108.321,
British Virgin Islands,VGB,1958,102.039,
British Virgin Islands,VGB,1959,96.095,
British Virgin Islands,VGB,1960,90.455,
British Virgin Islands,VGB,1961,85.031,
British Virgin Islands,VGB,1962,79.928,
British Virgin Islands,VGB,1963,75.028,
British Virgin Islands,VGB,1964,70.335,
British Virgin Islands,VGB,1965,65.993,
British Virgin Islands,VGB,1966,61.908,
British Virgin Islands,VGB,1967,58.111,
British Virgin Islands,VGB,1968,54.606,
British Virgin Islands,VGB,1969,51.379,
British Virgin Islands,VGB,1970,48.564,
British Virgin Islands,VGB,1971,46.012,
British Virgin Islands,VGB,1972,43.825,
British Virgin Islands,VGB,1973,42.007,
British Virgin Islands,VGB,1974,40.438,
British Virgin Islands,VGB,1975,39.131,
British Virgin Islands,VGB,1976,38.04,
British Virgin Islands,VGB,1977,37.09,
British Virgin Islands,VGB,1978,36.224,
British Virgin Islands,VGB,1979,35.388,
British Virgin Islands,VGB,1980,34.525,
British Virgin Islands,VGB,1981,33.594,
British Virgin Islands,VGB,1982,32.535,
British Virgin Islands,VGB,1983,31.411,
British Virgin Islands,VGB,1984,30.257,
British Virgin Islands,VGB,1985,29.061,
British Virgin Islands,VGB,1986,27.801,
British Virgin Islands,VGB,1987,26.549,
British Virgin Islands,VGB,1988,25.306,
British Virgin Islands,VGB,1989,24.101,
British Virgin Islands,VGB,1990,22.949,
British Virgin Islands,VGB,1991,21.898,
British Virgin Islands,VGB,1992,20.972,
British Virgin Islands,VGB,1993,20.162,
British Virgin Islands,VGB,1994,19.429,
British Virgin Islands,VGB,1995,18.851,
British Virgin Islands,VGB,1996,18.325,
British Virgin Islands,VGB,1997,17.865,
British Virgin Islands,VGB,1998,17.486,
British Virgin Islands,VGB,1999,17.148,
British Virgin Islands,VGB,2000,16.839,
British Virgin Islands,VGB,2001,16.579,
British Virgin Islands,VGB,2002,16.351,
British Virgin Islands,VGB,2003,16.145,
British Virgin Islands,VGB,2004,15.992,
British Virgin Islands,VGB,2005,15.855,
British Virgin Islands,VGB,2006,15.759,
British Virgin Islands,VGB,2007,15.703,
British Virgin Islands,VGB,2008,15.664,
British Virgin Islands,VGB,2009,15.644,
British Virgin Islands,VGB,2010,15.635,
British Virgin Islands,VGB,2011,15.631,
British Virgin Islands,VGB,2012,15.635,
British Virgin Islands,VGB,2013,15.624,
British Virgin Islands,VGB,2014,15.604,
British Virgin Islands,VGB,2015,15.473,
British Virgin Islands,VGB,2016,15.231,
British Virgin Islands,VGB,2017,14.925,
British Virgin Islands,VGB,2018,14.595,
British Virgin Islands,VGB,2019,14.213,
British Virgin Islands,VGB,2020,13.844,
British Virgin Islands,VGB,2021,13.52,
British Virgin Islands,VGB,2022,13.125,
British Virgin Islands,VGB,2023,12.738,
British Virgin Islands,VGB,2024,12.376,
Viet Nam,VNM,1964,99.379,
Viet Nam,VNM,1965,102.947,
Viet Nam,VNM,1966,103.282,
Viet Nam,VNM,1967,103.88,
Viet Nam,VNM,1968,120.134,
Viet Nam,VNM,1969,111.271,
Viet Nam,VNM,1970,110.418,
Viet Nam,VNM,1971,107.626,
Viet Nam,VNM,1972,122.391,
Viet Nam,VNM,1973,106.589,
Viet Nam,VNM,1974,109.884,
Viet Nam,VNM,1975,78.523,
Viet Nam,VNM,1976,76.874,
Viet Nam,VNM,1977,75.165,
Viet Nam,VNM,1978,73.375,
Viet Nam,VNM,1979,71.629,
Viet Nam,VNM,1980,69.916,
Viet Nam,VNM,1981,68.245,
Viet Nam,VNM,1982,66.711,
Viet Nam,VNM,1983,65.245,
Viet Nam,VNM,1984,63.763,
Viet Nam,VNM,1985,62.178,
Viet Nam,VNM,1986,60.422,
Viet Nam,VNM,1987,58.503,
Viet Nam,VNM,1988,56.333,
Viet Nam,VNM,1989,54.019,
Viet Nam,VNM,1990,51.573,
Viet Nam,VNM,1991,49.086,
Viet Nam,VNM,1992,46.557,
Viet Nam,VNM,1993,44.068,
Viet Nam,VNM,1994,41.672,
Viet Nam,VNM,1995,39.364,
Viet Nam,VNM,1996,37.198,
Viet Nam,VNM,1997,35.219,
Viet Nam,VNM,1998,33.397,
Viet Nam,VNM,1999,31.765,
Viet Nam,VNM,2000,30.279,71.874
Viet Nam,VNM,2001,29.01,71.98
Viet Nam,VNM,2002,27.901,72.06
Viet Nam,VNM,2003,26.921,72.112
Viet Nam,VNM,2004,26.086,72.153
Viet Nam,VNM,2005,25.375,72.177
Viet Nam,VNM,2006,24.777,72.237
Viet Nam,VNM,2007,24.277,72.301
Viet Nam,VNM,2008,23.828,72.352
Viet Nam,VNM,2009,23.449,72.411
Viet Nam,VNM,2010,23.113,72.488
Viet Nam,VNM,2011,22.813,72.613
Viet Nam,VNM,2012,22.546,72.74
Viet Nam,VNM,2013,22.251,72.84
Viet Nam,VNM,2014,21.951,72.951
Viet Nam,VNM,2015,21.635,73.031
Viet Nam,VNM,2016,21.286,73.214
Viet Nam,VNM,2017,20.888,73.401
Viet Nam,VNM,2018,20.468,73.561
Viet Nam,VNM,2019,20.01,73.71
Viet Nam,VNM,2020,19.492,74.776
Viet Nam,VNM,2021,18.944,73.797
Viet Nam,VNM,2022,18.38,
Viet Nam,VNM,2023,17.825,
Viet Nam,VNM,2024,17.273,
Vanuatu,VUT,1952,178.811,
Vanuatu,VUT,1953,175.781,
Vanuatu,VUT,1954,172.829,
Vanuatu,VUT,1955,169.641,
Vanuatu,VUT,1956,166.502,
Vanuatu,VUT,1957,163.3,
Vanuatu,VUT,1958,160.064,
Vanuatu,VUT,1959,156.544,
Vanuatu,VUT,1960,152.996,
Vanuatu,VUT,1961,149.178,
Vanuatu,VUT,1962,145.017,
Vanuatu,VUT,1963,140.732,
Vanuatu,VUT,1964,136.284,
Vanuatu,VUT,1965,131.635,
Vanuatu,VUT,1966,126.723,
Vanuatu,VUT,1967,122.087,
Vanuatu,VUT,1968,117.243,
Vanuatu,VUT,1969,112.496,
Vanuatu,VUT,1970,108.019,
Vanuatu,VUT,1971,103.637,
Vanuatu,VUT,1972,99.379,
Vanuatu,VUT,1973,95.291,
Vanuatu,VUT,1974,91.438,
Vanuatu,VUT,1975,87.754,
Vanuatu,VUT,1976,84.087,
Vanuatu,VUT,1977,80.196,
Vanuatu,VUT,1978,76.27,
Vanuatu,VUT,1979,72.132,
Vanuatu,VUT,1980,67.909,
Vanuatu,VUT,1981,63.606,
Vanuatu,VUT,1982,59.253,
Vanuatu,VUT,1983,55.001,
Vanuatu,VUT,1984,51.029,
Vanuatu,VUT,1985,47.398,
Vanuatu,VUT,1986,44.165,
Vanuatu,VUT,1987,41.342,
Vanuatu,VUT,1988,38.932,
Vanuatu,VUT,1989,36.889,
Vanuatu,VUT,1990,35.103,
Vanuatu,VUT,1991,33.593,
Vanuatu,VUT,1992,32.271,
Vanuatu,VUT,1993,31.143,
Vanuatu,VUT,1994,30.222,
Vanuatu,VUT,1995,29.408,
Vanuatu,VUT,1996,28.701,
Vanuatu,VUT,1997,28.092,
Vanuatu,VUT,1998,27.576,
Vanuatu,VUT,1999,27.082,
Vanuatu,VUT,2000,26.604,64.926
Vanuatu,VUT,2001,26.148,64.98
Vanuatu,VUT,2002,25.726,65.04
Vanuatu,VUT,2003,25.324,65.087
Vanuatu,VUT,2004,24.959,65.146
Vanuatu,VUT,2005,24.548,65.24
Vanuatu,VUT,2006,24.059,65.371
Vanuatu,VUT,2007,23.452,65.518
Vanuatu,VUT,2008,22.696,65.69
Vanuatu,VUT,2009,21.901,65.894
Vanuatu,VUT,2010,21.1,66.084
Vanuatu,VUT,2011,20.349,66.262
Vanuatu,VUT,2012,19.695,66.432
Vanuatu,VUT,2013,19.206,66.607
Vanuatu,VUT,2014,18.846,66.711
Vanuatu,VUT,2015,18.594,66.79
Vanuatu,VUT,2016,18.43,66.918
Vanuatu,VUT,2017,18.301,66.981
Vanuatu,VUT,2018,18.226,67.047
Vanuatu,VUT,2019,18.148,67.13
Vanuatu,VUT,2020,18.084,67.098
Vanuatu,VUT,2021,17.995,66.348
Vanuatu,VUT,2022,17.787,
Vanuatu,VUT,2023,17.503,
Vanuatu,VUT,2024,17.144,
World,WORLD,1980,118.985,
World,WORLD,1981,115.778,
World,WORLD,1982,112.449,
World,WORLD,1983,111.319,
World,WORLD,1984,109.024,
World,WORLD,1985,106.314,
World,WORLD,1986,103.082,
World,WORLD,1987,99.394,
World,WORLD,1988,99.794,
World,WORLD,1989,95.423,
World,WORLD,1990,93.515,
World,WORLD,1991,92.941,
World,WORLD,1992,92.314,
World,WORLD,1993,91.122,
World,WORLD,1994,89.383,
World,WORLD,1995,87.494,
World,WORLD,1996,86.443,
World,WORLD,1997,84.329,
World,WORLD,1998,82.785,
World,WORLD,1999,79.446,
World,WORLD,2000,76.682,66.771
World,WORLD,2001,74.328,67.099
World,WORLD,2002,71.309,67.358
World,WORLD,2003,68.334,67.617
World,WORLD,2004,65.84,67.953
World,WORLD,2005,62.326,68.387
World,WORLD,2006,59.56,68.985
World,WORLD,2007,56.953,69.425
World,WORLD,2008,54.695,69.701
World,WORLD,2009,52.916,70.218
World,WORLD,2010,50.589,70.498
World,WORLD,2011,49.512,70.933
World,WORLD,2012,46.705,71.308
World,WORLD,2013,45.06,71.66
World,WORLD,2014,43.916,71.946
World,WORLD,2015,42.876,72.186
World,WORLD,2016,41.723,72.439
World,WORLD,2017,40.887,72.675
World,WORLD,2018,39.962,72.889
World,WORLD,2019,39.566,73.123
World,WORLD,2020,39.156,72.45
World,WORLD,2021,39.608,71.369
World,WORLD,2022,39.977,
World,WORLD,2023,38.334,
World,WORLD,2024,37.367,
Samoa,WSM,1940,193.148,
Samoa,WSM,1941,189.442,
Samoa,WSM,1942,185.62,
Samoa,WSM,1943,181.792,
Samoa,WSM,1944,178.092,
Samoa,WSM,1945,174.211,
Samoa,WSM,1946,170.437,
Samoa,WSM,1947,166.747,
Samoa,WSM,1948,162.946,
Samoa,WSM,1949,158.962,
Samoa,WSM,1950,154.931,
Samoa,WSM,1951,150.499,
Samoa,WSM,1952,145.869,
Samoa,WSM,1953,141.062,
Samoa,WSM,1954,136.122,
Samoa,WSM,1955,131.061,
Samoa,WSM,1956,125.967,
Samoa,WSM,1957,120.884,
Samoa,WSM,1958,115.953,
Samoa,WSM,1959,111.177,
Samoa,WSM,1960,106.805,
Samoa,WSM,1961,102.686,
Samoa,WSM,1962,98.726,
Samoa,WSM,1963,95.097,
Samoa,WSM,1964,110.983,
Samoa,WSM,1965,88.495,
Samoa,WSM,1966,85.233,
Samoa,WSM,1967,81.886,
Samoa,WSM,1968,78.495,
Samoa,WSM,1969,74.939,
Samoa,WSM,1970,71.607,
Samoa,WSM,1971,68.242,
Samoa,WSM,1972,64.995,
Samoa,WSM,1973,61.868,
Samoa,WSM,1974,58.911,
Samoa,WSM,1975,56.093,
Samoa,WSM,1976,53.335,
Samoa,WSM,1977,50.682,
Samoa,WSM,1978,48.145,
Samoa,WSM,1979,45.766,
Samoa,WSM,1980,43.634,
Samoa,WSM,1981,41.689,
Samoa,WSM,1982,39.936,
Samoa,WSM,1983,38.314,
Samoa,WSM,1984,36.77,
Samoa,WSM,1985,35.345,
Samoa,WSM,1986,33.961,
Samoa,WSM,1987,32.723,
Samoa,WSM,1988,31.58,
Samoa,WSM,1989,30.551,
Samoa,WSM,1990,29.609,
Samoa,WSM,1991,28.732,
Samoa,WSM,1992,27.802,
Samoa,WSM,1993,26.885,
Samoa,WSM,1994,25.955,
Samoa,WSM,1995,25.041,
Samoa,WSM,1996,24.199,
Samoa,WSM,1997,23.355,
Samoa,WSM,1998,22.515,
Samoa,WSM,1999,21.713,
Samoa,WSM,2000,20.958,69.605
Samoa,WSM,2001,20.303,69.776
Samoa,WSM,2002,19.783,69.933
Samoa,WSM,2003,19.406,70.059
Samoa,WSM,2004,19.149,70.175
Samoa,WSM,2005,19.013,70.246
Samoa,WSM,2006,18.965,70.432
Samoa,WSM,2007,18.987,70.471
Samoa,WSM,2008,19.029,70.483
Samoa,WSM,2009,25.328,68.731
Samoa,WSM,2010,19.053,70.489
Samoa,WSM,2011,18.969,70.501
Samoa,WSM,2012,18.847,70.275
Samoa,WSM,2013,18.661,70.24
Samoa,WSM,2014,18.467,70.132
Samoa,WSM,2015,18.273,70.019
Samoa,WSM,2016,18.067,69.921
Samoa,WSM,2017,17.819,69.985
Samoa,WSM,2018,17.489,70.093
Samoa,WSM,2019,20.004,69.992
Samoa,WSM,2020,16.686,70.195
Samoa,WSM,2021,16.228,70.274
Samoa,WSM,2022,15.784,
Samoa,WSM,2023,15.331,
Samoa,WSM,2024,14.862,
Kosovo (in accordance with UN Security Council resolution 1244 (1999)),XKX,1985,147.936,
Kosovo (in accordance with UN Security Council resolution 1244 (1999)),XKX,1986,137.82,
Kosovo (in accordance with UN Security Council resolution 1244 (1999)),XKX,1987,128.531,
Kosovo (in accordance with UN Security Council resolution 1244 (1999)),XKX,1988,119.968,
Kosovo (in accordance with UN Security Council resolution 1244 (1999)),XKX,1989,111.885,
Kosovo (in accordance with UN Security Council resolution 1244 (1999)),XKX,1990,104.425,
Kosovo (in accordance with UN Security Council resolution 1244 (1999)),XKX,1991,97.537,
Kosovo (in accordance with UN Security Council resolution 1244 (1999)),XKX,1992,91.041,
Kosovo (in accordance with UN Security Council resolution 1244 (1999)),XKX,1993,84.772,
Kosovo (in accordance with UN Security Council resolution 1244 (1999)),XKX,1994,78.861,
Kosovo (in accordance with UN Security Council resolution 1244 (1999)),XKX,1995,73.163,
Kosovo (in accordance with UN Security Council resolution 1244 (1999)),XKX,1996,67.725,
Kosovo (in accordance with UN Security Council resolution 1244 (1999)),XKX,1997,62.577,
Kosovo (in accordance with UN Security Council resolution 1244 (1999)),XKX,1998,57.562,
Kosovo (in accordance with UN Security Council resolution 1244 (1999)),XKX,1999,52.809,
Kosovo (in accordance with UN Security Council resolution 1244 (1999)),XKX,2000,48.358,
Kosovo (in accordance with UN Security Council resolution 1244 (1999)),XKX,2001,44.156,
Kosovo (in accordance with UN Security Council resolution 1244 (1999)),XKX,2002,40.288,
Kosovo (in accordance with UN Security Council resolution 1244 (1999)),XKX,2003,36.732,
Kosovo (in accordance with UN Security Council resolution 1244 (1999)),XKX,2004,33.475,
Kosovo (in accordance with UN Security Council resolution 1244 (1999)),XKX,2005,30.569,
Kosovo (in accordance with UN Security Council resolution 1244 (1999)),XKX,2006,27.983,
Kosovo (in accordance with UN Security Council resolution 1244 (1999)),XKX,2007,25.668,
Kosovo (in accordance with UN Security Council resolution 1244 (1999)),XKX,2008,23.577,
Kosovo (in accordance with UN Security Council resolution 1244 (1999)),XKX,2009,21.745,
Kosovo (in accordance with UN Security Council resolution 1244 (1999)),XKX,2010,20.1,
Kosovo (in accordance with UN Security Council resolution 1244 (1999)),XKX,2011,18.67,
Kosovo (in accordance with UN Security Council resolution 1244 (1999)),XKX,2012,17.387,
Kosovo (in accordance with UN Security Council resolution 1244 (1999)),XKX,2013,16.258,
Kosovo (in accordance with UN Security Council resolution 1244 (1999)),XKX,2014,15.239,
Kosovo (in accordance with UN Security Council resolution 1244 (1999)),XKX,2015,14.303,
Kosovo (in accordance with UN Security Council resolution 1244 (1999)),XKX,2016,13.436,
Kosovo (in accordance with UN Security Council resolution 1244 (1999)),XKX,2017,12.626,
Kosovo (in accordance with UN Security Council resolution 1244 (1999)),XKX,2018,11.858,
Kosovo (in accordance with UN Security Council resolution 1244 (1999)),XKX,2019,11.152,
Kosovo (in accordance with UN Security Council resolution 1244 (1999)),XKX,2020,10.52,
Kosovo (in accordance with UN Security Council resolution 1244 (1999)),XKX,2021,9.972,
Kosovo (in accordance with UN Security Council resolution 1244 (1999)),XKX,2022,9.499,
Kosovo (in accordance with UN Security Council resolution 1244 (1999)),XKX,2023,9.093,
Kosovo (in accordance with UN Security Council resolution 1244 (1999)),XKX,2024,8.723,
Yemen,YEM,1957,456.322,
Yemen,YEM,1958,449.165,
Yemen,YEM,1959,441.973,
Yemen,YEM,1960,434.445,
Yemen,YEM,1961,427.294,
Yemen,YEM,1962,420.126,
Yemen,YEM,1963,412.273,
Yemen,YEM,1964,403.812,
Yemen,YEM,1965,394.38,
Yemen,YEM,1966,383.675,
Yemen,YEM,1967,371.885,
Yemen,YEM,1968,359.32,
Yemen,YEM,1969,346.477,
Yemen,YEM,1970,333.464,
Yemen,YEM,1971,320.952,
Yemen,YEM,1972,308.992,
Yemen,YEM,1973,297.464,
Yemen,YEM,1974,285.691,
Yemen,YEM,1975,273.761,
Yemen,YEM,1976,261.383,
Yemen,YEM,1977,248.578,
Yemen,YEM,1978,235.57,
Yemen,YEM,1979,222.416,
Yemen,YEM,1980,209.394,
Yemen,YEM,1981,196.644,
Yemen,YEM,1982,184.567,
Yemen,YEM,1983,173.189,
Yemen,YEM,1984,162.97,
Yemen,YEM,1985,154.105,
Yemen,YEM,1986,146.503,
Yemen,YEM,1987,139.914,
Yemen,YEM,1988,134.292,
Yemen,YEM,1989,129.41,
Yemen,YEM,1990,125.231,
Yemen,YEM,1991,121.562,
Yemen,YEM,1992,118.369,
Yemen,YEM,1993,115.501,
Yemen,YEM,1994,112.894,
Yemen,YEM,1995,110.454,
Yemen,YEM,1996,107.898,
Yemen,YEM,1997,104.972,
Yemen,YEM,1998,101.463,
Yemen,YEM,1999,97.418,
Yemen,YEM,2000,92.909,63.082
Yemen,YEM,2001,88.203,63.624
Yemen,YEM,2002,83.498,64.163
Yemen,YEM,2003,78.963,64.674
Yemen,YEM,2004,74.657,65.206
Yemen,YEM,2005,70.609,65.751
Yemen,YEM,2006,66.855,66.278
Yemen,YEM,2007,63.403,66.735
Yemen,YEM,2008,60.217,67.194
Yemen,YEM,2009,57.459,67.585
Yemen,YEM,2010,55.011,67.957
Yemen,YEM,2011,53.104,68.13
Yemen,YEM,2012,51.575,68.268
Yemen,YEM,2013,49.645,68.754
Yemen,YEM,2014,48.656,68.717
Yemen,YEM,2015,49.279,68.253
Yemen,YEM,2016,47.945,67.689
Yemen,YEM,2017,47.466,67.676
Yemen,YEM,2018,47.252,66.389
Yemen,YEM,2019,46.122,66.899
Yemen,YEM,2020,43.398,66.513
Yemen,YEM,2021,42.636,65.762
Yemen,YEM,2022,41.088,
Yemen,YEM,2023,39.485,
Yemen,YEM,2024,38.143,
South Africa,ZAF,1974,132.257,
South Africa,ZAF,1975,124.86,
South Africa,ZAF,1976,117.755,
South Africa,ZAF,1977,111.068,
South Africa,ZAF,1978,104.718,
South Africa,ZAF,1979,98.782,
South Africa,ZAF,1980,93.452,
South Africa,ZAF,1981,88.497,
South Africa,ZAF,1982,83.789,
South Africa,ZAF,1983,79.629,
South Africa,ZAF,1984,75.899,
South Africa,ZAF,1985,72.307,
South Africa,ZAF,1986,68.893,
South Africa,ZAF,1987,65.667,
South Africa,ZAF,1988,62.671,
South Africa,ZAF,1989,60.08,
South Africa,ZAF,1990,58.1,
South Africa,ZAF,1991,56.773,
South Africa,ZAF,1992,56.244,
South Africa,ZAF,1993,56.619,
South Africa,ZAF,1994,57.78,
South Africa,ZAF,1995,59.186,
South Africa,ZAF,1996,60.895,
South Africa,ZAF,1997,62.893,
South Africa,ZAF,1998,65.802,
South Africa,ZAF,1999,68.725,
South Africa,ZAF,2000,71.369,57.119
South Africa,ZAF,2001,74.548,55.867
South Africa,ZAF,2002,76.969,54.32
South Africa,ZAF,2003,79.202,52.934
South Africa,ZAF,2004,80.69,52.247
South Africa,ZAF,2005,79.752,52.032
South Africa,ZAF,2006,76.873,52.108
South Africa,ZAF,2007,71.227,52.91
South Africa,ZAF,2008,63.742,53.913
South Africa,ZAF,2009,56.853,55.27
South Africa,ZAF,2010,50.254,57.097
South Africa,ZAF,2011,45.576,59.1
South Africa,ZAF,2012,43.052,60.815
South Africa,ZAF,2013,41.391,62.085
South Africa,ZAF,2014,39.749,62.783
South Africa,ZAF,2015,38.2,63.263
South Africa,ZAF,2016,36.838,63.877
South Africa,ZAF,2017,35.705,64.748
South Africa,ZAF,2018,34.889,65.315
South Africa,ZAF,2019,34.33,65.837
South Africa,ZAF,2020,33.891,64.304
South Africa,ZAF,2021,33.97,61.499
South Africa,ZAF,2022,34.306,
South Africa,ZAF,2023,34.758,
South Africa,ZAF,2024,35.065,
Zambia,ZMB,1952,237.546,
Zambia,ZMB,1953,233.8,
Zambia,ZMB,1954,229.201,
Zambia,ZMB,1955,225.2,
Zambia,ZMB,1956,221.073,
Zambia,ZMB,1957,216.925,
Zambia,ZMB,1958,213.047,
Zambia,ZMB,1959,209.006,
Zambia,ZMB,1960,205.037,
Zambia,ZMB,1961,201.277,
Zambia,ZMB,1962,197.837,
Zambia,ZMB,1963,194.757,
Zambia,ZMB,1964,192.207,
Zambia,ZMB,1965,190.324,
Zambia,ZMB,1966,188.849,
Zambia,ZMB,1967,187.799,
Zambia,ZMB,1968,186.285,
Zambia,ZMB,1969,183.88,
Zambia,ZMB,1970,180.179,
Zambia,ZMB,1971,175.41,
Zambia,ZMB,1972,169.973,
Zambia,ZMB,1973,164.649,
Zambia,ZMB,1974,159.82,
Zambia,ZMB,1975,156.214,
Zambia,ZMB,1976,154.014,
Zambia,ZMB,1977,153.518,
Zambia,ZMB,1978,153.877,
Zambia,ZMB,1979,154.326,
Zambia,ZMB,1980,154.949,
Zambia,ZMB,1981,155.589,
Zambia,ZMB,1982,156.826,
Zambia,ZMB,1983,158.994,
Zambia,ZMB,1984,162.099,
Zambia,ZMB,1985,165.763,
Zambia,ZMB,1986,169.798,
Zambia,ZMB,1987,173.679,
Zambia,ZMB,1988,176.888,
Zambia,ZMB,1989,179.363,
Zambia,ZMB,1990,180.65,
Zambia,ZMB,1991,180.869,
Zambia,ZMB,1992,180.237,
Zambia,ZMB,1993,178.501,
Zambia,ZMB,1994,175.785,
Zambia,ZMB,1995,172.205,
Zambia,ZMB,1996,168.683,
Zambia,ZMB,1997,165.572,
Zambia,ZMB,1998,162.451,
Zambia,ZMB,1999,158.052,
Zambia,ZMB,2000,151.756,44.527
Zambia,ZMB,2001,143.188,44.992
Zambia,ZMB,2002,132.855,45.804
Zambia,ZMB,2003,122.091,47.102
Zambia,ZMB,2004,111.714,48.773
Zambia,ZMB,2005,102.659,50.261
Zambia,ZMB,2006,94.768,51.763
Zambia,ZMB,2007,89.073,53.577
Zambia,ZMB,2008,84.232,55.356
Zambia,ZMB,2009,78.423,56.616
Zambia,ZMB,2010,74.334,57.427
Zambia,ZMB,2011,71.84,58.023
Zambia,ZMB,2012,69.215,58.685
Zambia,ZMB,2013,65.984,59.355
Zambia,ZMB,2014,62.576,59.98
Zambia,ZMB,2015,60.16,60.414
Zambia,ZMB,2016,57.138,60.961
Zambia,ZMB,2017,55.153,61.285
Zambia,ZMB,2018,54.675,61.412
Zambia,ZMB,2019,53.476,61.763
Zambia,ZMB,2020,52.471,61.832
Zambia,ZMB,2021,50.354,60.969
Zambia,ZMB,2022,49.485,
Zambia,ZMB,2023,49.134,
Zambia,ZMB,2024,48.365,
Zimbabwe,ZWE,1954,166.915,
Zimbabwe,ZWE,1955,164.824,
Zimbabwe,ZWE,1956,162.69,
Zimbabwe,ZWE,1957,160.554,
Zimbabwe,ZWE,1958,158.301,
Zimbabwe,ZWE,1959,155.949,
Zimbabwe,ZWE,1960,153.453,
Zimbabwe,ZWE,1961,150.379,
Zimbabwe,ZWE,1962,147.08,
Zimbabwe,ZWE,1963,143.579,
Zimbabwe,ZWE,1964,139.892,
Zimbabwe,ZWE,1965,135.848,
Zimbabwe,ZWE,1966,132.067,
Zimbabwe,ZWE,1967,128.54,
Zimbabwe,ZWE,1968,125.781,
Zimbabwe,ZWE,1969,123.856,
Zimbabwe,ZWE,1970,122.275,
Zimbabwe,ZWE,1971,120.952,
Zimbabwe,ZWE,1972,120.178,
Zimbabwe,ZWE,1973,119.906,
Zimbabwe,ZWE,1974,120.265,
Zimbabwe,ZWE,1975,120.869,
Zimbabwe,ZWE,1976,121.234,
Zimbabwe,ZWE,1977,121.486,
Zimbabwe,ZWE,1978,121.83,
Zimbabwe,ZWE,1979,121.625,
Zimbabwe,ZWE,1980,120.025,
Zimbabwe,ZWE,1981,115.806,
Zimbabwe,ZWE,1982,109.75,
Zimbabwe,ZWE,1983,102.757,
Zimbabwe,ZWE,1984,95.757,
Zimbabwe,ZWE,1985,89.354,
Zimbabwe,ZWE,1986,84.457,
Zimbabwe,ZWE,1987,81.347,
Zimbabwe,ZWE,1988,80.16,
Zimbabwe,ZWE,1989,81.219,
Zimbabwe,ZWE,1990,84.014,
Zimbabwe,ZWE,1991,87.943,
Zimbabwe,ZWE,1992,92.346,
Zimbabwe,ZWE,1993,97.471,
Zimbabwe,ZWE,1994,102.735,
Zimbabwe,ZWE,1995,104.225,
Zimbabwe,ZWE,1996,108.05,
Zimbabwe,ZWE,1997,100.73,
Zimbabwe,ZWE,1998,97.108,
Zimbabwe,ZWE,1999,99.691,
Zimbabwe,ZWE,2000,99.392,45.745
Zimbabwe,ZWE,2001,96.313,45.432
Zimbabwe,ZWE,2002,93.838,45.113
Zimbabwe,ZWE,2003,91.876,45.013
Zimbabwe,ZWE,2004,91.202,45.153
Zimbabwe,ZWE,2005,91.634,45.707
Zimbabwe,ZWE,2006,87.64,46.409
Zimbabwe,ZWE,2007,90.582,47.349
Zimbabwe,ZWE,2008,91.12,48.327
Zimbabwe,ZWE,2009,89.819,49.66
Zimbabwe,ZWE,2010,85.249,51.418
Zimbabwe,ZWE,2011,77.165,53.278
Zimbabwe,ZWE,2012,67.991,54.902
Zimbabwe,ZWE,2013,62.634,56.084
Zimbabwe,ZWE,2014,59.824,56.957
Zimbabwe,ZWE,2015,59.237,57.493
Zimbabwe,ZWE,2016,57.517,57.918
Zimbabwe,ZWE,2017,56.741,58.239
Zimbabwe,ZWE,2018,56.338,58.698
Zimbabwe,ZWE,2019,58.64,59.072
Zimbabwe,ZWE,2020,61.654,59.405
Zimbabwe,ZWE,2021,62.375,58.481
Zimbabwe,ZWE,2022,64.036,
Zimbabwe,ZWE,2023,64.198,
Zimbabwe,ZWE,2024,64.661,
